Date,AAPL,BAC,COST,GEHC,GOOG,HSBC,JNJ,JPM,KR,META,PFE,SOXX,SPY,WMT,^GSPC
2018-04-09,39.94931411743164,24.705129623413086,165.4412384033203,,50.35905456542969,30.2766170501709,103.66719055175781,88.75633239746094,19.854917526245117,156.70030212402344,23.404369354248047,53.2011833190918,230.643310546875,25.402873992919922,2613.159912109375
2018-04-10,40.701072692871094,25.209657669067383,164.6697235107422,,51.16196823120117,30.612815856933594,104.28369140625,90.45263671875,19.787437438964844,163.7549285888672,23.727779388427734,54.902435302734375,234.3106689453125,25.452926635742188,2656.8701171875
2018-04-11,40.510799407958984,24.729944229125977,165.65652465820312,,50.58321762084961,30.701627731323242,103.78728485107422,88.93318176269531,19.804304122924805,165.02499389648438,23.622177124023438,54.924007415771484,233.08233642578125,25.2939453125,2642.18994140625
2018-04-12,40.91017150878906,25.350255966186523,169.39768981933594,,51.205108642578125,31.145647048950195,104.42781066894531,91.14405822753906,19.905515670776367,162.5940399169922,23.97198486328125,55.959556579589844,234.9999237060547,25.152616500854492,2663.989990234375
2018-04-13,41.04877853393555,24.64723777770996,169.4783935546875,,51.044429779052734,31.16468620300293,104.57990264892578,88.67591857910156,20.015169143676758,163.2389678955078,23.97198486328125,55.54656219482422,234.3106689453125,25.326324462890625,2656.300048828125
2018-04-16,41.30484390258789,24.754758834838867,174.56515502929688,,51.476375579833984,30.917301177978516,105.49263763427734,88.60356903076172,20.386287689208984,163.5465850830078,24.110586166381836,55.64519500732422,236.2371063232422,25.567750930786133,2677.840087890625
2018-04-17,41.87336349487305,24.84573745727539,175.83909606933594,,53.27064895629883,30.980730056762695,104.51585388183594,88.60356903076172,20.43689727783203,167.3467559814453,23.978588104248047,56.699222564697266,238.7644805908203,25.87984275817871,2706.389892578125
2018-04-18,41.77938461303711,24.423921585083008,176.2965850830078,,53.16749954223633,30.80946159362793,102.25806427001953,87.88806915283203,20.73210334777832,165.06466674804688,24.084190368652344,56.14139938354492,238.94122314453125,25.78268051147461,2708.639892578125
2018-04-19,40.595367431640625,24.96153450012207,175.00473022460938,,53.942138671875,31.342302322387695,102.12196350097656,89.81754302978516,20.394723892211914,166.79110717773438,24.110586166381836,53.7127799987793,237.61566162109375,25.87689971923828,2693.1298828125
2018-04-20,38.93208694458008,25.027700424194336,173.6500701904297,,53.21113967895508,31.475513458251953,101.40937042236328,89.61656951904297,20.3441162109375,164.9852752685547,24.176593780517578,53.077903747558594,235.6009063720703,25.608976364135742,2670.139892578125
2018-04-23,38.81930923461914,25.07732391357422,173.46168518066406,,52.937889099121094,31.684846878051758,101.54549407958984,89.18241882324219,20.90922737121582,164.5487060546875,24.288795471191406,52.372127532958984,235.56549072265625,25.349878311157227,2670.2900390625
2018-04-24,38.27898025512695,24.969802856445312,172.7080535888672,,50.583709716796875,31.703880310058594,101.03307342529297,88.76437377929688,21.406871795654297,158.4466094970703,24.46040153503418,51.94989776611328,232.3931121826172,25.476478576660156,2634.56005859375
2018-04-25,38.44577407836914,24.928443908691406,174.01792907714844,,50.64322280883789,31.792678833007812,101.48943328857422,88.42670440673828,21.617727279663086,158.4466094970703,24.209598541259766,51.88518142700195,232.96743774414062,25.664913177490234,2639.39990234375
2018-04-26,38.57970428466797,24.87055015563965,175.17520141601562,,51.57854080200195,31.691179275512695,102.4902572631836,88.51515197753906,21.617727279663086,172.80393981933594,24.321788787841797,52.94536590576172,235.3358154296875,25.891616821289062,2666.93994140625
2018-04-27,38.133323669433594,24.93671226501465,176.35939025878906,,51.08311080932617,31.86244773864746,102.69841003417969,87.95237731933594,21.52495002746582,172.23838806152344,24.420808792114258,52.575531005859375,235.55665588378906,25.700241088867188,2669.909912109375
2018-04-30,38.82401657104492,24.74648094177246,176.87974548339844,,50.45228958129883,31.881484985351562,101.27327728271484,87.45390319824219,21.246610641479492,170.66075134277344,24.16339111328125,51.999202728271484,233.74513244628906,26.04471778869629,2648.050048828125
2018-05-01,39.72611999511719,24.771299362182617,176.33248901367188,,51.443153381347656,31.79902458190918,100.88895416259766,87.45390319824219,20.88392448425293,172.5062713623047,23.364768981933594,52.8529167175293,234.16043090820312,25.735572814941406,2654.800048828125
2018-05-02,41.48102951049805,24.46527862548828,174.0447998046875,,50.801918029785156,31.691179275512695,98.87934875488281,86.76251983642578,20.706802368164062,174.69903564453125,23.02815818786621,52.618682861328125,232.58741760253906,25.42053985595703,2635.669921875
2018-05-03,41.55620193481445,24.15098762512207,173.15660095214844,,50.769187927246094,31.615062713623047,98.50304412841797,86.21582794189453,20.13325309753418,172.66502380371094,22.94235610961914,52.93303680419922,232.07492065429688,25.38814926147461,2629.72998046875
2018-05-04,43.18660354614258,24.23369026184082,175.1123809814453,,51.98371505737305,31.069534301757812,99.43179321289062,87.17253875732422,20.36098861694336,175.23484802246094,22.99515724182129,54.17509078979492,235.0794677734375,25.770902633666992,2663.419921875
2018-05-07,43.499053955078125,24.51490020751953,173.2014923095703,,52.31004333496094,30.949012756347656,98.95140075683594,87.9282455444336,20.226028442382812,176.58425903320312,23.054555892944336,54.69902038574219,235.87478637695312,25.164390563964844,2672.6298828125
2018-05-08,43.70814895629883,24.754758834838867,174.47547912597656,,52.26639938354492,30.847518920898438,98.16679382324219,89.23067474365234,20.318809509277344,177.52685546875,23.087554931640625,55.02263259887695,235.87478637695312,25.24388313293457,2671.919921875
2018-05-09,44.015892028808594,25.408157348632812,175.87493896484375,,53.697147369384766,31.42477035522461,98.88736724853516,91.17623138427734,20.54654312133789,181.23776245117188,23.212961196899414,55.860923767089844,238.1547393798828,24.454837799072266,2697.7900390625
2018-05-10,44.64549255371094,25.548765182495117,175.8570098876953,,54.431617736816406,31.672149658203125,100.36051940917969,91.8836898803711,20.54654312133789,184.08538818359375,23.35291862487793,56.87798309326172,240.38156127929688,24.499271392822266,2723.070068359375
2018-05-11,44.4756965637207,25.573577880859375,176.13587951660156,,54.46583557128906,31.830732345581055,101.87374877929688,91.53799438476562,20.723674774169922,185.5340118408203,23.65949058532715,56.4619140625,241.11512756347656,24.703704833984375,2727.719970703125
2018-05-14,44.37193298339844,25.738996505737305,176.24386596679688,,54.56204605102539,31.85610580444336,100.9289779663086,91.57015228271484,20.96528434753418,185.186767578125,23.8994197845459,57.15228271484375,241.22998046875,25.002948760986328,2730.1298828125
2018-05-15,43.96866226196289,25.82170295715332,175.88397216796875,,53.52208709716797,31.837072372436523,100.18440246582031,90.87071228027344,20.982240676879883,182.8848114013672,23.78611946105957,56.53280258178711,239.56858825683594,25.041458129882812,2711.449951171875
2018-05-16,44.37900924682617,25.689367294311523,178.79017639160156,,53.64805221557617,31.913204193115234,100.36051940917969,91.11994171142578,21.14331817626953,181.77354431152344,23.77945327758789,57.26015090942383,240.57611083984375,25.51846694946289,2722.4599609375
2018-05-17,44.09836959838867,25.482593536376953,179.59097290039062,,53.49034881591797,31.804275512695312,99.1595687866211,90.81443786621094,21.448511123657227,182.32916259765625,23.799448013305664,57.09373092651367,240.37271118164062,25.032577514648438,2720.1298828125
2018-05-18,43.93800735473633,25.027700424194336,179.01513671875,,52.883827209472656,31.89398193359375,99.47180938720703,89.34321594238281,21.10092544555664,181.257568359375,23.7528018951416,56.277000427246094,239.77186584472656,24.78073501586914,2712.969970703125
2018-05-21,44.249290466308594,25.26755142211914,179.60899353027344,,53.5394401550293,32.015716552734375,99.05548095703125,90.16323852539062,20.99919319152832,183.0535125732422,23.85943031311035,56.84098815917969,241.57461547851562,25.03849983215332,2733.010009765625
2018-05-22,44.13846206665039,25.548765182495117,179.02406311035156,,53.05095291137695,32.3616943359375,98.40696716308594,90.85462188720703,20.93985366821289,182.3688507080078,23.80611228942871,57.158443450927734,240.9029998779297,24.70074462890625,2724.43994140625
2018-05-23,44.42146682739258,25.176570892333984,178.27732849121094,,53.544898986816406,31.88116455078125,98.83930206298828,90.43658447265625,20.82964324951172,185.4447021484375,23.97273063659668,57.46664047241211,241.56576538085938,24.594083786010742,2733.2900390625
2018-05-24,44.37193298339844,24.986343383789062,178.95211791992188,,53.522586822509766,31.605669021606445,97.87855529785156,89.42359924316406,20.821157455444336,184.48226928710938,23.919414520263672,57.69778823852539,241.07090759277344,24.546680450439453,2727.760009765625
2018-05-25,44.47334289550781,24.944988250732422,178.47525024414062,,53.34504318237305,31.483930587768555,97.975341796875,88.96536254882812,20.863550186157227,183.4801483154297,23.77945327758789,58.163177490234375,240.4965057373047,24.431135177612305,2721.330078125
2018-05-29,44.31298065185547,23.952476501464844,177.0176544189453,,52.584285736083984,30.85604476928711,96.30570220947266,85.16264343261719,20.770299911499023,184.2937774658203,23.79279327392578,57.81181716918945,237.7305145263672,24.413347244262695,2689.860107421875
2018-05-30,44.21864700317383,24.390836715698242,179.6269073486328,,52.955238342285156,31.16358184814453,97.57205200195312,87.10821533203125,21.177227020263672,186.20870971679688,24.02604866027832,58.187828063964844,240.9029998779297,24.922954559326172,2724.010009765625
2018-05-31,44.070064544677734,24.116785049438477,178.36727905273438,,53.8077392578125,30.997005462646484,96.4831314086914,86.03095245361328,20.626174926757812,190.28671264648438,23.946063995361328,57.76559066772461,239.42721557617188,24.454835891723633,2705.27001953125
2018-06-01,44.86482238769531,24.415748596191406,177.36859130859375,,55.519195556640625,31.24686622619629,97.80594635009766,87.14844512939453,20.702476501464844,192.47952270507812,24.159339904785156,59.08160400390625,241.7778778076172,24.588157653808594,2734.6201171875
2018-06-04,45.23979187011719,24.415748596191406,178.7091827392578,,56.500633239746094,31.44548225402832,98.36249542236328,87.18861389160156,20.982240676879883,191.77503967285156,24.292638778686523,59.55006408691406,242.92669677734375,25.308109283447266,2746.8701171875
2018-06-05,45.58883285522461,24.183218002319336,178.0074005126953,,56.51898193359375,31.214839935302734,97.98340606689453,86.69820404052734,21.117881774902344,191.4376983642578,24.285974502563477,59.83360290527344,243.10342407226562,25.071090698242188,2748.800048828125
2018-06-06,45.7468376159668,24.947250366210938,177.8454132080078,,56.38112258911133,31.61847496032715,99.0400161743164,88.72417449951172,20.922895431518555,189.8501739501953,24.245981216430664,60.21268081665039,245.13584899902344,25.053319931030273,2772.35009765625
2018-06-07,45.624210357666016,24.988779067993164,182.26324462890625,,55.73541259765625,31.599254608154297,99.4755859375,89.07789611816406,21.177227020263672,186.71475219726562,24.31929588317871,59.676429748535156,245.10939025878906,25.168869018554688,2770.3701171875
2018-06-08,45.20914077758789,24.922334671020508,183.3338623046875,,55.587127685546875,31.637693405151367,100.0643539428711,89.32714080810547,21.49937629699707,187.62759399414062,24.439260482788086,59.14323806762695,245.83404541015625,24.994060516357422,2779.030029296875
2018-06-11,45.09830093383789,24.963863372802734,183.999755859375,,56.03942108154297,31.580039978027344,98.93515014648438,89.1020278930664,21.651975631713867,190.048583984375,24.192663192749023,59.029212951660156,246.1609649658203,24.976276397705078,2782.0
2018-06-12,45.345924377441406,24.830984115600586,184.3416748046875,,56.50212097167969,31.56081199645996,98.8383560180664,88.5875015258789,21.77914047241211,190.90191650390625,24.192663192749023,59.33431625366211,246.47901916503906,24.917024612426758,2786.85009765625
2018-06-13,44.97330093383789,24.781160354614258,183.64886474609375,,56.2774658203125,31.58643913269043,98.91096496582031,88.4106216430664,22.050426483154297,190.9118194580078,24.13934898376465,59.244937896728516,245.69261169433594,24.914060592651367,2775.6298828125
2018-06-14,44.996891021728516,24.498794555664062,184.55758666992188,,57.13691329956055,31.49675178527832,98.7335205078125,86.8509521484375,22.17759132385254,195.27755737304688,24.0993595123291,59.59938049316406,246.31121826171875,24.82518196105957,2782.489990234375
2018-06-15,44.534664154052734,24.31609344482422,186.53709411621094,,57.14385223388672,31.080291748046875,98.89485931396484,86.74645233154297,21.940216064453125,194.32505798339844,24.232648849487305,59.5469856262207,245.9969940185547,24.79851531982422,2779.659912109375
2018-06-18,44.51108169555664,24.415748596191406,185.5382843017578,,58.195220947265625,31.080291748046875,97.85435485839844,86.97154235839844,22.050426483154297,196.76588439941406,24.0993595123291,58.97372817993164,245.49107360839844,24.591121673583984,2773.75
2018-06-19,43.79178237915039,24.299482345581055,186.7259979248047,,57.92741394042969,30.811201095581055,98.86257934570312,86.46507263183594,22.033466339111328,195.95228576660156,24.13934898376465,58.32650375366211,244.55007934570312,24.771852493286133,2762.590087890625
2018-06-20,43.98280715942383,24.282875061035156,187.13088989257812,,58.01569366455078,30.91370964050293,98.43509674072266,86.45701599121094,22.19454574584961,200.42715454101562,24.29930305480957,58.60697555541992,244.96730041503906,24.771852493286133,2767.320068359375
2018-06-21,43.7375373840332,24.324399948120117,188.9124298095703,,57.411659240722656,30.381929397583008,97.95921325683594,86.43289947509766,24.35634994506836,199.9310760498047,24.192663192749023,57.87963104248047,243.43154907226562,24.949613571166992,2749.760009765625
2018-06-22,43.61019515991211,24.075254440307617,189.93814086914062,,57.30353927612305,30.721500396728516,99.08033752441406,85.01795959472656,25.170207977294922,200.16917419433594,24.332618713378906,57.420406341552734,243.8755340576172,25.130348205566406,2754.8798828125
2018-06-25,42.961647033691406,23.65172004699707,190.52293395996094,,55.782527923583984,30.21534538269043,98.8786849975586,84.24613189697266,24.865018844604492,194.82118225097656,24.245981216430664,55.731483459472656,240.5556182861328,25.619211196899414,2717.070068359375
2018-06-26,43.494625091552734,23.701553344726562,189.0294189453125,,55.46761703491211,30.433185577392578,98.68511962890625,84.30241394042969,24.585247039794922,197.45053100585938,24.245981216430664,55.92941665649414,241.08822631835938,25.47403335571289,2723.06005859375
2018-06-27,43.43096160888672,23.452407836914062,188.9753875732422,,54.749507904052734,29.83733367919922,98.0882568359375,83.00000762939453,24.59372329711914,194.3151092529297,24.13267707824707,54.593414306640625,239.0909881591797,25.74363899230957,2699.6298828125
2018-06-28,43.74697494506836,23.809513092041016,187.78773498535156,,55.25733947753906,30.07439613342285,98.40281677246094,84.35870361328125,24.102022171020508,194.7020721435547,24.232648849487305,55.00782012939453,240.45791625976562,25.438472747802734,2716.31005859375
2018-06-29,43.654991149902344,23.410888671875,188.03065490722656,,55.3282585144043,30.202533721923828,97.8704833984375,83.7718276977539,24.118980407714844,192.8069610595703,24.17933464050293,55.12224578857422,240.8041534423828,25.37626075744629,2718.3701171875
2018-07-02,44.14316177368164,23.48563003540039,187.13987731933594,,55.91394805908203,29.805301666259766,98.06405639648438,84.47929382324219,23.923988342285156,195.82327270507812,24.21265983581543,55.46861267089844,241.31900024414062,24.887399673461914,2726.7099609375
2018-07-03,43.374366760253906,23.070398330688477,186.3571319580078,,54.69544982910156,29.939844131469727,98.97549438476562,83.29749298095703,24.330917358398438,191.22930908203125,24.22599220275879,54.457340240478516,240.46685791015625,25.017763137817383,2713.219970703125
2018-07-05,43.72339630126953,23.186662673950195,188.17462158203125,,55.7557487487793,30.183307647705078,100.82256317138672,83.83905792236328,24.246139526367188,196.90478515625,24.572551727294922,55.9139404296875,242.42852783203125,25.056276321411133,2736.610107421875
2018-07-06,44.329471588134766,23.27800750732422,188.60647583007812,,56.54426956176758,30.202533721923828,101.42750549316406,84.11387634277344,24.686983108520508,201.6475830078125,24.732498168945312,56.60051345825195,244.4791717529297,25.03849983215332,2759.820068359375
2018-07-09,44.94501495361328,24.12508773803711,189.7941436767578,,57.23262023925781,30.657426834106445,101.66950225830078,86.71669006347656,24.373308181762695,203.14581298828125,24.765823364257812,56.962337493896484,246.68043518066406,25.459213256835938,2784.169921875
2018-07-10,44.89078140258789,23.942386627197266,190.4779510498047,,57.17261505126953,30.401142120361328,102.74222564697266,86.1832046508789,24.390262603759766,201.9551544189453,24.945772171020508,57.56538391113281,247.56814575195312,25.838451385498047,2793.840087890625
2018-07-11,44.308258056640625,23.81781768798828,189.80319213867188,,57.225189208984375,29.965473175048828,101.82271575927734,85.9972915649414,23.7120418548584,200.96295166015625,24.799142837524414,56.08713912963867,245.75723266601562,25.636978149414062,2774.02001953125
2018-07-12,45.0511360168457,23.892555236816406,192.56539916992188,,58.692142486572266,30.465221405029297,103.04873657226562,86.36910247802734,23.695098876953125,205.30880737304688,25.00575065612793,56.46442794799805,247.98529052734375,25.634017944335938,2798.2900390625
2018-07-13,45.12189865112305,23.70985221862793,194.83277893066406,,58.95697021484375,30.394737243652344,101.57268524169922,85.97301483154297,23.77986717224121,205.70570373535156,25.012414932250977,56.260311126708984,248.18060302734375,25.983623504638672,2801.31005859375
2018-07-16,45.022830963134766,24.73133087158203,193.3122100830078,,58.71098327636719,30.433185577392578,100.57252502441406,89.38416290283203,23.729000091552734,205.61642456054688,24.91244888305664,56.18300247192383,247.9586944580078,25.96585464477539,2798.429931640625
2018-07-17,45.15018844604492,24.922334671020508,193.44715881347656,,59.45189666748047,30.138458251953125,104.13762664794922,89.3194808959961,24.093542098999023,208.35496520996094,25.092391967773438,56.99016571044922,248.96176147460938,26.128803253173828,2809.550048828125
2018-07-18,44.90256118774414,25.02199363708496,193.420166015625,,59.30708694458008,30.388338088989258,103.08097839355469,90.15205383300781,23.856170654296875,207.7298583984375,25.099056243896484,57.4293098449707,249.4854278564453,26.093252182006836,2815.6201171875
2018-07-19,45.251590728759766,24.63998031616211,195.73255920410156,,58.864723205566406,30.202533721923828,101.58074951171875,88.8263931274414,23.83921241760254,206.4697265625,24.899118423461914,57.302520751953125,248.54452514648438,25.98955535888672,2804.489990234375
2018-07-20,45.14781951904297,25.02199363708496,196.76724243164062,,58.763065338134766,30.356292724609375,101.50816345214844,89.94999694824219,23.856170654296875,208.30531311035156,24.87912368774414,57.0334587097168,248.26052856445312,26.090286254882812,2801.830078125
2018-07-23,45.18791961669922,25.536884307861328,196.90220642089844,,59.784175872802734,30.618995666503906,102.13729858398438,91.62320709228516,23.983333587646484,209.2677459716797,24.799142837524414,57.110774993896484,248.7220916748047,25.962888717651367,2806.97998046875
2018-07-24,45.51572799682617,25.603322982788086,196.6682891845703,,61.895835876464844,31.016218185424805,104.3392333984375,92.26986694335938,23.703571319580078,212.9984893798828,25.12571907043457,56.48917007446289,249.9736785888672,26.06066131591797,2820.39990234375
2018-07-25,45.9449348449707,25.80263328552246,198.5758056640625,,62.67048263549805,31.073877334594727,103.74238586425781,93.10243225097656,23.974853515625,215.80645751953125,25.318986892700195,56.70256042480469,252.1040496826172,26.042884826660156,2846.070068359375
2018-07-26,45.80108642578125,25.694671630859375,199.49349975585938,,62.900089263916016,30.779159545898438,105.08129119873047,92.83570098876953,24.28005027770996,174.88755798339844,25.432287216186523,57.8097038269043,251.50927734375,26.140657424926758,2837.43994140625
2018-07-27,45.03934097290039,25.794328689575195,197.6310272216797,,61.42074203491211,30.888076782226562,106.10566711425781,93.78949737548828,24.330917358398438,173.52825927734375,25.598905563354492,57.55302429199219,249.80503845214844,26.111021041870117,2818.820068359375
2018-07-30,44.78700256347656,26.00194549560547,197.1451416015625,,60.49037551879883,30.862443923950195,106.6057357788086,94.3553237915039,25.195648193359375,169.72805786132812,25.7188720703125,56.99016571044922,248.50018310546875,26.333236694335938,2802.60009765625
2018-07-31,44.876609802246094,25.64484977722168,196.7852783203125,,60.36738967895508,31.022621154785156,106.88805389404297,92.91649627685547,24.585247039794922,171.23622131347656,26.61193084716797,57.36745834350586,249.7250518798828,26.436927795410156,2816.2900390625
2018-08-01,47.52029800415039,25.952116012573242,195.36361694335938,,60.5037727355957,30.375516891479492,106.98484802246094,93.49040985107422,24.322444915771484,170.31349182128906,26.83852767944336,57.28395080566406,249.3079071044922,26.143619537353516,2813.360107421875
2018-08-02,48.909358978271484,25.977033615112305,198.9536895751953,,60.808265686035156,29.86295509338379,105.86368560791016,93.8864974975586,25.21259117126465,174.99671936035156,26.650331497192383,57.84680938720703,250.6660614013672,26.297683715820312,2827.219970703125
2018-08-03,49.050865173339844,26.16803741455078,199.7724151611328,,60.6872673034668,30.234561920166016,106.42830657958984,94.64632415771484,25.373676300048828,176.39573669433594,27.2485294342041,57.967430114746094,251.74017333984375,26.546550750732422,2840.35009765625
2018-08-06,49.30555725097656,26.176345825195312,200.39329528808594,,60.73982620239258,29.741230010986328,106.48475646972656,94.67057037353516,25.356712341308594,184.24417114257812,27.58460807800293,58.31687545776367,252.66331481933594,26.567296981811523,2850.39990234375
2018-08-07,48.84333038330078,26.16803741455078,201.41900634765625,,61.605224609375,29.946252822875977,106.03306579589844,95.01814270019531,25.433012008666992,182.37879943847656,27.450180053710938,58.7807731628418,253.4976348876953,26.5969181060791,2858.449951171875
2018-08-08,48.8763313293457,26.408872604370117,202.06683349609375,,61.77334976196289,30.20894432067871,105.79916381835938,95.2121353149414,25.950151443481445,183.73812866210938,27.833295822143555,58.91685104370117,253.39108276367188,26.67988395690918,2857.699951171875
2018-08-09,49.260746002197266,26.242782592773438,196.36236572265625,,61.9464225769043,30.093610763549805,105.8233413696289,94.4765625,25.280412673950195,181.66439819335938,27.557722091674805,58.335445404052734,253.04495239257812,26.524919509887695,2853.580078125
2018-08-10,49.114013671875,25.902292251586914,198.22486877441406,,61.37660598754883,29.72200584411621,105.46040344238281,93.5469970703125,25.55170249938965,178.85641479492188,27.51066780090332,56.888118743896484,251.34957885742188,26.873580932617188,2833.280029296875
2018-08-13,49.431129455566406,25.312658309936523,197.550048828125,,61.247657775878906,29.465728759765625,105.03290557861328,92.05968475341797,25.339763641357422,178.64805603027344,27.430011749267578,56.97160720825195,250.4085235595703,26.712656021118164,2821.929931640625
2018-08-14,49.639400482177734,25.57010269165039,199.74542236328125,,61.599273681640625,29.484949111938477,104.45218658447266,92.67401123046875,25.935997009277344,179.69979858398438,27.362791061401367,56.85718536376953,252.00643920898438,27.0732364654541,2839.9599609375
2018-08-15,49.755374908447266,25.21299934387207,199.44850158691406,,60.22456359863281,29.004432678222656,105.20230865478516,91.9061050415039,25.603809356689453,178.13211059570312,27.665254592895508,56.068572998046875,250.1245880126953,26.885499954223633,2818.3701171875
2018-08-16,50.48427963256836,25.51197052001953,200.81617736816406,,59.833274841308594,29.205259323120117,106.85575866699219,92.77100372314453,26.004133224487305,173.3397216796875,27.840009689331055,55.99744415283203,252.14842224121094,29.394649505615234,2840.68994140625
2018-08-17,51.49245071411133,25.52857780456543,203.05654907226562,,59.55902099609375,29.101604461669922,108.46089172363281,92.77100372314453,26.702571868896484,172.44671630859375,28.290348052978516,55.5799446105957,253.0360565185547,29.159242630004883,2850.1298828125
2018-08-20,50.99074172973633,25.636537551879883,204.55914306640625,,59.896751403808594,29.185821533203125,110.40472412109375,92.64976501464844,26.745162963867188,171.1568603515625,28.4516658782959,55.530479431152344,253.57752990722656,28.607940673828125,2857.050048828125
2018-08-21,50.89133834838867,25.761110305786133,205.6298370361328,,59.591758728027344,29.21173858642578,109.170654296875,93.21559143066406,26.71108627319336,171.27593994140625,28.337392807006836,56.61287307739258,254.17237854003906,28.63178253173828,2862.9599609375
2018-08-22,50.89371109008789,25.727893829345703,206.23268127441406,,59.87493133544922,29.276519775390625,108.57377624511719,92.93268585205078,27.034759521484375,172.2879638671875,28.27691078186035,56.87882995605469,254.02146911621094,28.509599685668945,2861.820068359375
2018-08-23,50.997833251953125,25.61163330078125,206.5026092529297,,59.778228759765625,28.816545486450195,108.97708892822266,92.73870086669922,27.520263671875,171.5537109375,28.36427879333496,56.943782806396484,253.68402099609375,28.363582611083984,2856.97998046875
2018-08-24,51.156394958496094,25.65315055847168,208.0951690673828,,60.53550720214844,28.84246253967285,109.65459442138672,92.6982650756836,26.57480812072754,173.2901153564453,28.49871253967285,57.769500732421875,255.2108154296875,28.29503631591797,2874.68994140625
2018-08-27,51.57766342163086,26.00194549560547,206.97047424316406,,61.58538818359375,29.36722183227539,109.549072265625,94.33915710449219,26.566287994384766,176.07823181152344,27.947559356689453,58.6879997253418,257.2257995605469,28.172861099243164,2896.739990234375
2018-08-28,51.99417495727539,25.96872901916504,207.17739868164062,,61.05622863769531,29.095125198364258,109.06189727783203,93.8783950805664,26.498153686523438,174.88755798339844,27.893789291381836,58.913753509521484,257.35009765625,28.628799438476562,2897.52001953125
2018-08-29,52.77041244506836,25.86075782775879,207.11448669433594,,61.95634078979492,29.21173858642578,109.5003433227539,93.57125854492188,26.131893157958984,174.53038024902344,27.893789291381836,59.068389892578125,258.7348937988281,28.500656127929688,2914.0400390625
2018-08-30,53.25556564331055,25.752809524536133,208.205810546875,,61.45148468017578,28.725849151611328,109.57340240478516,93.1104965209961,26.43852996826172,176.25682067871094,27.893789291381836,58.539546966552734,257.68743896484375,28.637737274169922,2901.1298828125
2018-08-31,53.870887756347656,25.686368942260742,210.2803955078125,,60.413509368896484,28.51205825805664,109.36231231689453,92.6174087524414,26.830339431762695,174.3616943359375,27.9072265625,58.85808563232422,257.6962890625,28.56621742248535,2901.52001953125
2018-09-04,54.043636322021484,25.86075782775879,211.67848205566406,,59.36263656616211,28.57036781311035,108.57474517822266,93.07817840576172,27.17103385925293,169.82725524902344,27.806406021118164,59.33125686645508,257.2524108886719,28.417219161987305,2896.719970703125
2018-09-05,53.691036224365234,25.893983840942383,212.51736450195312,,58.84091567993164,28.363052368164062,110.31230163574219,92.62550354003906,27.22214698791504,165.8782501220703,28.129039764404297,59.04365158081055,256.56005859375,28.792707443237305,2888.60009765625
2018-09-06,52.798805236816406,25.743776321411133,213.4824981689453,,58.09503936767578,28.052080154418945,111.13237762451172,92.22943115234375,27.733196258544922,161.26446533203125,28.081987380981445,57.47878646850586,255.78790283203125,28.742042541503906,2878.050048828125
2018-09-07,52.37281799316406,25.752124786376953,217.79396057128906,,57.76723861694336,27.741111755371094,111.49775695800781,92.40725708007812,27.57136344909668,161.7705078125,28.36427879333496,57.240665435791016,255.29078674316406,28.55727767944336,2871.679931640625
2018-09-10,51.669944763183594,25.7187442779541,219.34542846679688,,57.757808685302734,27.799419403076172,111.40846252441406,91.9141845703125,27.043270111083984,162.901611328125,28.270185470581055,57.84680938720703,255.73463439941406,28.87613868713379,2877.1298828125
2018-09-11,52.97629928588867,25.743776321411133,220.27439880371094,,58.388633728027344,27.734634399414062,112.46398162841797,92.4961929321289,26.73664093017578,164.64793395996094,28.43821907043457,57.28704833984375,256.5778503417969,28.79865837097168,2887.889892578125
2018-09-12,52.318389892578125,25.393291473388672,218.67794799804688,,57.66754913330078,27.81237030029297,113.15416717529297,91.40494537353516,27.0262393951416,160.7386016845703,28.505434036254883,56.625244140625,256.6400451660156,28.5989933013916,2888.919921875
2018-09-13,53.58216094970703,25.15129280090332,217.62258911132812,,58.28795623779297,28.25291633605957,113.58451080322266,91.76061248779297,24.343204498291016,160.1035919189453,28.801177978515625,57.27159118652344,258.15789794921875,28.3456974029541,2904.179931640625
2018-09-14,52.973934173583984,25.343223571777344,212.3098907470703,,58.14909744262695,28.214048385620117,113.25973510742188,91.74443054199219,23.6788330078125,161.05612182617188,28.87510871887207,57.91485595703125,258.2022399902344,28.187768936157227,2904.97998046875
2018-09-17,51.56344223022461,25.268123626708984,209.2611846923828,,57.33181381225586,28.201091766357422,113.64132690429688,92.01925659179688,24.564666748046875,159.3296661376953,28.908721923828125,57.10769271850586,256.8352966308594,28.256298065185547,2888.800048828125
2018-09-18,51.648651123046875,25.209707260131836,211.38082885742188,,57.58820724487305,28.04560661315918,114.11223602294922,92.3910903930664,24.947954177856445,159.05184936523438,29.244779586791992,57.59940719604492,258.2289123535156,28.438077926635742,2904.31005859375
2018-09-19,51.67940902709961,25.86894989013672,210.92984008789062,,58.07769012451172,28.62866973876953,114.04730224609375,95.07474517822266,24.59873390197754,161.7903594970703,29.076757431030273,57.68909454345703,258.5040588378906,28.381460189819336,2907.949951171875
2018-09-20,52.072269439697266,26.027502059936523,210.9929962158203,,58.860260009765625,29.017385482788086,115.28148651123047,95.89112854003906,24.854259490966797,164.727294921875,29.406103134155273,58.38801574707031,260.59893798828125,28.533435821533203,2930.75
2018-09-21,51.51138687133789,25.893983840942383,211.75070190429688,,57.8297233581543,29.101604461669922,116.01224517822266,95.2606430053711,25.51011085510254,161.66134643554688,29.61447525024414,58.230308532714844,260.3608703613281,28.578144073486328,2929.669921875
2018-09-24,52.25212478637695,25.6519832611084,210.46983337402344,,58.190757751464844,28.926679611206055,114.05543518066406,94.34725952148438,25.22051239013672,164.12205505371094,29.527084350585938,58.43131637573242,259.495849609375,28.28609848022461,2919.3701171875
2018-09-25,52.58345031738281,25.593568801879883,210.10000610351562,,58.750160217285156,28.99795150756836,112.56954193115234,94.08049774169922,24.922399520874023,163.62596130371094,29.4329833984375,57.50044631958008,259.25518798828125,28.339740753173828,2915.56005859375
2018-09-26,52.16455841064453,25.1429500579834,210.8937225341797,,58.54385757446289,29.08864974975586,112.1798095703125,92.97309875488281,25.033130645751953,165.65005493164062,29.359052658081055,56.906227111816406,258.4793701171875,28.187768936157227,2905.969970703125
2018-09-27,53.23663330078125,24.984399795532227,211.06515502929688,,59.24559783935547,29.075693130493164,112.22850799560547,92.56893157958984,24.70094871520996,167.52536010742188,29.506929397583008,57.12055206298828,259.2017517089844,28.050682067871094,2914.0
2018-09-28,53.42359924316406,24.583850860595703,211.85890197753906,,59.18757629394531,28.499099731445312,112.18793487548828,91.21097564697266,24.79463768005371,163.1794891357422,29.62118911743164,57.48086929321289,259.2284240722656,27.98512077331543,2913.97998046875
2018-10-01,53.7833137512207,24.742399215698242,211.6514129638672,,59.27882385253906,28.57684898376465,113.42211151123047,91.74443054199219,24.488004684448242,161.17520141601562,29.755615234375,57.6796760559082,260.12908935546875,28.131141662597656,2924.590087890625
2018-10-02,54.2613639831543,24.683988571166992,213.18484497070312,,59.516868591308594,28.246437072753906,114.06353759765625,92.1243667602539,24.76908302307129,158.08938598632812,29.72200584411621,57.6796760559082,259.9773864746094,28.354637145996094,2923.429931640625
2018-10-03,54.92164993286133,25.034461975097656,210.3435516357422,,59.65771484375,28.609235763549805,112.88619995117188,92.9892578125,25.024608612060547,161.16525268554688,30.118572235107422,57.73247528076172,260.1201171875,28.03279685974121,2925.510009765625
2018-10-04,53.95608139038086,25.393291473388672,208.9725341796875,,57.933868408203125,28.63515281677246,113.14607238769531,93.82765197753906,24.513559341430664,157.6131134033203,30.044635772705078,56.71052932739258,258.08709716796875,28.07451820373535,2901.610107421875
2018-10-05,53.08043670654297,25.22640037536621,197.37295532226562,,57.39628219604492,28.388965606689453,112.94302368164062,93.29857635498047,24.76057243347168,156.10498046875,30.185773849487305,55.36863708496094,256.642578125,27.806318283081055,2885.570068359375
2018-10-08,52.9573860168457,25.25977897644043,201.98208618164062,,56.98069763183594,28.22052764892578,113.17848205566406,93.86834716796875,24.999061584472656,156.02560424804688,30.434471130371094,54.75050735473633,256.642578125,28.217559814453125,2884.429931640625
2018-10-09,53.691036224365234,25.017778396606445,202.19863891601562,,56.477325439453125,28.181650161743164,113.02423858642578,93.21715545654297,23.781051635742188,156.67050170898438,30.562183380126953,54.68836975097656,256.2680969238281,28.929779052734375,2880.340087890625
2018-10-10,51.20372772216797,24.4002628326416,199.38438415527344,,53.62077713012695,27.967857360839844,111.83061981201172,90.73453521728516,23.61920928955078,150.20130920410156,29.91693115234375,52.27482223510742,248.15379333496094,28.536422729492188,2785.679931640625
2018-10-11,50.751705169677734,23.665916442871094,200.07891845703125,,53.52655029296875,27.3845157623291,108.67215728759766,88.01580810546875,22.775968551635742,152.1559295654297,28.77428436279297,51.75297927856445,242.6878204345703,27.988101959228516,2728.3701171875
2018-10-12,52.56450653076172,23.74936294555664,204.7061004638672,,55.052032470703125,27.515600204467773,108.69650268554688,87.05532836914062,22.929290771484375,152.5429229736328,29.426271438598633,52.69416427612305,246.05838012695312,28.253318786621094,2767.1298828125
2018-10-15,51.44038391113281,23.298749923706055,202.50527954101562,,54.167781829833984,27.371400833129883,108.76145935058594,86.55879974365234,23.42330551147461,152.3246307373047,28.982650756835938,52.26239013671875,244.6762237548828,27.95829963684082,2750.7900390625
2018-10-16,52.5739860534668,23.807781219482422,205.36456298828125,,55.60746383666992,27.35173797607422,110.88069152832031,88.41470336914062,23.16777801513672,157.54368591308594,29.527084350585938,53.964622497558594,250.0263214111328,28.551319122314453,2809.919921875
2018-10-17,52.346797943115234,24.11653709411621,206.09521484375,,55.33024215698242,27.22064781188965,113.2353515625,89.39961242675781,23.244436264038086,158.1787109375,29.957258224487305,53.75029373168945,250.07086181640625,28.774816513061523,2809.2099609375
2018-10-18,51.12325668334961,23.574125289916992,206.17637634277344,,53.955528259277344,26.31614112854004,113.2677993774414,87.98326110839844,23.304058074951172,153.71372985839844,29.574142456054688,52.40528106689453,246.4595947265625,28.658599853515625,2768.780029296875
2018-10-19,51.90188217163086,23.63253402709961,207.15953063964844,,54.3765754699707,26.519325256347656,112.9024429321289,87.83674621582031,23.474414825439453,152.85052490234375,29.91020965576172,51.619415283203125,246.3257598876953,28.950641632080078,2767.780029296875
2018-10-22,52.21898651123047,22.848121643066406,206.60935974121094,,54.60966110229492,26.44723129272461,112.6020278930664,86.57506561279297,23.8321533203125,153.57481384277344,29.822834014892578,51.93623733520508,245.22010803222656,28.947662353515625,2755.8798828125
2018-10-23,52.71125030517578,22.547712326049805,206.32968139648438,,54.73512649536133,25.82456398010254,112.80500793457031,85.67156982421875,24.215442657470703,153.1878662109375,29.641355514526367,51.666011810302734,243.97178649902344,29.144336700439453,2740.68994140625
2018-10-24,50.903175354003906,21.85509490966797,201.82879638671875,,52.107696533203125,25.280536651611328,111.61954498291016,84.07615661621094,23.80660057067871,144.90286254882812,28.552488327026367,48.2771110534668,236.579833984375,29.072818756103516,2656.10009765625
2018-10-25,52.01784133911133,22.188879013061523,204.21006774902344,,54.33243179321289,25.654136657714844,112.43152618408203,85.3541030883789,23.849185943603516,149.77464294433594,29.177570343017578,49.354957580566406,240.8241729736328,29.555583953857422,2705.570068359375
2018-10-26,51.18952178955078,22.02198600769043,196.80471801757812,,53.13724899291992,25.339529037475586,111.21357727050781,84.18195343017578,23.4914493560791,144.2380828857422,28.633140563964844,48.49763488769531,236.5886993408203,29.484060287475586,2658.68994140625
2018-10-29,50.22869110107422,22.2055721282959,200.62013244628906,,50.58866882324219,26.335798263549805,111.68450164794922,85.3459701538086,24.045093536376953,140.98362731933594,29.056589126586914,47.9913330078125,235.27798461914062,29.74033546447754,2641.25
2018-10-30,50.479549407958984,22.347436904907227,205.5810546875,,51.38860321044922,26.656967163085938,114.28274536132812,86.85182189941406,25.629358291625977,145.0814971923828,28.828062057495117,49.98552703857422,238.76441955566406,30.521089553833008,2682.6298828125
2018-10-31,51.795372009277344,22.948257446289062,206.22146606445312,,53.40008544921875,26.932252883911133,113.66570281982422,88.74026489257812,25.348278045654297,150.6081085205078,28.942323684692383,50.61920166015625,241.31459045410156,29.883378982543945,2711.739990234375
2018-11-01,52.59055709838867,23.20694923400879,207.0963897705078,,53.06434631347656,27.240324020385742,114.3396224975586,88.70772552490234,24.982027053833008,150.5684356689453,29.35233497619629,52.9954719543457,243.88270568847656,29.972776412963867,2740.3701171875
2018-11-02,49.10218811035156,23.27370834350586,207.6015167236328,,52.45881271362305,27.50249481201172,114.22592163085938,88.21932220458984,25.697498321533203,149.1793212890625,28.854938507080078,52.19715881347656,242.4381561279297,30.199260711669922,2723.06005859375
2018-11-05,47.70825958251953,23.41557502746582,211.47103881835938,,51.58102798461914,27.332077026367188,115.46009826660156,88.79724884033203,26.0722713470459,147.52232360839844,29.251508712768555,51.7219123840332,243.77572631835938,30.6671085357666,2738.31005859375
2018-11-06,48.22418212890625,23.540746688842773,213.50950622558594,,52.360626220703125,27.391069412231445,115.76053619384766,89.21239471435547,26.259658813476562,148.77252197265625,28.908721923828125,52.32453918457031,245.31826782226562,30.792274475097656,2755.449951171875
2018-11-07,49.68674087524414,23.81612777709961,216.81082153320312,,54.22432327270508,27.712238311767578,117.53058624267578,90.74266815185547,26.677019119262695,150.35012817382812,29.842992782592773,52.917816162109375,250.57022094726562,31.08728790283203,2813.889892578125
2018-11-08,49.51337432861328,24.091508865356445,215.81626892089844,,53.67929458618164,27.482830047607422,117.9771728515625,91.47523498535156,26.702571868896484,146.71861267089844,29.700756072998047,52.774932861328125,250.11550903320312,31.25417709350586,2806.830078125
2018-11-09,48.558677673339844,23.799434661865234,214.9483184814453,,52.8734130859375,27.024023056030273,118.00963592529297,90.58802032470703,26.73664093017578,143.83128356933594,29.99199867248535,51.76851272583008,247.6723175048828,31.456815719604492,2781.010009765625
2018-11-12,46.11258316040039,23.156875610351562,212.00083923339844,,51.50861740112305,26.794620513916016,118.23702239990234,88.68328857421875,26.719608306884766,140.44784545898438,29.87685775756836,49.45747756958008,243.04449462890625,30.95319175720215,2726.219970703125
2018-11-13,45.65186309814453,23.16522979736328,211.693359375,,51.38067626953125,27.391069412231445,117.4737548828125,89.2042465209961,26.728120803833008,141.05308532714844,29.47723388671875,50.137733459472656,242.58973693847656,30.676055908203125,2722.179931640625
2018-11-14,44.362308502197266,22.706260681152344,210.9429931640625,,51.75806427001953,27.37795639038086,117.1246337890625,87.3646469116211,25.915327072143555,143.0970458984375,29.064064025878906,50.358280181884766,240.9311981201172,30.25588035583496,2701.580078125
2018-11-15,45.457122802734375,23.282052993774414,207.8960723876953,,52.802001953125,27.790891647338867,117.3276138305664,89.5949478149414,25.692886352539062,142.7299346923828,29.26726722717285,52.06050109863281,243.44578552246094,29.662858963012695,2730.199951171875
2018-11-16,45.960594177246094,23.156875610351562,208.87254333496094,,52.642303466796875,27.686017990112305,118.53742218017578,89.52983093261719,25.87255096435547,138.4435577392578,29.470460891723633,51.43303298950195,244.07884216308594,29.111560821533203,2736.27001953125
2018-11-19,44.13906478881836,23.156875610351562,206.81112670898438,,50.58470153808594,27.46971893310547,119.95022583007812,90.21356964111328,26.14633560180664,130.52572631835938,29.924274444580078,49.46678924560547,239.95033264160156,28.84037971496582,2690.72998046875
2018-11-20,42.03020095825195,22.848121643066406,198.28514099121094,,50.87035369873047,26.906034469604492,118.910888671875,88.27629089355469,25.31642723083496,131.39883422851562,29.484004974365234,49.5289192199707,235.5098114013672,28.059621810913086,2641.889892578125
2018-11-21,41.98270034790039,22.756330490112305,197.6161346435547,,51.45804214477539,27.443504333496094,115.28958892822266,87.61695098876953,25.265100479125977,133.77024841308594,29.192764282226562,49.733917236328125,236.31231689453125,28.06259536743164,2649.929931640625
2018-11-23,40.91640090942383,22.50598907470703,198.96324157714844,,50.77712631225586,27.358304977416992,115.4844970703125,86.81111907958984,25.40199089050293,130.70431518554688,29.219846725463867,49.76189041137695,234.73402404785156,28.339740753173828,2632.56005859375
2018-11-26,41.469730377197266,22.99833106994629,198.41177368164062,,52.00404739379883,28.295583724975586,115.51714324951172,88.9356460571289,25.299318313598633,135.31809997558594,29.35531234741211,50.662696838378906,238.52369689941406,28.354637145996094,2673.449951171875
2018-11-27,41.379493713378906,23.148540496826172,201.63043212890625,,51.795265197753906,28.08584213256836,117.02883911132812,89.31005859375,25.701438903808594,133.94882202148438,29.849763870239258,50.73723220825195,239.3262176513672,28.321861267089844,2682.169921875
2018-11-28,42.97064208984375,23.724332809448242,208.25770568847656,,53.86923599243164,28.361129760742188,119.65999603271484,90.30313110351562,25.881107330322266,135.6951446533203,30.411941528320312,51.923831939697266,244.83673095703125,29.043014526367188,2743.7900390625
2018-11-29,42.640541076660156,23.398883819580078,208.85443115234375,,53.971893310546875,28.05962371826172,119.17789459228516,89.5868148803711,25.9752140045166,137.6001739501953,30.825119018554688,51.54484176635742,244.30178833007812,28.992355346679688,2737.800048828125
2018-11-30,42.41017532348633,23.699295043945312,209.10757446289062,,54.275901794433594,27.882652282714844,120.03588104248047,90.50660705566406,25.37632179260254,139.51516723632812,31.312788009643555,52.26239013671875,245.79086303710938,29.09963607788086,2760.169921875
2018-12-03,43.89208984375,23.81612777709961,209.8308563232422,,54.87101745605469,28.492218017578125,119.47201538085938,91.36127471923828,25.461877822875977,139.99142456054688,31.150239944458008,53.63535690307617,249.0454559326172,29.42743682861328,2790.3701171875
2018-12-04,41.96133041381836,22.522674560546875,204.6502685546875,,52.113155364990234,27.889205932617188,119.3249740600586,87.2832260131836,24.503637313842773,136.8560333251953,30.574504852294922,51.06961441040039,240.9757537841797,28.551319122314453,2700.06005859375
2018-12-06,41.493473052978516,22.052753448486328,210.84353637695312,,53.00136184692383,26.879819869995117,119.22689819335938,85.62273406982422,25.290761947631836,138.5428009033203,30.46613121032715,50.80868911743164,240.6101837158203,28.395511627197266,2695.949951171875
2018-12-07,40.013946533203125,21.3394832611084,203.30308532714844,,51.40694808959961,26.774951934814453,118.83465576171875,84.07615661621094,24.957082748413086,136.35000610351562,29.7481632232666,48.913875579833984,235.01934814453125,27.92210578918457,2633.080078125
2018-12-10,40.27756881713867,20.77725601196289,201.31394958496094,,51.55424499511719,26.48655128479004,118.69576263427734,82.50518035888672,24.631969451904297,140.74551391601562,30.073286056518555,49.54133605957031,235.4652557373047,28.146825790405273,2637.719970703125
2018-12-11,40.04719543457031,20.626205444335938,204.7858428955078,,52.15927505493164,26.38823699951172,119.70901489257812,81.6993179321289,25.016979217529297,140.9737091064453,29.809123992919922,49.8581657409668,235.5187530517578,28.119853973388672,2636.780029296875
2018-12-12,40.158817291259766,20.57585906982422,205.961181640625,,52.75091552734375,27.10266876220703,120.1993179321289,82.22843170166016,25.453319549560547,143.37484741210938,29.910722732543945,50.56639862060547,236.70465087890625,27.89813804626465,2651.070068359375
2018-12-13,40.59815979003906,20.475156784057617,204.79490661621094,,52.66264343261719,27.083009719848633,120.803955078125,82.309814453125,25.461877822875977,143.8809051513672,30.188426971435547,50.46078109741211,236.62437438964844,27.853191375732422,2650.5400390625
2018-12-14,39.29912567138672,20.54228973388672,187.20953369140625,,51.680702209472656,26.807723999023438,108.67780303955078,81.63420867919922,25.282203674316406,142.93829345703125,29.666885375976562,49.74635314941406,232.25518798828125,27.52060317993164,2599.949951171875
2018-12-17,38.93339157104492,20.53389549255371,182.8425750732422,,50.41261672973633,26.6766300201416,105.52371978759766,80.59231567382812,24.743194580078125,139.09841918945312,29.19953155517578,49.10167694091797,227.69871520996094,27.197011947631836,2545.93994140625
2018-12-18,39.43923568725586,20.53389549255371,183.52972412109375,,51.016658782958984,26.73562240600586,106.56961822509766,80.20974731445312,24.426631927490234,142.54144287109375,28.718631744384766,49.74915313720703,227.44903564453125,27.289899826049805,2546.159912109375
2018-12-19,38.20907211303711,20.290546417236328,182.1011962890625,,50.733978271484375,26.440673828125,104.27351379394531,79.1922836303711,24.152843475341797,132.20254516601562,28.427377700805664,47.6324348449707,224.0428466796875,27.13109016418457,2506.9599609375
2018-12-20,37.2448616027832,20.2318058013916,178.2315216064453,,50.05952072143555,26.860166549682617,104.81279754638672,78.50852966308594,23.682281494140625,132.36129760742188,28.413833618164062,47.302467346191406,220.3958740234375,26.15131187438965,2467.419921875
2018-12-21,35.796199798583984,19.610843658447266,175.87171936035156,,48.57817459106445,26.584871292114258,104.66570281982422,76.65264892578125,23.442724227905273,123.97708892822266,28.400287628173828,46.49936294555664,215.88009643554688,26.10637855529785,2416.6201171875
2018-12-24,34.87001037597656,19.07378578186035,171.77601623535156,,48.413536071777344,26.460336685180664,100.37580108642578,75.00025177001953,22.758264541625977,123.09402465820312,27.465572357177734,45.13594055175781,210.17591857910156,25.7138614654541,2351.10009765625
2018-12-26,37.325618743896484,20.2318058013916,179.58770751953125,,51.54977798461914,27.024023056030273,103.53807830810547,78.10968017578125,23.725059509277344,133.1352081298828,28.576391220092773,47.8441047668457,220.79498291015625,27.08915138244629,2467.699951171875
2018-12-27,37.08338165283203,20.449987411499023,181.80279541015625,,51.768985748291016,26.6766300201416,104.11006927490234,78.98876190185547,23.42561149597168,133.47259521484375,29.023426055908203,48.15849685668945,222.4901123046875,27.442705154418945,2488.830078125
2018-12-28,37.10237121582031,20.466766357421875,182.67076110839844,,51.43174743652344,26.919147491455078,103.99567413330078,78.81783294677734,23.596729278564453,132.162841796875,29.09792709350586,48.50402069091797,222.20309448242188,27.604496002197266,2485.739990234375
2018-12-31,37.46098327636719,20.676555633544922,184.18072509765625,,51.358848571777344,26.94536781311035,105.4501724243164,79.46088409423828,23.528278350830078,130.0692596435547,29.565292358398438,48.843318939208984,224.14938354492188,27.910118103027344,2506.85009765625
2019-01-02,37.503726959228516,20.945083618164062,185.1300506591797,,51.86668014526367,26.794620513916016,104.38788604736328,80.83650970458984,23.35716438293457,134.62355041503906,29.294357299804688,49.15770721435547,224.38253784179688,27.967044830322266,2510.030029296875
2019-01-03,33.7680778503418,20.609420776367188,181.20608520507812,,50.38930130004883,26.499662399291992,102.7291259765625,79.68769073486328,23.39994239807129,130.7142333984375,28.474790573120117,46.290809631347656,219.0281219482422,27.82322883605957,2447.889892578125
2019-01-04,35.20960998535156,21.465351104736328,186.4681396484375,,53.09955596923828,27.273090362548828,104.45326232910156,82.62539672851562,23.665170669555664,136.8758544921875,29.12502670288086,48.379512786865234,226.36468505859375,27.997013092041016,2531.93994140625
2019-01-07,35.13124465942383,21.448566436767578,187.1553192138672,,52.9844970703125,26.906034469604492,103.78321075439453,82.6828384399414,23.88762092590332,136.97509765625,29.280813217163086,49.272884368896484,228.1494598388672,28.326601028442383,2549.68994140625
2019-01-08,35.80096435546875,21.406614303588867,188.5567169189453,,53.37579345703125,26.978139877319336,106.19375610351562,82.52691650390625,24.34963035583496,141.42019653320312,29.416271209716797,49.05809783935547,230.29298400878906,28.52435302734375,2574.409912109375
2019-01-09,36.408912658691406,21.616397857666016,189.77728271484375,,53.29545593261719,27.16166114807129,105.3520736694336,82.38743591308594,23.99884605407715,143.1069793701172,29.35531234741211,50.31878662109375,231.3692626953125,28.43146514892578,2584.9599609375
2019-01-10,36.52528381347656,21.591222763061523,190.4463348388672,,53.080711364746094,27.22064781188965,105.98946380615234,82.37922668457031,24.366743087768555,143.07720947265625,28.65767478942871,50.76393127441406,232.18540954589844,28.45244789123535,2596.639892578125
2019-01-11,36.166683197021484,21.84296417236328,190.32876586914062,,52.42906188964844,27.1485538482666,106.02214050292969,81.98535919189453,24.323963165283203,142.68031311035156,29.04375457763672,51.308677673339844,232.27511596679688,28.416492462158203,2596.260009765625
2019-01-14,35.62283706665039,22.128276824951172,188.9635772705078,,51.80915451049805,26.860166549682617,104.82095336914062,82.83055114746094,24.212738037109375,144.25791931152344,28.69830894470215,50.47443771362305,230.85804748535156,28.449440002441406,2582.610107421875
2019-01-15,36.3519172668457,22.279319763183594,190.79888916015625,,53.41893768310547,27.01746368408203,105.7034683227539,83.43778991699219,24.48652458190918,147.7902069091797,28.9421443939209,50.62074661254883,233.5038299560547,28.838956832885742,2610.300048828125
2019-01-16,36.7960205078125,23.873699188232422,190.03041076660156,,53.60838317871094,27.227209091186523,104.6248550415039,84.11065673828125,24.554969787597656,146.3911895751953,28.522207260131836,50.15694046020508,234.06890869140625,28.868925094604492,2616.10009765625
2019-01-17,37.014503479003906,24.32683563232422,191.18772888183594,,54.05124282836914,27.194440841674805,105.48284149169922,84.455322265625,24.75174331665039,147.14527893066406,28.766048431396484,50.62074661254883,235.84471130371094,28.98577880859375,2635.9599609375
2019-01-18,37.242488861083984,24.586973190307617,193.11351013183594,,54.46583557128906,27.47627830505371,106.79025268554688,85.8257064819336,25.17953872680664,148.87171936035156,28.806686401367188,51.93747329711914,238.98382568359375,29.282411575317383,2670.7099609375
2019-01-22,36.40654373168945,24.41075325012207,192.03761291503906,,53.09014129638672,27.122333526611328,105.24588012695312,84.47171783447266,25.085424423217773,146.42098999023438,28.63058090209961,50.44331741333008,235.7550048828125,29.21048927307129,2632.89990234375
2019-01-23,36.55378723144531,24.268098831176758,191.75733947753906,,53.340576171875,27.292757034301758,105.24588012695312,84.25839233398438,25.016979217529297,143.17642211914062,28.556068420410156,50.08845520019531,236.24832153320312,29.576040267944336,2638.699951171875
2019-01-24,36.2640495300293,24.402368545532227,190.14793395996094,,53.25775909423828,27.141996383666992,103.79956817626953,84.3076171875,24.563522338867188,144.69448852539062,27.736509323120117,52.99893569946289,236.3739013671875,29.47117042541504,2642.330078125
2019-01-25,37.46572494506836,24.82193374633789,189.0268096923828,,54.10530090332031,27.43694496154785,104.78010559082031,84.84101104736328,24.058734893798828,147.8497314453125,27.52654266357422,54.09775924682617,238.37391662597656,29.045698165893555,2664.760009765625
2019-01-28,37.118995666503906,24.863893508911133,190.56385803222656,,53.06831359863281,27.279645919799805,105.40111541748047,85.24308013916016,24.144296646118164,146.32174682617188,26.774709701538086,53.030059814453125,236.562255859375,29.081653594970703,2643.85009765625
2019-01-29,36.73427200317383,24.66249656677246,190.14793395996094,,52.599159240722656,27.581153869628906,106.49608612060547,85.4810562133789,24.024513244628906,143.06727600097656,27.614582061767578,52.26430892944336,236.24832153320312,28.976787567138672,2640.0
2019-01-30,39.24449920654297,24.39397621154785,191.08824157714844,,54.009586334228516,27.84332847595215,107.56652069091797,85.67800903320312,24.17851448059082,149.24876403808594,28.163225173950195,53.78025436401367,239.98831176757812,28.404502868652344,2681.050048828125
2019-01-31,39.5270881652832,23.89048194885254,194.05386352539062,,55.36396408081055,27.61392593383789,108.7431640625,84.9312515258789,24.2384033203125,165.39210510253906,29.003612518310547,53.75535202026367,242.0959930419922,28.713117599487305,2704.10009765625
2019-02-01,39.546104431152344,23.814964294433594,190.11178588867188,,55.08525466918945,27.3386287689209,109.65835571289062,85.24308013916016,24.01595687866211,164.41970825195312,29.297409057617188,54.39970397949219,242.21261596679688,28.122859954833984,2706.530029296875
2019-02-04,40.66941452026367,24.23453140258789,190.93450927734375,,56.17877197265625,27.509050369262695,108.57974243164062,85.54669952392578,24.058734893798828,167.9321746826172,28.996774673461914,54.673648834228516,243.9166717529297,28.395511627197266,2724.8701171875
2019-02-05,41.365230560302734,24.150623321533203,191.32334899902344,,56.83290481567383,27.751567840576172,108.57974243164062,85.16922760009766,24.212738037109375,169.82725524902344,28.771305084228516,54.92266845703125,244.9391632080078,28.64419937133789,2737.699951171875
2019-02-06,41.379493713378906,24.10866355895996,191.31430053710938,,55.307430267333984,27.594255447387695,108.67780303955078,85.12821197509766,24.20418357849121,169.1625213623047,28.92161750793457,56.40126037597656,244.6162109375,28.65618896484375,2731.610107421875
2019-02-07,40.59578323364258,23.697481155395508,189.51927185058594,,54.4881591796875,27.410730361938477,107.90154266357422,84.01221466064453,24.110065460205078,165.08450317382812,28.491180419921875,55.17791748046875,242.2843475341797,28.982776641845703,2706.050048828125
2019-02-08,40.643489837646484,23.73944091796875,188.3407440185547,,54.3071403503418,27.364850997924805,108.1875228881836,83.17521667480469,23.81061553955078,166.027099609375,28.853302001953125,55.08141326904297,242.58033752441406,28.638208389282227,2707.8798828125
2019-02-11,40.40974426269531,23.840133666992188,189.2200927734375,,54.30466079711914,27.318973541259766,107.86067199707031,82.78132629394531,23.571060180664062,164.49911499023438,28.477514266967773,55.352230072021484,242.71482849121094,28.823972702026367,2709.800048828125
2019-02-12,40.75797653198242,24.07509422302246,192.10299682617188,,55.61193084716797,27.594255447387695,109.62565612792969,84.19271850585938,24.452299118041992,163.7549285888672,28.607332229614258,56.52265167236328,245.8360137939453,29.054689407348633,2744.72998046875
2019-02-13,40.588626861572266,24.0834903717041,192.91896057128906,,55.551918029785156,27.745012283325195,109.86263275146484,84.59481048583984,24.777420043945312,162.79251098632812,28.491180419921875,56.70319366455078,246.63424682617188,29.34532356262207,2753.030029296875
2019-02-14,40.73650360107422,23.823348999023438,193.86172485351562,,55.626808166503906,27.771228790283203,109.74822235107422,84.0450210571289,24.897781372070312,162.6734161376953,28.67564582824707,56.85572814941406,246.08717346191406,29.51910972595215,2745.72998046875
2019-02-15,40.6458854675293,24.427539825439453,196.24607849121094,,55.22907638549805,28.053068161010742,111.43970489501953,86.61347961425781,25.362037658691406,161.23472595214844,28.969453811645508,57.1483268737793,248.76878356933594,29.959564208984375,2775.60009765625
2019-02-19,40.767513275146484,24.444318771362305,197.7418975830078,,55.47257995605469,27.2141056060791,110.87591552734375,86.30986785888672,25.405017852783203,161.02635192871094,29.106096267700195,57.07051086425781,249.1993408203125,30.621736526489258,2779.760009765625
2019-02-20,41.029869079589844,24.67928123474121,196.82620239257812,,55.236507415771484,27.61392593383789,111.41519927978516,86.72837829589844,24.71723747253418,161.2942657470703,28.83279800415039,57.55610275268555,249.70166015625,29.926599502563477,2784.699951171875
2019-02-21,40.79851150512695,24.57858657836914,195.12188720703125,,54.401859283447266,27.43242835998535,110.6552734375,86.54782104492188,24.57107925415039,158.7938690185547,28.79180145263672,57.1296501159668,248.8136749267578,29.779787063598633,2774.8798828125
2019-02-22,41.254051208496094,24.402368545532227,196.08290100097656,,55.06640625,27.365209579467773,111.61944580078125,86.16214752197266,24.519498825073242,160.62945556640625,29.35205841064453,57.742889404296875,250.35635375976562,29.827728271484375,2792.669921875
2019-02-25,41.554569244384766,24.56180191040039,196.77186584472656,,55.018310546875,27.284542083740234,112.0307388305664,87.06478118896484,24.80320930480957,163.33819580078125,29.434045791625977,58.21914291381836,250.69717407226562,29.698883056640625,2796.110107421875
2019-02-26,41.57843017578125,24.57858657836914,197.279541015625,,55.30247497558594,27.398813247680664,111.95669555664062,86.40013122558594,24.863386154174805,162.85202026367188,29.393062591552734,57.854942321777344,250.51776123046875,29.57004165649414,2793.89990234375
2019-02-27,41.70720672607422,24.779977798461914,197.67840576171875,,55.34809875488281,27.647537231445312,111.75930786132812,86.29344177246094,25.619953155517578,161.5422821044922,29.331562042236328,57.16078567504883,250.41009521484375,29.396265029907227,2792.3798828125
2019-02-28,41.2969856262207,24.526952743530273,198.3040008544922,,55.540016174316406,27.445871353149414,112.39266204833984,85.63697052001953,25.215879440307617,160.19288635253906,29.6185245513916,57.195030212402344,249.94366455078125,29.65993881225586,2784.489990234375
2019-03-01,41.73106002807617,24.720935821533203,198.93858337402344,,56.584938049316406,27.297985076904297,113.79920196533203,85.69441986083984,24.089637756347656,161.0164337158203,29.625356674194336,57.70241928100586,251.50428771972656,29.342327117919922,2803.68994140625
2019-03-04,41.940956115722656,24.48477554321289,198.0048370361328,,56.92266845703125,27.345041275024414,113.9061508178711,85.49746704101562,24.622663497924805,166.06678771972656,29.427217483520508,57.708648681640625,250.5895233154297,29.318361282348633,2792.81005859375
2019-03-05,41.86461639404297,24.526952743530273,199.2830810546875,,57.62837600708008,27.560144424438477,114.14469146728516,85.43180847167969,24.863386154174805,169.926513671875,29.30423355102539,57.487632751464844,250.2487030029297,29.465171813964844,2789.64990234375
2019-03-06,41.62373352050781,24.324527740478516,198.7482147216797,,57.42158126831055,27.539981842041016,114.40789031982422,85.1117935180664,24.450719833374023,171.16676330566406,28.600494384765625,56.53822326660156,248.73292541503906,29.441200256347656,2771.449951171875
2019-03-07,41.1419563293457,24.079927444458008,196.53616333007812,,56.69950485229492,27.472759246826172,113.70874786376953,84.49637603759766,22.01768684387207,167.8131103515625,28.27937126159668,55.9281120300293,246.6521453857422,29.19851303100586,2748.929931640625
2019-03-08,41.23975372314453,24.16427230834961,206.5356903076172,,56.65089797973633,27.472759246826172,113.5606689453125,84.52916717529297,21.037593841552734,168.2794189453125,27.937761306762695,55.87830352783203,246.1588592529297,29.240463256835938,2743.070068359375
2019-03-11,42.66838455200195,24.40886688232422,208.23097229003906,,58.30928039550781,27.566862106323242,113.97193908691406,85.62879943847656,21.209537506103516,170.73019409179688,28.354534149169922,57.17945861816406,249.728515625,29.507118225097656,2783.300048828125
2019-03-12,43.14778518676758,24.40886688232422,211.1954345703125,,59.174190521240234,27.607200622558594,114.48187255859375,85.3743896484375,21.046184539794922,170.5813751220703,28.51167869567871,57.39425277709961,250.67027282714844,29.474166870117188,2791.52001953125
2019-03-13,43.33857727050781,24.704076766967773,214.2959747314453,,59.180137634277344,27.64081382751465,114.67110443115234,85.66158294677734,21.261125564575195,172.02008056640625,28.70298194885254,57.624595642089844,252.3294677734375,29.671916961669922,2810.919921875
2019-03-14,43.82036209106445,24.847455978393555,211.99325561523438,,58.7947998046875,27.654247283935547,113.52775573730469,86.44114685058594,21.2783145904541,168.84500122070312,28.142723083496094,57.31019973754883,252.16798400878906,29.58757209777832,2808.47998046875
2019-03-15,44.3903923034668,24.71250343322754,211.77566528320312,,58.74073791503906,27.835742950439453,113.18231201171875,87.43407440185547,20.943017959594727,164.68763732910156,28.545833587646484,58.972450256347656,253.4138641357422,29.64781951904297,2822.47998046875
2019-03-18,44.84354782104492,25.151090621948242,214.48631286621094,,58.73082733154297,27.916406631469727,112.82859802246094,87.95923614501953,21.106369018554688,159.2205352783203,28.566335678100586,58.882179260253906,254.33267211914062,30.021350860595703,2832.93994140625
2019-03-19,44.48817825317383,25.00770378112793,214.9033660888672,,59.454383850097656,27.815580368041992,113.87323760986328,87.63921356201172,20.91722869873047,160.3119659423828,28.901124954223633,59.644813537597656,254.3957977294922,30.078584671020508,2832.570068359375
2019-03-20,44.87693405151367,24.155839920043945,214.83987426757812,,60.700157165527344,27.701311111450195,112.92730712890625,85.76826477050781,20.624921798706055,164.15182495117188,28.812307357788086,59.08610534667969,253.63009643554688,29.714088439941406,2824.22998046875
2019-03-21,46.529781341552734,23.767860412597656,217.1607208251953,,61.07557678222656,27.607200622558594,113.59355163574219,84.41429138183594,20.908634185791016,164.78684997558594,28.935285568237305,61.12742614746094,256.4948425292969,29.840608596801758,2854.8798828125
2019-03-22,45.56621551513672,22.781049728393555,215.36569213867188,,59.784175872802734,27.170269012451172,112.61473083496094,81.86224365234375,20.925825119018555,163.0603790283203,28.593669891357422,59.40447235107422,251.5581512451172,29.60563850402832,2800.7099609375
2019-03-25,45.01527404785156,22.637662887573242,214.83084106445312,,59.16427230834961,27.1769962310791,112.36795043945312,81.18115997314453,20.762483596801758,164.9951934814453,28.620986938476562,58.66161346435547,251.3689727783203,29.572498321533203,2798.360107421875
2019-03-26,44.55018615722656,22.949731826782227,216.7346649169922,,58.74867630004883,27.27782440185547,113.98017120361328,81.9935302734375,21.037593841552734,166.3743438720703,28.98311424255371,59.22343826293945,253.2427520751953,29.617691040039062,2818.4599609375
2019-03-27,44.950870513916016,22.79792022705078,217.04286193847656,,58.17340087890625,27.32487678527832,114.08708190917969,81.71454620361328,20.865646362304688,164.57846069335938,28.709821701049805,58.39316940307617,251.9185028076172,29.283321380615234,2805.3701171875
2019-03-28,45.010498046875,23.050952911376953,218.68374633789062,,57.94873809814453,27.23076629638672,114.23513793945312,82.64179229736328,21.011798858642578,164.26097106933594,28.8942928314209,58.296417236328125,252.87347412109375,29.25922203063965,2815.43994140625
2019-03-29,45.30385971069336,23.27023696899414,219.51779174804688,,58.18777847290039,27.27782440185547,114.98365020751953,83.06853485107422,21.14935874938965,165.39210510253906,29.01727294921875,59.1610221862793,254.4679412841797,29.379714965820312,2834.39990234375
2019-04-01,45.61151885986328,24.071496963500977,221.37628173828125,,59.23517990112305,28.071014404296875,114.31742858886719,85.86672973632812,21.046184539794922,167.3864288330078,29.270071029663086,60.637393951416016,257.48565673828125,29.467073440551758,2867.18994140625
2019-04-02,46.274574279785156,24.34983253479004,218.03103637695312,,59.53571701049805,28.333179473876953,113.27278900146484,86.27703857421875,20.427188873291016,172.84361267089844,29.317899703979492,60.7279052734375,257.6117858886719,29.201984405517578,2867.239990234375
2019-04-03,46.591773986816406,24.324527740478516,219.82608032226562,,59.80500793457031,28.6020565032959,112.82859802246094,86.44935607910156,20.46157455444336,172.18875122070312,29.270071029663086,62.070068359375,258.01715087890625,29.27729606628418,2873.39990234375
2019-04-04,46.67286682128906,24.585988998413086,221.56663513183594,,60.255306243896484,28.434005737304688,111.5125503540039,87.28450012207031,20.3584041595459,174.6494598388672,29.201740264892578,62.204288482666016,258.7017517089844,29.5544376373291,2879.389892578125
2019-04-05,46.985321044921875,24.526952743530273,222.89930725097656,,59.866004943847656,28.554994583129883,112.0142822265625,87.07780456542969,20.54754638671875,174.35177612304688,29.372554779052734,62.653751373291016,259.95391845703125,29.771333694458008,2892.739990234375
2019-04-08,47.72467803955078,24.60285758972168,223.48861694335938,,59.70185089111328,28.608774185180664,111.98138427734375,87.35893249511719,20.513154983520508,173.56793212890625,29.475046157836914,62.80043411254883,260.1520690917969,29.891822814941406,2895.77001953125
2019-04-09,47.581565856933594,24.366695404052734,222.029052734375,,59.375030517578125,28.655826568603516,111.5125503540039,86.71394348144531,20.58193588256836,176.19729614257812,29.270071029663086,62.14810562133789,258.81884765625,29.72914695739746,2878.199951171875
2019-04-10,47.84870147705078,24.518518447875977,222.66363525390625,,59.618534088134766,28.59532928466797,111.52076721191406,87.10257720947266,21.47605323791504,176.4354248046875,29.194917678833008,62.62876510620117,259.7017517089844,30.003280639648438,2888.2099609375
2019-04-11,47.45039367675781,24.518518447875977,218.70187377929688,,59.740535736083984,28.62894630432129,111.21642303466797,87.83851623535156,22.12944984436035,176.1278839111328,28.880624771118164,62.575714111328125,259.62969970703125,30.364763259887695,2888.320068359375
2019-04-12,47.431312561035156,25.446287155151367,219.3455810546875,,60.397647857666016,28.931427001953125,111.84977722167969,91.95630645751953,22.06926727294922,177.70547485351562,28.498004913330078,63.443424224853516,261.38629150390625,30.593708038330078,2907.409912109375
2019-04-15,47.51717758178711,25.16795539855957,223.31634521484375,,60.55782699584961,28.83060646057129,112.29393768310547,90.90619659423828,21.897323608398438,178.2511749267578,28.757646560668945,62.97211837768555,261.2151794433594,30.85577392578125,2905.580078125
2019-04-16,47.52195358276367,25.20169448852539,222.4188232421875,,60.85686492919922,29.126361846923828,113.52775573730469,91.8653564453125,21.98329734802246,177.4772491455078,27.9582462310791,64.98847961425781,261.38629150390625,31.006389617919922,2907.06005859375
2019-04-17,48.44736099243164,25.32820701599121,222.61831665039062,,61.31362533569336,29.2137508392334,113.93903350830078,94.51134490966797,21.957504272460938,177.387939453125,27.247676849365234,66.06529998779297,260.7467041015625,31.0756893157959,2900.449951171875
2019-04-18,48.62144470214844,25.32820701599121,222.84494018554688,,61.315101623535156,29.072593688964844,113.11649322509766,93.81678009033203,22.163835525512695,176.891845703125,26.906064987182617,66.07469177246094,261.2601013183594,31.08171272277832,2905.030029296875
2019-04-22,48.781253814697266,25.345073699951172,220.67825317382812,,61.933528900146484,29.05242156982422,113.37147521972656,93.93254852294922,21.923110961914062,180.0272674560547,26.632762908935547,66.02473449707031,261.48541259765625,30.83771324157715,2907.969970703125
2019-04-23,49.484840393066406,25.361940383911133,222.63645935058594,,62.71263122558594,29.005373001098633,115.07415771484375,94.04828643798828,21.682388305664062,182.34901428222656,26.93338966369629,66.70518493652344,263.83642578125,31.04857063293457,2933.679931640625
2019-04-24,49.40850067138672,25.319778442382812,224.79409790039062,,62.288612365722656,28.790271759033203,114.49838256835938,93.89120483398438,21.98329734802246,181.1583709716797,26.89922523498535,67.32321166992188,263.2509460449219,31.187145233154297,2927.25
2019-04-25,48.96013259887695,25.370378494262695,222.654541015625,,62.6580810546875,28.743215560913086,114.8685073852539,93.9408187866211,22.155241012573242,191.75518798828125,27.063213348388672,66.14025115966797,263.08880615234375,31.184125900268555,2926.169921875
2019-04-26,48.72638702392578,25.598108291625977,221.0408477783203,,63.091026306152344,28.951602935791016,115.47721099853516,94.65190124511719,21.493253707885742,189.99900817871094,27.309167861938477,65.593994140625,264.3140563964844,30.584672927856445,2939.8798828125
2019-04-29,48.80033874511719,25.95233917236328,221.45791625976562,,63.854759216308594,29.106199264526367,115.02479553222656,96.01626586914062,21.98329734802246,193.2633514404297,27.049535751342773,65.51597595214844,264.7284240722656,30.593708038330078,2943.030029296875
2019-04-30,47.860626220703125,25.792095184326172,222.59107971191406,,58.94010543823242,29.287696838378906,116.14346313476562,95.9583740234375,22.163835525512695,191.89407348632812,27.746444702148438,66.03413391113281,264.8634033203125,30.979291915893555,2945.830078125
2019-05-01,50.20989227294922,25.52219581604004,219.01922607421875,,57.92841339111328,29.03898048400879,116.76036834716797,95.22244262695312,21.991893768310547,191.52700805664062,27.85576057434082,65.50660705566406,262.8726806640625,30.533462524414062,2923.72998046875
2019-05-02,49.88313674926758,25.72462272644043,220.0164031982422,,57.65713119506836,29.220474243164062,116.20928192138672,95.42918395996094,22.163835525512695,191.03091430664062,28.019737243652344,66.13712310791016,262.3050842285156,30.470203399658203,2917.52001953125
2019-05-03,50.50325393676758,25.901742935180664,221.76609802246094,,58.787353515625,30.04728126525879,116.80970764160156,96.01626586914062,22.12944984436035,193.94798278808594,28.27937126159668,66.65523529052734,264.87249755859375,30.750349044799805,2945.639892578125
2019-05-06,49.72334289550781,25.69931983947754,221.41253662109375,,58.98523712158203,29.435575485229492,116.87554931640625,95.16456604003906,22.103656768798828,192.37039184570312,28.457019805908203,65.56902313232422,263.78253173828125,30.864818572998047,2932.469970703125
2019-05-07,48.382957458496094,25.235429763793945,217.74085998535156,,58.226966857910156,29.005373001098633,115.13174438476562,93.61007690429688,22.155241012573242,188.29238891601562,27.89675521850586,63.95532989501953,259.37738037109375,30.515378952026367,2884.050048828125
2019-05-08,48.39248275756836,25.134218215942383,218.79254150390625,,57.83864974975586,28.796993255615234,114.98365020751953,93.11394500732422,21.733976364135742,188.0641632080078,27.978750228881836,63.40910720825195,259.0171203613281,30.214141845703125,2879.419921875
2019-05-09,47.87256622314453,25.058311462402344,221.31967163085938,,57.64573669433594,28.75665855407715,114.11175537109375,93.03952026367188,21.802753448486328,187.1810760498047,28.013216018676758,62.70993423461914,258.2333984375,30.14449119567871,2870.719970703125
2019-05-10,47.20934295654297,24.94866180419922,224.54669189453125,,57.739463806152344,28.810434341430664,114.3749771118164,93.03124237060547,22.206823348999023,186.87350463867188,28.068359375,62.80043411254883,259.53057861328125,30.862226486206055,2881.39990234375
2019-05-13,44.46556854248047,23.826906204223633,219.91062927246094,,56.140594482421875,28.279401779174805,112.85328674316406,90.50102996826172,21.828540802001953,180.12643432617188,27.964963912963867,59.86330795288086,253.0084228515625,30.2504825592041,2811.8701171875
2019-05-14,45.16946792602539,24.138973236083984,220.64691162109375,,55.5658073425293,28.333179473876953,112.54073333740234,91.22039031982422,21.82854652404785,179.32275390625,28.027006149291992,61.24291229248047,255.29653930664062,30.371623992919922,2834.409912109375
2019-05-15,45.7105712890625,23.860641479492188,222.4104461669922,,57.73649215698242,28.608774185180664,112.61473083496094,90.87310791015625,21.79396629333496,184.8196258544922,28.36475944519043,61.71425247192383,256.7919921875,30.24745750427246,2850.9599609375
2019-05-16,45.509456634521484,24.113670349121094,224.92843627929688,,58.468971252441406,28.724409103393555,113.68404388427734,92.03899383544922,21.3184871673584,185.5340118408203,28.7025146484375,60.74039840698242,259.1702575683594,30.680522918701172,2876.320068359375
2019-05-17,45.2508659362793,23.95341682434082,225.7556610107422,,57.64176559448242,28.30269432067871,114.01307678222656,91.59249114990234,20.938112258911133,183.85719299316406,28.5853328704834,59.55742263793945,257.4946594238281,30.54424476623535,2859.530029296875
2019-05-20,43.83589172363281,23.95341682434082,226.25564575195312,,56.47881317138672,28.17345428466797,113.85676574707031,92.07207489013672,20.808435440063477,181.29725646972656,28.668052673339844,57.18212127685547,255.79209899902344,30.74410629272461,2840.22998046875
2019-05-21,44.67626190185547,24.19801139831543,227.19190979003906,,57.01342010498047,28.35030174255371,113.61002349853516,92.38630676269531,21.00726890563965,183.38092041015625,28.723186492919922,58.35260009765625,258.0982360839844,30.622983932495117,2864.360107421875
2019-05-22,43.76166534423828,24.029325485229492,226.81011962890625,,57.10219955444336,28.363906860351562,114.13643646240234,91.63385009765625,20.7479190826416,183.8770294189453,28.943777084350586,57.119693756103516,257.305419921875,30.959129333496094,2856.27001953125
2019-05-23,43.0146598815918,23.41362190246582,225.9192657470703,,56.574031829833984,28.43873405456543,114.98365020751953,89.83126068115234,20.341609954833984,179.461669921875,28.895519256591797,56.230125427246094,254.16156005859375,30.847070693969727,2822.239990234375
2019-05-24,42.849464416503906,23.767860412597656,224.80113220214844,,56.212005615234375,28.567960739135742,114.99191284179688,90.71600341796875,20.505863189697266,179.6501922607422,28.916194915771484,55.740081787109375,254.7380828857422,31.092374801635742,2826.06005859375
2019-05-28,42.67229080200195,23.531700134277344,223.9012451171875,,56.245723724365234,28.268686294555664,113.51779174804688,89.73201751708984,20.419414520263672,182.87490844726562,28.88172721862793,55.26251983642578,252.36888122558594,31.016660690307617,2802.389892578125
2019-05-29,42.468788146972656,23.40518569946289,218.79254150390625,,55.36842727661133,28.268686294555664,108.76407623291016,89.48397064208984,19.909360885620117,180.7714080810547,28.757658004760742,55.462276458740234,250.67529296875,30.92581558227539,2783.02001953125
2019-05-30,42.689056396484375,22.907564163208008,219.56520080566406,,55.44232177734375,28.085033416748047,109.41004180908203,88.52479553222656,19.693235397338867,181.5850067138672,28.88172721862793,55.93046951293945,251.35992431640625,30.947010040283203,2788.860107421875
2019-05-31,41.91571807861328,22.435245513916016,217.7835235595703,,54.732154846191406,27.73133087158203,108.61500549316406,87.61522674560547,19.719167709350586,176.08816528320312,28.619800567626953,55.09709167480469,247.9728546142578,30.719879150390625,2752.06005859375
2019-06-03,41.491939544677734,22.502714157104492,219.1379852294922,,51.38959503173828,27.77894401550293,108.85519409179688,88.0286865234375,19.848844528198242,162.8718719482422,28.895519256591797,55.228187561035156,247.34230041503906,30.877363204956055,2744.449951171875
2019-06-04,43.009864807128906,23.548572540283203,223.2649383544922,,52.22374725341797,28.017004013061523,110.75167846679688,90.7408218383789,20.428058624267578,166.19577026367188,29.109207153320312,57.64405822753906,252.71121215820312,31.05907440185547,2803.27001953125
2019-06-05,43.70420837402344,23.54014015197754,225.40118408203125,,51.68665313720703,27.982999801635742,111.29000854492188,91.06328582763672,20.20328712463379,166.86056518554688,29.281522750854492,57.22893524169922,254.90029907226562,31.622350692749023,2826.14990234375
2019-06-06,44.34585952758789,23.64189338684082,228.35545349121094,,51.79179382324219,28.010210037231445,113.19480895996094,91.26177215576172,20.488576889038086,167.0193328857422,29.440067291259766,58.0217399597168,256.55780029296875,31.8313045501709,2843.489990234375
2019-06-07,45.52621078491211,23.34510040283203,232.71876525878906,,52.86796188354492,28.200660705566406,114.74351501464844,90.26124572753906,20.68741226196289,172.00022888183594,29.584827423095703,58.677215576171875,259.1251525878906,32.11899948120117,2873.340087890625
2019-06-10,46.10801315307617,23.803010940551758,233.4823760986328,,53.579124450683594,28.32309341430664,115.13272857666016,91.2369384765625,21.08507537841797,173.4587860107422,29.688213348388672,60.10676956176758,260.314208984375,32.56114196777344,2886.72998046875
2019-06-11,46.64191818237305,23.94717025756836,233.71864318847656,,53.49679183959961,28.39792251586914,115.76213836669922,91.51811218261719,21.3184871673584,176.71327209472656,29.412492752075195,60.34711456298828,260.251220703125,32.68832778930664,2885.719970703125
2019-06-12,46.49347686767578,23.70125389099121,233.8278045654297,,53.41297912597656,28.037412643432617,117.3356704711914,90.35216522216797,21.292556762695312,173.67706298828125,29.695100784301758,58.94565963745117,259.7919006347656,32.95482635498047,2879.840087890625
2019-06-13,46.483917236328125,23.692777633666992,236.08213806152344,,53.995201110839844,27.921775817871094,116.53236389160156,90.57544708251953,21.28391456604004,176.08816528320312,29.295318603515625,59.22969055175781,260.86370849609375,32.90335464477539,2891.639892578125
2019-06-14,46.146324157714844,23.777572631835938,236.48211669921875,,53.825592041015625,27.72452735900879,116.01888275146484,90.80696868896484,20.97269058227539,179.9181365966797,29.474523544311523,57.737701416015625,260.57550048828125,33.03053665161133,2886.97998046875
2019-06-17,46.42164993286133,23.684293746948242,237.6456298828125,,54.1801872253418,27.642906188964844,115.48057556152344,90.31085205078125,21.05913734436035,187.5382843017578,29.557254791259766,57.310523986816406,260.6745910644531,33.05779266357422,2889.669921875
2019-06-18,47.5134162902832,24.2694034576416,238.8365020751953,,54.73066711425781,28.0510196685791,116.13483428955078,91.54290008544922,20.6960506439209,187.0025177001953,29.688213348388672,59.78961181640625,263.40411376953125,33.2061882019043,2917.75
2019-06-19,47.37454605102539,24.0150089263916,239.67286682128906,,54.66768264770508,28.17345428466797,116.31704711914062,90.88138580322266,20.436702728271484,186.02020263671875,29.98461151123047,59.908714294433594,263.9986877441406,33.19710922241211,2926.4599609375
2019-06-20,47.7552490234375,23.97260856628418,243.027099609375,,55.11848449707031,28.329896926879883,117.77458953857422,91.11292266845703,19.995807647705078,188.0542449951172,30.053546905517578,60.4133186340332,266.5210266113281,33.409088134765625,2954.179931640625
2019-06-21,47.59242630004883,23.845409393310547,241.91806030273438,,55.6372184753418,27.955787658691406,117.67525482177734,90.49276733398438,19.226409912109375,189.65171813964844,30.101795196533203,60.06855010986328,266.1335754394531,33.65438461303711,2950.4599609375
2019-06-24,47.54454803466797,23.72669792175293,242.49984741210938,,55.32181167602539,27.928586959838867,118.47857666015625,89.8478012084961,19.088085174560547,191.10035705566406,30.163835525512695,60.13124084472656,265.8077392578125,33.68770217895508,2945.35009765625
2019-06-25,46.82387924194336,23.54014015197754,242.12718200683594,,53.87519454956055,27.874170303344727,119.455810546875,89.10362243652344,18.88925552368164,187.36962890625,30.163835525512695,59.30068588256836,263.2007141113281,33.530216217041016,2917.3798828125
2019-06-26,47.83663558959961,23.667335510253906,240.3545684814453,,53.55036163330078,27.996601104736328,117.4764633178711,89.698974609375,18.526166915893555,186.19882202148438,29.63306427001953,61.215633392333984,262.9381408691406,33.360626220703125,2913.780029296875
2019-06-27,47.8222770690918,23.92173194885254,241.4180908203125,,53.36240005493164,28.166648864746094,116.51576232910156,89.99662780761719,18.4915828704834,188.02447509765625,29.93636131286621,62.10572814941406,263.8704528808594,33.342472076416016,2924.919921875
2019-06-28,47.38651657104492,24.59163475036621,240.21820068359375,,53.605403900146484,28.391115188598633,115.34806060791016,92.44417572021484,18.768224716186523,191.4972381591797,29.860549926757812,62.18409729003906,265.22833251953125,33.46056365966797,2941.760009765625
2019-07-01,48.2556266784668,24.947797775268555,239.5728302001953,,54.45046615600586,28.479536056518555,115.41432189941406,93.99870300292969,18.673128128051758,191.4972381591797,30.17072105407715,63.75114059448242,267.63629150390625,33.49993133544922,2964.330078125
2019-07-02,48.538143157958984,24.718841552734375,241.31814575195312,,55.110050201416016,28.62238121032715,115.96919250488281,94.0979232788086,18.534814834594727,193.48165893554688,30.480913162231445,62.955074310302734,268.333251953125,33.79670715332031,2973.010009765625
2019-07-03,48.94038391113281,24.6340389251709,244.6542510986328,,55.622344970703125,28.6359806060791,117.71662902832031,93.94800567626953,18.629901885986328,195.66452026367188,30.604995727539062,62.66673278808594,270.4786376953125,34.0147590637207,2995.820068359375
2019-07-05,48.89727020263672,24.812116622924805,243.8451690673828,,56.1187629699707,28.62238121032715,116.41641235351562,94.50596618652344,18.802804946899414,194.8707733154297,30.27411651611328,62.30943298339844,270.1708984375,33.91179275512695,2990.409912109375
2019-07-08,47.889305114746094,24.761241912841797,244.89059448242188,,55.36297607421875,28.43873405456543,116.7477035522461,93.98967742919922,18.846027374267578,194.23573303222656,29.846752166748047,61.82679748535156,268.6863098144531,34.13589096069336,2975.949951171875
2019-07-09,48.18141174316406,24.88843536376953,245.4087371826172,,55.78351974487305,28.45913314819336,117.11209106445312,94.38936614990234,18.768224716186523,197.65884399414062,29.89500617980957,62.2122917175293,269.021240234375,34.184349060058594,2979.6298828125
2019-07-10,48.65785217285156,24.608598709106445,246.72679138183594,,56.55965042114258,28.329896926879883,116.94646453857422,94.11457061767578,18.716358184814453,201.15147399902344,30.370620727539062,62.71375274658203,270.3065490722656,34.21463394165039,2993.070068359375
2019-07-11,48.30351257324219,24.896921157836914,251.38092041015625,,56.74462890625,28.363906860351562,116.03546142578125,95.013916015625,18.811452865600586,199.66314697265625,29.626176834106445,62.889259338378906,270.94036865234375,34.499298095703125,2999.909912109375
2019-07-12,48.674625396728516,24.973236083984375,254.01719665527344,,56.77884292602539,28.3162899017334,111.22377014160156,96.01318359375,18.923830032348633,203.27479553222656,29.22638702392578,64.03321838378906,272.1532897949219,34.70524215698242,3013.77001953125
2019-07-15,49.13191604614258,24.7781982421875,255.0534210205078,,57.04863357543945,28.363906860351562,111.56329345703125,94.84735870361328,19.088085174560547,202.32229614257812,29.46764373779297,64.59422302246094,272.2437744140625,34.82032012939453,3014.300048828125
2019-07-16,48.9619140625,24.583160400390625,255.11709594726562,,57.209312438964844,28.227869033813477,109.73304748535156,95.86329650878906,18.984346389770508,202.25283813476562,29.53656768798828,63.9078483581543,271.3656921386719,34.753684997558594,3004.0400390625
2019-07-17,48.686588287353516,24.752758026123047,255.94432067871094,,56.850765228271484,28.044218063354492,109.20301055908203,94.92233276367188,18.707714080810547,200.22872924804688,29.460735321044922,64.09904479980469,269.51898193359375,34.70524215698242,2984.419921875
2019-07-18,49.239646911621094,24.998674392700195,257.1714172363281,,56.849769592285156,28.180252075195312,109.37693786621094,95.48855590820312,18.724998474121094,199.21665954589844,29.68132781982422,65.02674102783203,270.5057373046875,34.7415771484375,2995.110107421875
2019-07-19,48.5046272277832,24.930835723876953,255.89894104003906,,56.04487609863281,28.119029998779297,107.91934204101562,94.54759979248047,18.750940322875977,196.81552124023438,29.481422424316406,64.95153045654297,269.003173828125,34.493247985839844,2976.610107421875
2019-07-22,49.6131591796875,25.074993133544922,254.6807861328125,,56.440128326416016,28.180252075195312,106.53629302978516,95.15547180175781,18.033401489257812,200.7446746826172,29.51589012145996,66.19264221191406,269.66387939453125,34.16617965698242,2985.030029296875
2019-07-23,50.00101089477539,25.65162467956543,254.6171112060547,,56.843814849853516,28.329896926879883,106.70191955566406,96.89586639404297,17.998825073242188,200.7843475341797,29.701995849609375,67.04198455810547,271.592041015625,33.94511795043945,3005.469970703125
2019-07-24,49.96031188964844,26.007780075073242,255.28070068359375,,56.4272346496582,27.948989868164062,107.48041534423828,97.28726196289062,18.361909866333008,203.06643676757812,29.56414222717285,69.0854263305664,272.86834716796875,33.917850494384766,3019.56005859375
2019-07-25,49.56526565551758,25.727941513061523,254.34446716308594,,56.145050048828125,27.826555252075195,108.59017944335938,96.35458374023438,18.275463104248047,199.147216796875,29.412492752075195,67.92578887939453,271.5648193359375,33.984466552734375,3003.669921875
2019-07-26,49.73765563964844,26.09257698059082,255.77149963378906,,62.01139450073242,27.921775817871094,108.2671890258789,96.779296875,18.569385528564453,198.19467163085938,29.701995849609375,67.90699768066406,273.3844299316406,34.226749420166016,3025.860107421875
2019-07-29,50.20212936401367,25.880584716796875,254.64443969726562,,61.46586608886719,27.61570167541504,110.1636962890625,96.47119140625,18.526166915893555,194.4143524169922,28.571552276611328,68.09190368652344,272.8863830566406,33.99962615966797,3020.969970703125
2019-07-30,49.98664855957031,26.194337844848633,254.0716552734375,,60.7581787109375,27.472856521606445,109.38522338867188,96.25468444824219,18.526166915893555,195.50576782226562,26.738006591796875,67.93832397460938,272.21661376953125,33.93601989746094,3013.179931640625
2019-07-31,51.006587982177734,26.01626205444336,250.5538330078125,,60.338619232177734,27.316417694091797,107.84479522705078,96.59609985351562,18.292753219604492,192.71763610839844,26.772472381591797,65.68488311767578,269.23846435546875,33.427249908447266,2980.3798828125
2019-08-01,49.90284729003906,25.00715446472168,249.59022521972656,,59.958248138427734,27.017127990722656,107.90277862548828,94.0479507446289,18.603973388671875,191.22930908203125,26.612445831298828,64.38736724853516,266.8940124511719,33.12441635131836,2953.56005859375
2019-08-02,48.84699630737305,24.913877487182617,247.70855712890625,,59.213356018066406,26.772260665893555,108.54878234863281,94.03962707519531,19.226409912109375,187.5482177734375,26.438508987426758,63.43772888183594,264.8843688964844,33.13047790527344,2932.050048828125
2019-08-05,46.28996658325195,23.811494827270508,240.98175048828125,,57.14683151245117,25.840402603149414,107.79512023925781,91.24166870117188,18.949771881103516,180.31497192382812,25.714927673339844,60.69850158691406,256.9184875488281,32.046321868896484,2844.739990234375
2019-08-06,47.16625213623047,24.099809646606445,244.8087158203125,,58.021148681640625,26.06486701965332,108.30030822753906,91.95780181884766,19.260986328125,183.07333374023438,25.707969665527344,61.47264862060547,260.5212097167969,32.48542404174805,2881.77001953125
2019-08-07,47.65467834472656,23.650379180908203,249.3446807861328,,58.22150802612305,26.030855178833008,107.8365249633789,89.95927429199219,20.66147232055664,183.70834350585938,25.450544357299805,61.86126708984375,260.6751708984375,32.767066955566406,2883.97998046875
2019-08-08,48.70574188232422,24.065889358520508,249.7992706298828,,59.74946212768555,26.08527183532715,109.0539321899414,91.48316955566406,20.18600082397461,188.67933654785156,25.65230941772461,63.57563781738281,265.7897033691406,33.02574157714844,2938.090087890625
2019-08-09,48.304378509521484,24.02349090576172,249.01751708984375,,58.91679763793945,25.697561264038086,109.35208129882812,91.38322448730469,20.160062789916992,186.3873291015625,25.29051971435547,62.46615982055664,263.97918701171875,32.648380279541016,2918.64990234375
2019-08-12,48.181819915771484,23.438377380371094,246.62672424316406,,58.25720977783203,25.02417755126953,109.26097869873047,89.66783905029297,19.943939208984375,183.9266357421875,24.622600555419922,61.64814376831055,260.7656555175781,32.02147674560547,2882.699951171875
2019-08-13,50.22224044799805,23.506214141845703,251.1265106201172,,59.37602615356445,25.17381477355957,110.49496459960938,91.05012512207031,19.926651000976562,186.982666015625,24.490407943725586,63.46907424926758,264.82110595703125,32.68793487548828,2926.320068359375
2019-08-14,48.72737121582031,22.403831481933594,243.75433349609375,,57.740455627441406,24.486827850341797,107.87794494628906,87.26956939697266,19.24763298034668,178.3107147216797,23.82248306274414,61.51652145385742,256.990966796875,32.3197021484375,2840.60009765625
2019-08-15,48.48463821411133,22.25967788696289,246.8177032470703,,57.88774490356445,24.58339500427246,108.10979461669922,87.60264587402344,19.352094650268555,181.1682891845703,23.989471435546875,61.40367889404297,257.66986083984375,34.29479217529297,2847.60009765625
2019-08-16,49.62862014770508,22.921106338500977,249.16293334960938,,58.40053939819336,24.914485931396484,108.78889465332031,89.70111846923828,19.726428985595703,182.2696533203125,24.10775375366211,63.039703369140625,261.4717102050781,34.3860969543457,2888.679931640625
2019-08-19,50.553897857666016,23.124622344970703,250.53555297851562,,59.43454360961914,25.21798324584961,109.5260009765625,90.50888061523438,20.013708114624023,184.7204132080078,24.47649574279785,64.1993179321289,264.6219177246094,34.635658264160156,2923.64990234375
2019-08-20,50.55630111694336,22.65822982788086,248.13575744628906,,58.652957916259766,24.948970794677734,108.15950012207031,89.3597183227539,19.944059371948242,182.37879943847656,24.079917907714844,63.96112060546875,262.59417724609375,34.10002136230469,2900.510009765625
2019-08-21,51.1042594909668,22.836305618286133,250.5991668701172,,59.077476501464844,25.011045455932617,108.9297103881836,89.60953521728516,20.31839370727539,182.12081909179688,24.26081657409668,64.4845199584961,264.73052978515625,34.090904235839844,2924.429931640625
2019-08-22,51.06099319458008,23.05678367614746,254.4534454345703,,58.9921760559082,24.969667434692383,108.71438598632812,90.53386688232422,20.605676651000977,180.62257385253906,24.406919479370117,64.4845199584961,264.6490478515625,34.05742263793945,2922.949951171875
2019-08-23,48.700927734375,22.44623565673828,249.08116149902344,,57.09574890136719,24.576492309570312,105.78264617919922,88.28550720214844,20.274871826171875,176.36598205566406,23.892065048217773,61.68263626098633,257.85089111328125,33.7287483215332,2847.110107421875
2019-08-26,49.626220703125,22.7091121673584,253.1262664794922,,57.96858215332031,24.555801391601562,106.63373565673828,88.99332427978516,20.82330894470215,178.95567321777344,24.239940643310547,62.20602798461914,260.7023010253906,34.08177185058594,2878.3798828125
2019-08-27,49.066246032714844,22.44623565673828,265.77984619140625,,57.91651153564453,24.528209686279297,108.16898345947266,88.05232238769531,20.126876831054688,179.88832092285156,23.892065048217773,61.97410202026367,259.679443359375,34.21263122558594,2869.159912109375
2019-08-28,49.39549255371094,22.768465042114258,267.6978454589844,,58.074214935302734,24.507518768310547,107.36796569824219,88.93502044677734,20.466388702392578,180.3447723388672,24.406919479370117,62.3658561706543,261.5079345703125,34.30392837524414,2887.93994140625
2019-08-29,50.231849670410156,23.175508499145508,270.1851501464844,,59.156829833984375,24.80412483215332,107.00084686279297,90.9501953125,20.605676651000977,184.12506103515625,24.58085823059082,63.86397933959961,264.8481140136719,34.717811584472656,2924.580078125
2019-08-30,50.166961669921875,23.328134536743164,268.5361328125,,58.92125701904297,24.762741088867188,107.10099029541016,91.48316955566406,20.614376068115234,184.2243194580078,24.733922958374023,64.16485595703125,264.73052978515625,34.77260208129883,2926.4599609375
2019-09-03,49.43635940551758,22.938064575195312,266.0671691894531,,57.943782806396484,24.748939514160156,107.41803741455078,90.40062713623047,20.901653289794922,180.96983337402344,25.1304988861084,63.1086540222168,263.1825866699219,34.88824462890625,2906.27001953125
2019-09-04,50.27510452270508,23.31117820739746,269.77508544921875,,58.589481353759766,25.32834243774414,107.5181655883789,91.49150085449219,21.467506408691406,185.682861328125,24.928733825683594,64.8042221069336,266.16973876953125,35.27473449707031,2937.780029296875
2019-09-05,51.25806427001953,24.002574920654297,270.54949951171875,,60.07577896118164,25.383527755737305,107.28455352783203,93.57331848144531,21.615495681762695,189.41355895996094,25.283567428588867,66.79753112792969,269.5915222167969,35.13169860839844,2976.0
2019-09-06,51.253265380859375,23.669677734375,276.7353820800781,,59.75590896606445,25.452505111694336,106.97582244873047,93.77315521240234,21.50232696533203,186.03013610839844,25.394893646240234,66.97615051269531,269.79962158203125,34.91562271118164,2978.7099609375
2019-09-09,51.47197341918945,24.437896728515625,272.3988952636719,,59.730125427246094,25.831876754760742,105.92448425292969,96.096435546875,21.928892135620117,187.2902374267578,25.624481201171875,67.22059631347656,269.93548583984375,35.402557373046875,2978.429931640625
2019-09-10,52.07999801635742,25.052471160888672,270.57684326171875,,59.80897521972656,26.294023513793945,108.0938949584961,97.32057189941406,22.47732925415039,184.7204132080078,26.007144927978516,67.52147674560547,269.8722229003906,35.317344665527344,2979.389892578125
2019-09-11,53.73588562011719,25.1463680267334,264.8282470703125,,60.51169967651367,26.62511444091797,109.44557189941406,97.58704376220703,22.259695053100586,187.02236938476562,26.028017044067383,68.53380584716797,271.7912292480469,35.3082160949707,3000.929931640625
2019-09-12,53.61573791503906,25.32561492919922,264.0993957519531,,61.20996856689453,26.721683502197266,108.82814025878906,98.18659973144531,22.277109146118164,186.0102996826172,25.937564849853516,68.6873779296875,272.7326354980469,35.58211135864258,3009.570068359375
2019-09-13,52.57268524169922,25.75240707397461,265.9305419921875,,61.47330856323242,26.997587203979492,109.12017059326172,100.1185073852539,22.834251403808594,185.73248291015625,25.68013572692871,68.5494613647461,272.5515441894531,35.73731231689453,3007.389892578125
2019-09-16,52.84907150268555,25.718265533447266,263.006103515625,,61.06366729736328,26.48025894165039,108.08554077148438,99.2275161743164,22.61661720275879,184.77001953125,25.624481201171875,68.10758209228516,271.7097473144531,35.171268463134766,2997.9599609375
2019-09-17,53.04133987426758,25.55608367919922,265.4841003417969,,60.9570426940918,26.418182373046875,108.19402313232422,98.73619079589844,22.32933807373047,186.6155242919922,25.394893646240234,68.25798797607422,272.39776611328125,35.45733642578125,3005.699951171875
2019-09-18,53.538822174072266,25.6072998046875,266.4133605957031,,61.118717193603516,26.34920310974121,108.81143188476562,99.72714233398438,21.95501136779785,186.67506408691406,25.311391830444336,68.38337707519531,272.560546875,35.655147552490234,3006.72998046875
2019-09-19,53.103824615478516,25.45366096496582,262.22265625,,61.431148529052734,26.369895935058594,108.56112670898438,99.41070556640625,22.47732925415039,188.6595001220703,25.401840209960938,67.93521118164062,272.54248046875,35.639930725097656,3006.7900390625
2019-09-20,52.327552795410156,25.257335662841797,260.88336181640625,,60.9957275390625,26.32161521911621,109.84608459472656,99.01100158691406,22.355451583862305,188.45114135742188,25.527074813842773,66.68468475341797,271.25482177734375,35.60037612915039,2992.070068359375
2019-09-23,52.56547927856445,25.197582244873047,261.9857482910156,,61.19906234741211,26.287124633789062,109.92118835449219,98.99433135986328,22.390275955200195,185.36534118652344,25.213985443115234,67.47135925292969,271.1911926269531,35.79515075683594,2991.780029296875
2019-09-24,52.315528869628906,24.70250701904297,262.2955017089844,,60.4417724609375,26.149171829223633,109.76263427734375,97.70362091064453,22.468626022338867,179.86849975585938,25.053966522216797,66.3569107055664,269.0632019042969,36.03252029418945,2966.60009765625
2019-09-25,53.12064743041992,24.967113494873047,262.84210205078125,,61.81847381591797,26.19745635986328,109.29541778564453,98.26155090332031,22.433801651000977,181.3766632080078,24.977436065673828,67.46820068359375,270.6545715332031,36.05382537841797,2984.8701171875
2019-09-26,52.8466682434082,24.864688873291016,262.6144714355469,,61.56406021118164,26.28022003173828,107.50983428955078,97.45379638671875,22.442508697509766,178.70761108398438,24.89394187927246,67.5531997680664,270.0908203125,36.002079010009766,2977.6201171875
2019-09-27,52.58951187133789,25.052471160888672,260.5098571777344,,60.755699157714844,26.30782127380371,107.30123138427734,98.02836608886719,22.407684326171875,175.7210235595703,25.200075149536133,65.97281646728516,268.6357421875,36.0477409362793,2961.7900390625
2019-09-30,53.82722473144531,24.898834228515625,262.4776916503906,,60.453678131103516,26.39748764038086,107.95205688476562,98.00341796875,22.442508697509766,176.6934051513672,24.99830436706543,66.55523681640625,269.8816833496094,36.11772537231445,2976.739990234375
2019-10-01,53.97623062133789,24.27572250366211,258.6695861816406,,59.764339447021484,26.114681243896484,108.4610366821289,96.22137451171875,22.277109146118164,174.44105529785156,24.650426864624023,65.93189239501953,266.6713562011719,35.86512756347656,2940.25
2019-10-02,52.62316131591797,23.763574600219727,259.7446594238281,,58.3524284362793,25.61115074157715,110.13812255859375,94.30609893798828,21.807016372680664,173.24050903320312,24.142534255981445,64.96855926513672,261.96075439453125,35.338645935058594,2887.610107421875
2019-10-03,53.0701789855957,23.73796844482422,263.2886047363281,,58.907867431640625,25.762897491455078,109.46227264404297,94.17179107666016,21.40656280517578,177.9832763671875,24.664348602294922,66.1113510131836,264.10699462890625,35.39646530151367,2910.6298828125
2019-10-04,54.55782699584961,24.215970993041992,265.7209777832031,,59.95774841308594,25.666336059570312,111.5231704711914,96.21153259277344,21.580677032470703,179.04495239257812,24.99830436706543,67.21004486083984,267.68084716796875,35.9594841003418,2952.010009765625
2019-10-07,54.56984329223633,24.164758682250977,267.30615234375,,59.89229202270508,25.6318416595459,111.10601043701172,96.0016860961914,21.624204635620117,178.28094482421875,24.928733825683594,66.8165283203125,266.5260009765625,35.676448822021484,2938.7900390625
2019-10-08,53.930572509765625,23.584325790405273,265.92144775390625,,58.972347259521484,25.300752639770508,110.0046157836914,93.86122131347656,21.293397903442383,176.36598205566406,24.650426864624023,64.74820709228516,262.3882141113281,35.782955169677734,2893.06005859375
2019-10-09,54.56264114379883,23.806251525878906,270.4857177734375,,59.6259765625,25.473194122314453,107.81855010986328,94.54113006591797,21.354339599609375,178.44961547851562,24.831327438354492,65.80596923828125,264.8799133300781,36.193817138671875,2919.39990234375
2019-10-10,55.29804611206055,24.284257888793945,270.7043762207031,,59.941383361816406,25.80183982849121,107.68505096435547,95.86737060546875,20.753664016723633,178.6282196044922,24.900901794433594,66.44818115234375,266.6713562011719,36.4007568359375,2938.1298828125
2019-10-11,56.76888656616211,24.67690086364746,271.12347412109375,,60.27762985229492,26.710844039916992,109.57908630371094,97.48739624023438,21.11058235168457,182.7558135986328,25.1235408782959,68.01598358154297,269.4359436035156,36.592491149902344,2970.27001953125
2019-10-14,56.68718719482422,24.873220443725586,271.0505676269531,,60.36143493652344,26.738815307617188,109.07010650634766,97.74761199951172,20.980003356933594,181.85292053222656,25.255735397338867,68.00654602050781,269.1358947753906,36.26685333251953,2966.14990234375
2019-10-15,56.554996490478516,25.3768367767334,271.8431396484375,,61.644405364990234,26.990541458129883,110.83901977539062,100.69389343261719,21.16281509399414,187.41920471191406,25.394893646240234,69.50191497802734,271.8004455566406,36.37640380859375,2995.679931640625
2019-10-16,56.32667922973633,25.75240707397461,272.1985168457031,,61.6756477355957,27.03249740600586,112.78308868408203,100.4588623046875,21.33692741394043,188.07408142089844,25.283567428588867,68.51652526855469,271.36395263671875,36.342926025390625,2989.68994140625
2019-10-17,56.54536819458008,25.82923126220703,275.49639892578125,,62.14330291748047,27.179330825805664,113.61749267578125,101.0212631225586,21.267282485961914,188.90756225585938,25.367055892944336,68.63301849365234,272.1642150878906,36.470760345458984,2997.949951171875
2019-10-18,56.81694793701172,25.906055450439453,275.9154357910156,,61.767398834228516,27.081438064575195,106.55028533935547,101.19754791259766,20.840717315673828,184.4029083251953,25.367055892944336,67.90579986572266,270.9728698730469,36.25771713256836,2986.199951171875
2019-10-21,57.80231475830078,26.47794532775879,274.2937927246094,,61.80012893676758,27.375120162963867,106.81729888916016,103.70733642578125,20.98870849609375,188.28245544433594,25.367055892944336,69.24375915527344,272.8099060058594,36.440311431884766,3006.719970703125
2019-10-22,57.67013931274414,26.6315975189209,273.2826232910156,,61.63398742675781,27.417072296142578,107.80184936523438,104.74816131591797,21.63290786743164,180.92022705078125,25.346179962158203,68.63931274414062,271.91864013671875,36.39161682128906,2995.989990234375
2019-10-23,58.444007873535156,26.819379806518555,270.86834716796875,,62.443851470947266,27.52196502685547,108.38591003417969,105.02517700195312,21.74607276916504,184.7005615234375,25.582735061645508,67.31708526611328,272.7098388671875,36.321624755859375,3004.52001953125
2019-10-24,58.540138244628906,26.76816749572754,270.6223449707031,,62.53608703613281,27.591882705688477,106.38340759277344,104.94963836669922,21.702552795410156,184.92880249023438,25.31835174560547,68.98247528076172,273.15545654296875,36.24553680419922,3010.2900390625
2019-10-25,59.26112747192383,27.075450897216797,270.1212463378906,,62.74140167236328,27.633840560913086,107.0926284790039,105.78902435302734,22.00724220275879,186.42703247070312,25.582735061645508,70.42431640625,274.2740173339844,36.227298736572266,3022.550048828125
2019-10-28,59.854759216308594,27.17788314819336,272.34417724609375,,63.97477722167969,26.63393211364746,107.78517150878906,106.19194793701172,22.050762176513672,187.92527770996094,25.937564849853516,71.70562744140625,275.82000732421875,36.28207015991211,3039.419921875
2019-10-29,58.47045135498047,27.37420082092285,269.5381774902344,,62.616920471191406,26.550025939941406,107.73509979248047,106.12478637695312,21.441390991210938,187.8359375,26.58461570739746,70.962646484375,275.7381591796875,35.652099609375,3036.889892578125
2019-10-30,58.46324157714844,26.990095138549805,273.16412353515625,,62.550960540771484,26.522050857543945,110.83901977539062,105.53721618652344,21.53714942932129,186.7841796875,26.77246856689453,70.98783111572266,276.5838317871094,35.941219329833984,3046.77001953125
2019-10-31,59.78506088256836,26.691347122192383,271.26507568359375,,62.49243927001953,26.424152374267578,110.17149353027344,104.85729217529297,21.45009422302246,190.15771484375,26.695940017700195,70.62895965576172,275.8473205566406,35.68558120727539,3037.56005859375
2019-11-01,61.48179626464844,27.143735885620117,270.3337707519531,,63.16839599609375,26.61994743347168,109.47059631347656,107.2747573852539,21.75478744506836,192.11239624023438,26.70985221862793,72.25025939941406,278.40264892578125,35.79515075683594,3066.909912109375
2019-11-04,61.88555145263672,27.655885696411133,271.00030517578125,,64.04270935058594,26.934598922729492,108.66128540039062,108.13095092773438,21.75478744506836,193.20384216308594,26.459381103515625,73.85896301269531,279.5212707519531,35.7799186706543,3078.27001953125
2019-11-05,61.79663848876953,28.014385223388672,273.155029296875,,64.075439453125,26.871671676635742,108.81978607177734,108.36597442626953,24.22711181640625,192.8069610595703,26.076723098754883,73.89989471435547,279.2120666503906,36.17250442504883,3074.6201171875
2019-11-06,61.823081970214844,27.988779067993164,275.3371276855469,,64.06402587890625,26.92061996459961,109.27037811279297,108.53385925292969,23.50456428527832,190.05853271484375,26.167171478271484,73.40562438964844,279.2757263183594,36.36727523803711,3076.780029296875
2019-11-07,62.536590576171875,28.36435317993164,278.66046142578125,,64.91008758544922,26.878660202026367,109.66252136230469,109.12145233154297,23.382688522338867,188.9373016357422,25.928319931030273,73.84951782226562,280.2578430175781,36.589439392089844,3085.179931640625
2019-11-08,62.707740783691406,28.389957427978516,276.2957458496094,,65.0345687866211,26.738815307617188,110.97248840332031,109.44041442871094,23.521976470947266,189.3540496826172,26.026670455932617,74.22102355957031,280.9490051269531,36.3490104675293,3093.080078125
2019-11-11,63.204315185546875,28.32166862487793,274.67059326171875,,64.43052673339844,26.36821937561035,110.12144470214844,109.05430603027344,23.165058135986328,188.13363647460938,25.942378997802734,73.9156265258789,280.4124755859375,36.227298736572266,3087.010009765625
2019-11-12,63.14646530151367,28.24485206604004,274.36016845703125,,64.41118621826172,26.34724235534668,109.59577941894531,108.41635131835938,23.50456428527832,192.955810546875,25.97047233581543,74.06673431396484,281.0035400390625,36.25163269042969,3091.840087890625
2019-11-13,63.75152587890625,27.988779067993164,276.5514221191406,,64.37151336669922,25.80183982849121,109.52901458740234,107.84555053710938,23.556800842285156,191.68576049804688,25.710556030273438,74.14544677734375,281.094482421875,36.81769943237305,3094.0400390625
2019-11-14,63.31037139892578,27.911956787109375,278.0943298339844,,65.03902435302734,25.738910675048828,109.27037811279297,107.9462661743164,23.5655574798584,191.64605712890625,25.675430297851562,73.89989471435547,281.5036926269531,36.71725845336914,3096.6298828125
2019-11-15,64.06246948242188,28.108280181884766,277.2452697753906,,66.20001220703125,25.878751754760742,112.5911865234375,108.72692108154297,23.425443649291992,193.5808868408203,26.188234329223633,74.57676696777344,283.540771484375,36.17555236816406,3120.4599609375
2019-11-18,64.38548278808594,28.13389015197754,278.0487976074219,,65.49727630615234,26.039581298828125,112.49939727783203,109.64185333251953,23.653127670288086,195.8629608154297,26.146093368530273,74.40675354003906,283.74993896484375,36.59552001953125,3122.030029296875
2019-11-19,64.19023132324219,28.11681365966797,275.9487609863281,,65.2374038696289,26.17942237854004,112.4910659790039,109.6082763671875,23.5305233001709,197.7680206298828,26.455181121826172,74.0352554321289,283.6680603027344,36.48596954345703,3120.179931640625
2019-11-20,63.44295120239258,27.903423309326172,274.424072265625,,64.62195587158203,25.941682815551758,113.42558288574219,108.81084442138672,23.285327911376953,195.97210693359375,26.026670455932617,73.16323852539062,282.6130676269531,36.25466537475586,3108.4599609375
2019-11-21,63.158531188964844,28.03145980834961,274.150146484375,,64.53765106201172,25.759883880615234,113.8427734375,109.06269073486328,23.381656646728516,196.3888397216797,26.511383056640625,72.38247680664062,282.1584777832031,36.47684860229492,3103.5400390625
2019-11-22,63.10307312011719,28.32166862487793,273.2736511230469,,64.23959350585938,26.004613876342773,115.20280456542969,109.7845458984375,23.68815803527832,197.27194213867188,26.92583656311035,72.30691528320312,282.7859191894531,36.32467269897461,3110.2900390625
2019-11-25,64.20951080322266,28.569211959838867,273.0362854003906,,64.80248260498047,26.284313201904297,115.25322723388672,110.37212371826172,23.644371032714844,198.234375,27.171707153320312,74.04156494140625,284.9775390625,36.19076919555664,3133.639892578125
2019-11-26,63.708106994628906,28.466779708862305,275.0358581542969,,65.14269256591797,26.242355346679688,115.24481201171875,110.52322387695312,23.67940330505371,197.4207305908203,26.897750854492188,73.76451873779297,285.62322998046875,36.2729377746582,3140.52001953125
2019-11-27,64.56385040283203,28.526527404785156,274.5976867675781,,65.11491394042969,26.30528450012207,115.73210906982422,110.8506088256836,23.84578514099121,200.42715454101562,27.13658332824707,74.29654693603516,286.8963928222656,36.14207077026367,3153.6298828125
2019-11-29,64.421630859375,28.44118309020996,273.73016357421875,,64.71668243408203,26.053558349609375,115.513671875,110.59877014160156,23.94211196899414,200.0699462890625,27.05931282043457,73.50007629394531,285.8324279785156,36.24250030517578,3140.97998046875
2019-12-02,63.67676544189453,28.53506851196289,271.5207214355469,,63.97080612182617,25.738910675048828,115.4044418334961,110.3553466796875,24.292404174804688,198.14505004882812,26.897750854492188,72.36986541748047,283.40435791015625,36.30032730102539,3113.8701171875
2019-12-03,62.541419982910156,28.03145980834961,269.95037841796875,,64.23661804199219,25.403270721435547,115.23641204833984,108.93677520751953,23.985904693603516,197.27194213867188,26.72915267944336,71.24913024902344,281.5036926269531,36.11468505859375,3093.199951171875
2019-12-04,63.09343719482422,28.296064376831055,270.72637939453125,,65.48934173583984,25.50116539001465,117.10155487060547,111.08561706542969,24.2048282623291,197.1627655029297,26.792373657226562,72.37616729736328,283.2406921386719,36.120765686035156,3112.760009765625
2019-12-05,64.01907348632812,28.3990535736084,267.6038818359375,,65.86576080322266,25.431241989135742,117.25279998779297,111.68995666503906,23.469226837158203,197.80772399902344,26.715097427368164,72.73822784423828,283.74993896484375,36.27362060546875,3117.429931640625
2019-12-06,65.25569915771484,28.896831512451172,269.2929992675781,,66.48515319824219,25.780864715576172,117.9417495727539,113.35199737548828,24.073476791381836,199.4845733642578,26.897750854492188,73.78968811035156,286.3416748046875,36.61599349975586,3145.909912109375
2019-12-09,64.34207916259766,28.75950813293457,269.4846496582031,,66.63096618652344,25.752893447875977,118.04253387451172,112.82316589355469,24.379974365234375,199.7722930908203,26.918813705444336,73.45285034179688,285.4414367675781,36.487606048583984,3135.9599609375
2019-12-10,64.7181396484375,28.776674270629883,270.05078125,,66.6855239868164,25.66898536682129,117.61405944824219,112.89872741699219,24.406248092651367,199.30593872070312,27.031208038330078,73.76451873779297,285.1231384277344,36.42034912109375,3132.52001953125
2019-12-11,65.2701416015625,28.871084213256836,269.612548828125,,66.703369140625,25.983638763427734,118.44580078125,112.6301040649414,24.53760528564453,200.6851043701172,26.84856414794922,75.27561950683594,285.9324951171875,36.3775520324707,3141.6298828125
2019-12-12,65.43647003173828,29.763648986816406,271.47509765625,,66.9637222290039,26.522050857543945,118.74827575683594,115.8533935546875,24.695236206054688,195.21803283691406,27.073360443115234,77.31562805175781,288.39703369140625,36.609886169433594,3168.570068359375
2019-12-13,66.32594299316406,29.557674407958984,266.4809265136719,,66.84272003173828,26.871671676635742,118.78189086914062,114.83771514892578,24.59890365600586,192.59860229492188,26.92583656311035,76.97563934326172,288.5696716308594,36.77190399169922,3168.800048828125
2019-12-16,67.46133422851562,29.78081512451172,267.9690856933594,,67.5042953491211,27.214296340942383,119.12635803222656,115.28260803222656,24.79155921936035,196.37890625,27.494840621948242,77.71237182617188,290.55218505859375,36.84831619262695,3191.449951171875
2019-12-17,67.5938949584961,30.072620391845703,269.84075927734375,,67.20425415039062,27.20730209350586,120.61347198486328,115.98768615722656,25.133094787597656,196.84527587890625,27.326248168945312,78.06307220458984,290.61590576171875,37.07453918457031,3192.52001953125
2019-12-18,67.43240356445312,30.1326904296875,266.4809265136719,,67.08027648925781,27.291208267211914,120.30255889892578,115.87019348144531,24.80907440185547,200.9232635498047,27.31922721862793,78.02201080322266,290.6340637207031,36.64045715332031,3191.139892578125
2019-12-19,67.49988555908203,29.995384216308594,268.16082763671875,,67.24989318847656,27.186325073242188,122.1173095703125,115.29100036621094,25.185630798339844,204.45555114746094,27.375425338745117,78.65069580078125,291.8253173828125,36.707706451416016,3205.3701171875
2019-12-20,67.36007690429688,30.003948211669922,269.1834411621094,,66.92999267578125,27.193321228027344,122.71381378173828,115.19866943359375,25.39580726623535,204.6936798095703,27.55806541442871,79.39945983886719,293.104736328125,36.77190399169922,3221.219970703125
2019-12-23,68.45928955078125,30.184186935424805,267.7956237792969,,66.89281463623047,27.116403579711914,123.03308868408203,115.16507720947266,25.29947280883789,204.57460021972656,27.621286392211914,79.6521987915039,293.5526123046875,36.38671875,3224.010009765625
2019-12-24,68.52436065673828,30.227100372314453,268.6355895996094,,66.63096618652344,27.053470611572266,122.60462951660156,115.48406982421875,25.48337745666504,203.5228271484375,27.60021209716797,79.78173065185547,293.5617370605469,36.53345489501953,3223.3798828125
2019-12-26,69.88391876220703,30.484573364257812,270.005126953125,,67.46610260009766,27.214296340942383,122.5206069946289,116.70954895019531,25.29947280883789,206.1720733642578,27.663442611694336,79.87334442138672,295.1244201660156,36.53651428222656,3239.909912109375
2019-12-27,69.85739135742188,30.338668823242188,268.52606201171875,,67.0440673828125,27.270240783691406,122.45336151123047,116.79353332519531,25.185630798339844,206.4796600341797,27.621286392211914,79.71537780761719,295.0513610839844,36.55791473388672,3240.02001953125
2019-12-30,70.27201080322266,30.167022705078125,269.4664611816406,,66.26297760009766,27.256254196166992,122.07532501220703,116.36540985107422,25.448352813720703,202.8184051513672,27.333267211914062,79.1151351928711,293.424560546875,36.49983596801758,3221.2900390625
2019-12-31,70.78545379638672,30.227100372314453,268.35247802734375,,66.30663299560547,27.333171844482422,122.55419158935547,117.01172637939453,25.387052536010742,203.65182495117188,27.52294158935547,79.32996368408203,294.1373596191406,36.328636169433594,3230.780029296875
2020-01-02,72.4005126953125,30.587556838989258,266.13397216796875,,67.811767578125,27.528949737548828,122.63824462890625,118.43033599853516,25.098060607910156,208.1465606689453,27.494840621948242,80.96961975097656,296.8880920410156,36.35921096801758,3257.85009765625
2020-01-03,71.69664764404297,29.952470779418945,266.3530578613281,,67.47899627685547,27.1024169921875,121.21832275390625,116.86748504638672,25.133094787597656,207.04519653320312,27.34732437133789,79.45947265625,294.64013671875,36.038238525390625,3234.85009765625
2020-01-06,72.2679214477539,29.90955924987793,266.4260559082031,,69.14283752441406,27.01151466369629,121.06710815429688,116.7745361328125,25.22066307067871,210.94459533691406,27.312198638916016,78.63175201416016,295.76409912109375,35.96487045288086,3246.280029296875
2020-01-07,71.92805480957031,29.712156295776367,266.0061340332031,,69.09970092773438,26.808740615844727,121.80645751953125,114.78931427001953,25.036766052246094,211.40103149414062,27.22087860107422,80.07872009277344,294.93255615234375,35.63166046142578,3237.179931640625
2020-01-08,73.0851058959961,30.01254653930664,269.05560302734375,,69.64422607421875,26.74580955505371,121.7896728515625,115.68478393554688,24.887889862060547,213.54420471191406,27.438648223876953,80.00601959228516,296.50439453125,35.5093879699707,3253.050048828125
2020-01-09,74.63751220703125,30.06403160095215,273.3740539550781,,70.41341400146484,26.92061996459961,122.15094757080078,116.10717010498047,24.9054012298584,216.6002197265625,27.31922721862793,80.51153564453125,298.5148010253906,35.876220703125,3274.699951171875
2020-01-10,74.80623626708984,29.815149307250977,271.38372802734375,,70.90437316894531,26.668895721435547,121.8736801147461,114.94979858398438,24.835350036621094,216.3621063232422,27.74070930480957,80.0439682006836,297.65582275390625,35.576637268066406,3265.35009765625
2020-01-13,76.40441131591797,30.08977699279785,273.7850341796875,,71.37552642822266,26.934598922729492,122.41136932373047,115.9044189453125,24.887889862060547,220.18211364746094,27.684511184692383,80.9791030883789,299.70294189453125,35.423789978027344,3288.1298828125
2020-01-14,75.37271881103516,30.312923431396484,273.6754150390625,,70.9614028930664,26.83670997619629,123.10028076171875,117.25605773925781,25.25568962097168,217.3543243408203,28.148149490356445,81.15601348876953,299.2460021972656,35.515499114990234,3283.14990234375
2020-01-15,75.04969787597656,29.755067825317383,274.65228271484375,,71.3740234375,26.815732955932617,123.51197814941406,115.49897766113281,24.774049758911133,219.42803955078125,28.569631576538086,80.29668426513672,299.92218017578125,35.2403678894043,3289.2900390625
2020-01-16,75.98980712890625,29.79798698425293,276.67010498046875,,71.99393463134766,27.004526138305664,124.51180267333984,115.94666290283203,24.590147018432617,220.04322814941406,28.527477264404297,81.56671905517578,302.4170227050781,35.429893493652344,3316.81005859375
2020-01-17,76.83108520507812,29.789398193359375,278.1766052246094,,73.41675567626953,27.109411239624023,125.32673645019531,116.74921417236328,24.651445388793945,220.4103546142578,28.457237243652344,82.17963409423828,303.3583984375,35.14255142211914,3329.6201171875
2020-01-21,76.31040954589844,29.403188705444336,286.0102844238281,,73.6156234741211,26.522050857543945,125.41075897216797,115.60032653808594,24.879133224487305,219.7157745361328,28.337812423706055,82.13225555419922,302.7643737792969,35.335140228271484,3320.7900390625
2020-01-22,76.58281707763672,29.4890193939209,284.7593994140625,,73.69249725341797,26.61994743347168,124.55379486083984,115.46512603759766,24.844104766845703,219.5967254638672,28.23244285583496,82.68511962890625,302.8009948730469,35.49103927612305,3321.75
2020-01-23,76.95161437988281,29.283035278320312,285.6632995605469,,73.72720336914062,26.375213623046875,124.7890396118164,115.34683990478516,24.9054012298584,218.04885864257812,28.59772300720215,83.31063842773438,303.14813232421875,35.40239334106445,3325.5400390625
2020-01-24,76.72987365722656,28.785263061523438,283.49945068359375,,72.73833465576172,26.235363006591797,124.61261749267578,112.48304748535156,24.686479568481445,216.24302673339844,27.9725284576416,82.42604064941406,300.4522705078125,34.96219253540039,3295.469970703125
2020-01-27,74.47360229492188,28.193073272705078,282.5316467285156,,71.11117553710938,25.529132843017578,124.97386932373047,111.5368881225586,24.80907440185547,213.1969451904297,28.211366653442383,79.2793960571289,295.6361389160156,35.41767883300781,3243.6298828125
2020-01-28,76.58037567138672,28.527790069580078,283.80987548828125,,72.03658294677734,25.682966232299805,125.60401153564453,113.56434631347656,24.80907440185547,216.0941925048828,26.792373657226562,81.11809539794922,298.7341613769531,35.64389419555664,3276.239990234375
2020-01-29,78.18339538574219,28.33039093017578,282.6502685546875,,72.33763122558594,25.66199493408203,126.47777557373047,113.39543151855469,24.03844451904297,221.4918670654297,26.398983001708984,79.6269302368164,298.4873962402344,35.42684555053711,3273.39990234375
2020-01-30,78.07012176513672,28.733768463134766,282.5499267578125,,72.19924926757812,25.899730682373047,126.32652282714844,114.79776000976562,24.126020431518555,207.8985137939453,26.30672836303711,79.63008880615234,299.45611572265625,35.63777542114258,3283.659912109375
2020-01-31,74.60855865478516,28.175920486450195,278.9435119628906,,71.12755584716797,25.375301361083984,125.0746841430664,111.81568908691406,23.52176856994629,200.3378448486328,26.427370071411133,76.78984069824219,294.01861572265625,34.99887466430664,3225.52001953125
2020-02-03,74.40367889404297,28.296062469482422,275.72967529296875,,73.69200134277344,25.214479446411133,126.16692352294922,112.66890716552734,23.62685203552246,202.60011291503906,26.618967056274414,77.64921569824219,296.2027282714844,34.931617736816406,3248.919921875
2020-02-04,76.86001586914062,28.853918075561523,278.37750244140625,,71.76431274414062,25.55011558532715,127.36835479736328,114.29090118408203,23.985904693603516,208.19619750976562,26.746713638305664,80.07553100585938,300.7172546386719,35.237308502197266,3297.590087890625
2020-02-05,77.48674774169922,29.789398193359375,282.0751037597656,,71.82184600830078,25.857776641845703,129.3763427734375,116.23389434814453,24.590147018432617,208.4739990234375,27.087345123291016,81.92057800292969,304.18994140625,35.70808410644531,3334.68994140625
2020-02-06,78.39311218261719,29.755067825317383,284.1886901855469,,73.21044158935547,25.941682815551758,128.98985290527344,116.25078582763672,24.563871383666992,209.208251953125,27.15121078491211,81.96797180175781,305.21356201171875,35.55523681640625,3345.780029296875
2020-02-07,77.32754516601562,29.703577041625977,286.9517822265625,,73.3592300415039,26.081525802612305,127.6119613647461,115.8790512084961,24.485057830810547,210.6767120361328,27.002182006835938,80.03445434570312,303.58685302734375,35.5980339050293,3327.7099609375
2020-02-10,77.69482421875,29.772233963012695,287.0981140136719,,74.81973266601562,26.17942237854004,127.5868148803711,116.3606185913086,24.642688751220703,211.40103149414062,26.83186912536621,81.15601348876953,305.8531494140625,35.231201171875,3352.090087890625
2020-02-11,77.2260513305664,29.840890884399414,284.2526550292969,,74.8251953125,26.74580955505371,127.69599151611328,116.58023071289062,24.9054012298584,205.57675170898438,27.030567169189453,82.79570007324219,306.38330078125,35.277061462402344,3357.75
2020-02-12,79.05999755859375,29.969623565673828,288.31500244140625,,75.29532623291016,26.990541458129883,126.93982696533203,116.58023071289062,25.124332427978516,209.1189422607422,26.782201766967773,84.07205200195312,308.3572082519531,35.41462326049805,3379.449951171875
2020-02-13,78.49701690673828,29.961044311523438,291.1330261230469,,75.11629486083984,26.717832565307617,126.09968566894531,116.47888946533203,25.212400436401367,211.4803924560547,26.207378387451172,84.16051483154297,308.0282287597656,35.90067672729492,3373.93994140625
2020-02-14,78.51636505126953,29.90955924987793,291.2336120605469,,75.4178237915039,26.52903938293457,126.13327026367188,116.12406921386719,24.86014175415039,212.51229858398438,25.909324645996094,83.87934875488281,308.5216979980469,36.038238525390625,3380.159912109375
2020-02-18,77.07865905761719,29.411773681640625,294.65545654296875,,75.36476135253906,25.046661376953125,125.30152130126953,114.58657836914062,26.16347312927246,216.10415649414062,25.774490356445312,82.8020248413086,307.72674560546875,36.57013702392578,3370.2900390625
2020-02-19,78.1949691772461,29.79798698425293,295.5430603027344,,75.71290588378906,25.333351135253906,125.1335220336914,116.1494140625,26.01376724243164,215.79653930664062,25.710620880126953,84.89030456542969,309.1979675292969,35.974037170410156,3386.14990234375
2020-02-20,77.39277648925781,29.90955924987793,296.5128173828125,,75.28938293457031,25.291393280029297,124.65459442138672,116.1494140625,26.225120544433594,212.90921020507812,25.440959930419922,83.65818786621094,307.9277038574219,35.977088928222656,3373.22998046875
2020-02-21,75.64099884033203,29.4890193939209,294.56414794921875,,73.65083312988281,25.494171142578125,125.96525573730469,114.73017120361328,26.69185447692871,208.54345703125,25.34870147705078,81.17182159423828,304.756591796875,36.249168395996094,3337.75
2020-02-24,72.04798126220703,28.0900936126709,286.942626953125,,70.50069427490234,24.822906494140625,123.3695068359375,111.64671325683594,26.656625747680664,199.1571044921875,24.603567123413086,77.28271484375,294.6492919921875,35.558292388916016,3225.889892578125
2020-02-25,69.60760498046875,26.674001693725586,278.9368896484375,,68.85719299316406,24.347423553466797,122.30419158935547,106.66248321533203,26.128250122070312,195.2378692626953,24.078428268432617,74.97958374023438,285.7207336425781,34.96830368041992,3128.2099609375
2020-02-26,70.71182250976562,26.287792205810547,279.6871643066406,,69.09176635742188,24.9417781829834,121.48400115966797,106.98350524902344,25.318071365356445,195.66452026367188,24.639047622680664,75.08068084716797,284.66973876953125,34.78183364868164,3116.389892578125
2020-02-27,66.08951568603516,25.000438690185547,268.1955261230469,,65.36783599853516,24.36542320251465,117.62844848632812,102.53150177001953,24.974628448486328,188.27255249023438,24.19906997680664,71.61494445800781,271.8847351074219,33.74858856201172,2978.760009765625
2020-02-28,66.05084991455078,24.459749221801758,257.2254638671875,,66.42118072509766,24.18531036376953,113.70523071289062,98.08792877197266,24.772085189819336,190.97134399414062,23.716508865356445,73.22933959960938,270.742431640625,32.9171028137207,2954.219970703125
2020-03-02,72.20024108886719,25.2064151763916,282.8437194824219,,68.8899154663086,24.32940101623535,118.3894271850586,102.65819549560547,26.13705825805664,194.91046142578125,24.752599716186523,75.82313537597656,282.4674072265625,35.423789978027344,3090.22998046875
2020-03-03,69.9072265625,23.816068649291992,276.9788513183594,,66.52335357666016,23.464866638183594,114.64376831054688,98.80597686767578,25.83763885498047,184.4425811767578,24.34099769592285,73.15351867675781,274.3796691894531,34.515872955322266,3003.3701171875
2020-03-04,73.14983367919922,24.365341186523438,293.4569091796875,,68.76146697998047,23.94036102294922,121.31490325927734,101.24739837646484,27.26426124572754,190.2668914794922,25.831262588500977,76.8909683227539,285.91259765625,35.69586181640625,3130.1201171875
2020-03-05,70.77708435058594,23.130233764648438,288.90057373046875,,65.41494750976562,23.58013916015625,120.07199096679688,96.28008270263672,29.474637985229492,183.72817993164062,25.16419219970703,74.5752182006836,276.40838623046875,35.43601608276367,3023.93994140625
2020-03-06,69.83712768554688,22.206058502197266,284.8565979003906,,64.391845703125,23.241527557373047,120.0888900756836,91.30430603027344,28.21533966064453,179.67994689941406,24.851945877075195,72.94499969482422,271.8390197753906,35.836483001708984,2972.3701171875
2020-03-09,64.3135757446289,18.941226959228516,276.2927551269531,,60.283077239990234,21.93752670288086,115.3624496459961,78.93665313720703,27.5196475982666,168.1802215576172,23.957786560058594,66.71487426757812,250.6098175048828,35.815067291259766,2746.56005859375
2020-03-10,68.94554901123047,20.39226531982422,283.0815734863281,,63.49818420410156,22.816469192504883,119.7591552734375,85.06979370117188,28.708484649658203,176.80255126953125,24.546796798706055,71.09367370605469,263.5777587890625,36.61904525756836,2882.22998046875
2020-03-11,66.551025390625,19.580371856689453,272.12982177734375,,60.275638580322266,22.2689266204834,111.43925476074219,81.06551361083984,26.938426971435547,168.91444396972656,22.829442977905273,67.10977935791016,250.7287139892578,34.980533599853516,2741.3798828125
2020-03-12,59.97879409790039,17.714757919311523,256.045166015625,,55.291561126708984,20.568679809570312,106.03641510009766,74.38327026367188,25.643901824951172,153.26724243164062,21.30369758605957,59.75177001953125,226.7396697998047,31.80743408203125,2480.639892578125
2020-03-13,67.16474151611328,20.867300033569336,276.55810546875,,60.4898796081543,21.541276931762695,113.54458618164062,87.78153991699219,27.044103622436523,168.95411682128906,23.212657928466797,66.1620101928711,246.1228790283203,34.87965393066406,2711.02001953125
2020-03-16,58.52421951293945,17.6542911529541,259.0918884277344,,53.77500915527344,20.273298263549805,107.49069213867188,74.64514923095703,27.387548446655273,144.87310791015625,21.417236328125,56.08700942993164,219.19117736816406,32.63585662841797,2386.1298828125
2020-03-17,61.09752655029297,18.984411239624023,280.87652587890625,,55.53406524658203,21.397192001342773,115.4892807006836,79.20699310302734,29.060745239257812,148.25656127929688,22.82234001159668,61.02182388305664,231.0257568359375,36.457027435302734,2529.18994140625
2020-03-18,59.601863861083984,17.95659065246582,281.3432312011719,,54.393436431884766,20.60470199584961,114.11109924316406,70.86895751953125,29.862117767333984,145.8157196044922,22.964277267456055,56.008018493652344,219.32821655273438,37.47193145751953,2398.10009765625
2020-03-19,59.14518737792969,18.310714721679688,279.2572021484375,,55.310401916503906,20.950515747070312,107.42304229736328,72.06009674072266,30.099884033203125,151.93768310546875,21.587556838989258,57.448646545410156,219.7943115234375,36.67668151855469,2409.389892578125
2020-03-20,55.390323638916016,16.98923110961914,265.7160949707031,,53.17940139770508,20.75599479675293,101.369140625,70.53951263427734,27.977569580078125,148.56414794921875,20.586952209472656,55.81214141845703,210.32240295410156,34.99407196044922,2304.919921875
2020-03-23,54.21360778808594,15.615926742553711,261.24200439453125,,52.400794982910156,20.266088485717773,93.97086334228516,66.7633056640625,27.36994171142578,146.94683837890625,20.217926025390625,57.80565643310547,204.9449005126953,35.08926010131836,2237.39990234375
2020-03-24,59.65260696411133,18.163883209228516,260.7022705078125,,56.26110076904297,21.31794548034668,100.76882934570312,74.70429992675781,26.550954818725586,159.7265625,21.076602935791016,64.05789184570312,223.5135040283203,35.319541931152344,2447.330078125
2020-03-25,59.323997497558594,18.224340438842773,256.96923828125,,54.67561721801758,21.397192001342773,100.95482635498047,77.49207305908203,24.604764938354492,154.9936981201172,21.112089157104492,63.222877502441406,226.859619140625,33.59086227416992,2475.56005859375
2020-03-26,62.44579315185547,19.623558044433594,267.4361877441406,,57.61448669433594,21.706981658935547,107.0172119140625,82.89024353027344,25.538227081298828,162.0681610107422,22.531394958496094,67.4740982055664,240.10585021972656,33.71982955932617,2630.070068359375
2020-03-27,59.86039733886719,18.65620231628418,260.14410400390625,,55.08326721191406,20.799222946166992,104.13399505615234,76.9852066040039,25.6527042388916,155.56915283203125,21.92818832397461,64.12638092041016,232.95419311523438,33.64613723754883,2541.469970703125
2020-03-30,61.56869888305664,19.036230087280273,266.3565368652344,,56.87406921386719,20.792020797729492,112.46234893798828,78.98731994628906,26.110637664794922,164.65785217285156,23.184268951416016,66.35816955566406,240.51956176757812,35.36867904663086,2626.64990234375
2020-03-31,61.44304656982422,18.336627960205078,260.8760681152344,,57.66705322265625,20.179641723632812,110.87277221679688,76.05594635009766,26.524534225463867,165.501220703125,23.162981033325195,65.05523681640625,236.93447875976562,34.8866081237793,2584.590087890625
2020-04-01,58.21010208129883,17.075607299804688,262.3857727050781,,54.83084487915039,18.111967086791992,108.91117095947266,71.26602172851562,26.859172821044922,158.35728454589844,22.531394958496094,61.49513626098633,226.271240234375,35.04627227783203,2470.5
2020-04-02,59.18144226074219,17.766578674316406,266.6859436035156,,55.58564758300781,17.67249870300293,112.58069610595703,73.92707824707031,27.827863693237305,156.95828247070312,23.326200485229492,63.3275146484375,231.49256896972656,36.43105697631836,2526.89990234375
2020-04-03,58.33091735839844,17.300172805786133,264.0966491699219,,54.446990966796875,17.528409957885742,113.44314575195312,71.7419662475586,28.435497283935547,152.97947692871094,23.87263298034668,62.12916946411133,228.14654541015625,36.68589782714844,2488.64990234375
2020-04-06,63.4195671081543,18.474815368652344,279.1656799316406,,58.86273956298828,18.32089614868164,118.16957092285156,76.35973358154297,28.734912872314453,164.26097106933594,24.532604217529297,68.46636199951172,243.4702911376953,38.7093391418457,2663.679931640625
2020-04-07,62.68501281738281,19.12260627746582,277.8023986816406,,58.8424072265625,18.443370819091797,116.24180603027344,77.366943359375,28.056827545166016,167.5154266357422,23.851337432861328,68.22225189208984,243.71849060058594,37.456581115722656,2659.409912109375
2020-04-08,64.28942108154297,20.254070281982422,279.9433898925781,,60.0212287902832,18.738754272460938,121.12889862060547,80.49098205566406,27.31710433959961,172.92300415039062,24.55389404296875,70.50477600097656,251.89976501464844,37.41053771972656,2749.97998046875
2020-04-09,64.75333404541016,21.471904754638672,274.4903869628906,,60.07925033569336,19.279088973999023,119.4124984741211,87.7121353149414,27.352325439453125,173.82591247558594,25.114521026611328,68.97994232177734,255.73304748535156,37.39824295043945,2789.820068359375
2020-04-13,66.02428436279297,20.660015106201172,274.1335144042969,,60.382259368896484,19.048542022705078,118.17803192138672,83.81133270263672,27.59009552001953,173.4290313720703,24.937101364135742,69.75979614257812,253.3981170654297,38.47290802001953,2761.6298828125
2020-04-14,69.35871124267578,20.49590301513672,287.4184265136719,,62.94472885131836,19.343923568725586,123.47098541259766,81.51526641845703,28.25937271118164,176.78269958496094,25.85965347290039,72.97752380371094,260.8714599609375,39.608970642089844,2846.06005859375
2020-04-15,68.72563934326172,19.165788650512695,283.87750244140625,,62.60947799682617,18.335302352905273,124.84917449951172,77.49497985839844,28.206531524658203,175.592041015625,25.5261173248291,70.80595397949219,255.3285675048828,39.535282135009766,2783.360107421875
2020-04-16,69.27174377441406,18.500728607177734,294.20721435546875,,62.65907287597656,18.19841957092285,126.54864501953125,74.54166412353516,28.136083602905273,174.87767028808594,25.462247848510742,72.79366302490234,256.560302734375,40.631446838378906,2799.550048828125
2020-04-17,68.33184051513672,20.107236862182617,290.8768005371094,,63.6400146484375,18.702728271484375,128.53565979003906,81.24211120605469,28.118473052978516,177.8444061279297,26.193180084228516,73.35792541503906,263.4914245605469,40.56695556640625,2874.56005859375
2020-04-20,66.91348266601562,19.43354034423828,285.5335998535156,,62.81480026245117,18.385732650756836,128.23973083496094,78.28025817871094,28.118473052978516,176.8521728515625,25.604171752929688,71.76333618164062,258.8492431640625,39.86996841430664,2823.159912109375
2020-04-21,64.84515380859375,18.69074249267578,275.6980895996094,,60.32176208496094,17.780561447143555,126.55709075927734,76.009765625,28.32982063293457,169.47007751464844,25.277729034423828,68.24763488769531,250.98971557617188,39.673458099365234,2736.56005859375
2020-04-22,66.71289825439453,18.828943252563477,283.099853515625,,62.646175384521484,17.98949432373047,129.35580444335938,76.2573013305664,28.453113555908203,180.86070251464844,25.724811553955078,72.37834167480469,256.560302734375,40.40422439575195,2799.31005859375
2020-04-23,66.45439147949219,18.889402389526367,279.4217529296875,,63.29584503173828,18.018306732177734,131.48646545410156,76.3000259399414,28.955066680908203,183.68850708007812,26.037067413330078,71.65555572509766,256.5418701171875,39.46467208862305,2797.800048828125
2020-04-24,68.37288665771484,19.15715217590332,284.1337585449219,,63.44462203979492,17.996694564819336,130.93692016601562,77.42669677734375,29.0255184173584,188.59005737304688,26.52672004699707,73.1455307006836,260.1177062988281,39.74408721923828,2836.739990234375
2020-04-27,68.42121124267578,20.27134132385254,282.51434326171875,,63.27452087402344,18.601869583129883,130.45494079589844,80.76412200927734,29.307315826416016,186.04005432128906,27.200885772705078,74.1219482421875,263.8682556152344,39.39405059814453,2878.47998046875
2020-04-28,67.31211853027344,20.63410186767578,279.01007080078125,,61.18120193481445,18.645095825195312,128.00296020507812,81.33602142333984,28.497140884399414,181.48577880859375,26.902833938598633,73.73836517333984,262.6548767089844,39.30193328857422,2863.389892578125
2020-04-29,69.52302551269531,21.40281105041504,280.96807861328125,,66.52780151367188,19.14940643310547,127.03060150146484,83.52965545654297,27.757415771484375,192.67796325683594,27.051864624023438,77.23824310302734,269.53076171875,37.950931549072266,2939.510009765625
2020-04-30,70.98967742919922,20.772294998168945,277.8593444824219,,66.88388061523438,18.537029266357422,126.86151123046875,81.7371826171875,27.836668014526367,203.11607360839844,27.2221736907959,74.51187133789062,267.0212707519531,37.321495056152344,2912.429931640625
2020-05-01,69.8468017578125,19.93449592590332,276.868896484375,,65.49280548095703,18.212827682495117,125.38185119628906,79.59474182128906,28.1448917388916,200.69505310058594,26.711233139038086,70.87886810302734,259.9523010253906,37.74214172363281,2830.7099609375
2020-05-04,70.83506774902344,19.804933547973633,279.2257080078125,,65.7997817993164,17.838199615478516,125.36495208740234,78.64730072021484,28.6468505859375,203.66175842285156,26.69703483581543,71.468505859375,260.6693115234375,37.98164749145508,2842.739990234375
2020-05-05,71.89822387695312,19.571731567382812,282.3711242675781,,67.00538635253906,17.93185806274414,126.40496063232422,78.52780151367188,28.89342498779297,205.45770263671875,27.328628540039062,72.6700210571289,263.07769775390625,38.297889709472656,2868.43994140625
2020-05-06,72.64000701904297,19.303987503051758,283.26068115234375,,66.8164291381836,17.88142204284668,125.20429229736328,77.0511245727539,28.867000579833984,206.84677124023438,27.328628540039062,73.56085205078125,261.2943420410156,37.85881042480469,2848.419921875
2020-05-07,73.39144897460938,19.727205276489258,279.6933898925781,,68.06916046142578,18.162397384643555,124.78998565673828,77.85346221923828,28.778945922851562,209.6150665283203,26.49005699157715,74.22339630126953,264.4473876953125,37.590518951416016,2881.18994140625
2020-05-08,75.13829040527344,20.357711791992188,280.55535888671875,,68.85321807861328,18.46497917175293,125.72850036621094,79.12527465820312,29.360158920288086,210.6965789794922,26.676408767700195,76.41399383544922,268.822998046875,37.91432571411133,2929.800048828125
2020-05-11,76.32061767578125,19.502641677856445,284.5811462402344,,69.59165954589844,18.36412239074707,126.07521057128906,76.7950668334961,29.703601837158203,211.5200958251953,27.307125091552734,76.34107208251953,268.8780212402344,38.13945007324219,2930.18994140625
2020-05-12,75.44841766357422,18.889402389526367,279.546630859375,,68.22686004638672,18.032716751098633,124.4095230102539,74.28557586669922,29.545093536376953,208.46408081054688,26.77674674987793,74.31535339355469,263.51898193359375,38.173377990722656,2870.1201171875
2020-05-13,74.53744506835938,18.02569007873535,277.0707702636719,,66.91710662841797,17.794967651367188,124.40101623535156,71.72489929199219,30.02943229675293,203.50302124023438,26.554567337036133,72.88241577148438,258.8584289550781,38.15179443359375,2820.0
2020-05-14,74.995361328125,18.75120735168457,274.8698425292969,,67.25434875488281,17.679704666137695,124.8322525024414,74.70381927490234,29.00308609008789,205.19970703125,27.17811393737793,74.83208465576172,261.95623779296875,38.062355041503906,2852.5
2020-05-15,74.55199432373047,18.51800537109375,274.3837890625,,68.10040283203125,17.528409957885742,127.19976043701172,73.3210678100586,28.764198303222656,209.2379913330078,27.063434600830078,73.2850341796875,263.160400390625,38.839515686035156,2863.699951171875
2020-05-18,76.30851745605469,19.804933547973633,277.6392517089844,,68.6335220336914,18.19841957092285,127.26741027832031,77.20477294921875,28.543001174926758,211.53001403808594,27.285621643066406,76.65174102783203,271.1763000488281,39.36996078491211,2953.909912109375
2020-05-19,75.86756896972656,19.183061599731445,279.3541564941406,,68.11502838134766,17.939062118530273,125.99907684326172,75.68541717529297,28.100616455078125,215.1912841796875,27.0060977935791,76.40132141113281,268.39093017578125,38.534210205078125,2922.93994140625
2020-05-20,77.3430404663086,19.787660598754883,279.61083984375,,69.76325225830078,18.10476303100586,124.8660659790039,77.9559097290039,28.578397750854492,228.17938232421875,26.970260620117188,79.21642303466797,272.950439453125,38.68839645385742,2971.610107421875
2020-05-21,76.76641845703125,19.77902603149414,276.91473388671875,,69.56885528564453,17.57883644104004,124.04595184326172,76.96575927734375,28.41913604736328,229.5883026123047,26.705081939697266,77.22239685058594,271.06591796875,38.546539306640625,2948.510009765625
2020-05-22,77.26065063476562,19.571731567382812,277.336669921875,,69.94673919677734,16.548603057861328,122.9135971069336,76.3682632446289,28.640331268310547,233.0808868408203,26.877090454101562,77.56477355957031,271.5806884765625,38.34299850463867,2955.449951171875
2020-05-26,76.73733520507812,20.970951080322266,279.50994873046875,,70.2740478515625,17.153778076171875,123.07534790039062,81.78841400146484,27.75554847717285,230.3920135498047,26.869924545288086,78.37950134277344,274.9267578125,38.198055267333984,2991.77001953125
2020-05-27,77.07167053222656,22.439260482788086,280.61956787109375,,70.31471252441406,17.41313362121582,123.3563003540039,86.52568054199219,29.445472717285156,227.35585021972656,26.812585830688477,79.58736419677734,279.01727294921875,37.77246856689453,3036.1298828125
2020-05-28,77.1055908203125,21.471904754638672,283.87506103515625,,70.2596664428711,16.99527359008789,125.12721252441406,85.23680114746094,28.366046905517578,223.70449829101562,27.364465713500977,77.85008239746094,278.5025939941406,38.145633697509766,3029.72998046875
2020-05-29,77.030517578125,20.832754135131836,282.8755798339844,,70.86420440673828,16.606237411499023,126.64263153076172,83.06021118164062,28.861526489257812,223.33734130859375,27.37163734436035,79.84413146972656,279.7435607910156,38.259735107421875,3044.31005859375
2020-06-01,77.97781372070312,21.2559757232666,282.7104797363281,,71.0080337524414,17.16097640991211,125.31446838378906,84.16130065917969,28.746501922607422,230.10426330566406,25.414974212646484,79.41297912597656,280.8741760253906,38.2288932800293,3055.72998046875
2020-06-02,78.33880615234375,21.454631805419922,281.6099548339844,,71.3750228881836,17.398723602294922,126.2169418334961,84.44297790527344,29.19774627685547,230.90794372558594,25.91667938232422,81.12804412841797,283.1998596191406,38.222721099853516,3080.820068359375
2020-06-03,78.77007293701172,22.447900772094727,281.1972961425781,,71.23417663574219,18.19841957092285,126.5574951171875,89.00101470947266,28.914615631103516,228.36788940429688,25.91667938232422,83.47081756591797,286.9688415527344,38.07777786254883,3122.8701171875
2020-06-04,78.09169006347656,23.291545867919922,284.96630859375,,70.03401947021484,18.119171142578125,124.92284393310547,90.8532485961914,29.295066833496094,224.5279998779297,25.809173583984375,84.23165893554688,286.2149658203125,37.658355712890625,3112.35009765625
2020-06-05,80.31580352783203,24.44829559326172,286.1493225097656,,71.33385467529297,19.127790451049805,125.40815734863281,94.94181060791016,28.73765754699707,228.97315979003906,25.79483985900879,86.29544067382812,293.5505676269531,37.488739013671875,3193.929931640625
2020-06-08,80.79069519042969,24.82227897644043,281.70172119140625,,71.74150848388672,19.21424674987793,124.95692443847656,96.83672332763672,29.206592559814453,229.59823608398438,26.224868774414062,86.117919921875,297.0988464355469,37.39004898071289,3232.389892578125
2020-06-09,83.34188842773438,24.543962478637695,280.19781494140625,,72.2151107788086,18.55143928527832,124.26730346679688,94.35284423828125,29.126951217651367,236.8116455078125,25.952518463134766,86.18449401855469,294.88348388671875,37.423980712890625,3207.179931640625
2020-06-10,85.4860610961914,23.134990692138672,281.830078125,,72.6956787109375,18.22003173828125,125.83384704589844,90.52887725830078,28.817285537719727,234.88674926757812,25.744667053222656,86.48882293701172,293.2381286621094,37.36537170410156,3190.139892578125
2020-06-11,81.3818588256836,20.812795639038086,275.86932373046875,,69.62042236328125,16.944847106933594,119.93378448486328,82.97486114501953,28.93230628967285,222.6824951171875,23.86685562133789,80.9948959350586,276.33319091796875,37.035396575927734,3002.10009765625
2020-06-12,82.08446502685547,21.552072525024414,273.91619873046875,,70.08361053466797,17.27625274658203,121.0235366821289,85.24532318115234,28.543001174926758,226.80018615722656,24.189380645751953,82.09812927246094,279.64239501953125,36.310665130615234,3041.31005859375
2020-06-15,83.09960174560547,21.873870849609375,272.52227783203125,,70.41439056396484,17.16097640991211,120.25728607177734,86.42323303222656,28.383745193481445,230.68966674804688,23.909854888916016,83.20470428466797,282.2530822753906,36.41551208496094,3066.590087890625
2020-06-16,85.30194091796875,22.43920135498047,276.3553771972656,,71.54859161376953,17.391523361206055,122.99020385742188,87.1146240234375,28.781896591186523,233.8151397705078,23.938528060913086,84.82820129394531,287.685791015625,36.89970397949219,3124.739990234375
2020-06-17,85.1832275390625,21.743412017822266,274.75048828125,,71.96517181396484,17.225820541381836,122.61566162109375,84.9124526977539,29.029638290405273,233.69607543945312,24.053199768066406,85.4890365600586,286.4907531738281,36.70848846435547,3113.489990234375
2020-06-18,85.21714782714844,21.7782039642334,274.7138977050781,,71.21334075927734,17.074525833129883,122.0962905883789,84.45152282714844,28.144851684570312,234.10289001464844,23.823854446411133,85.33016967773438,286.60107421875,36.387760162353516,3115.340087890625
2020-06-19,84.73014831542969,21.960847854614258,275.0165100097656,,71.00305938720703,17.333885192871094,122.4538345336914,83.48699188232422,28.525310516357422,236.93069458007812,23.952863693237305,84.91716766357422,284.96319580078125,36.96139144897461,3097.739990234375
2020-06-22,86.94700622558594,21.41291618347168,275.5209045410156,,72.00187683105469,17.060121536254883,122.07925415039062,82.58220672607422,28.374893188476562,237.35736083984375,23.73067855834961,85.54303741455078,286.791259765625,37.52574920654297,3117.860107421875
2020-06-23,88.80286407470703,21.560771942138672,276.291259765625,,72.62425231933594,17.391523361206055,121.6280288696289,83.58941650390625,28.401439666748047,240.3538360595703,23.48699188232422,85.84801483154297,288.111572265625,37.33763122558594,3131.2900390625
2020-06-24,87.23533630371094,20.70842933654785,273.2925720214844,,71.01546478271484,16.944847106933594,119.03984832763672,80.79827117919922,29.038480758666992,232.19784545898438,23.071292877197266,83.96402740478516,280.76214599609375,37.100162506103516,3050.330078125
2020-06-25,88.39344787597656,21.49988555908203,275.5942687988281,,71.47966003417969,17.333885192871094,118.91212463378906,83.61502075195312,29.00308609008789,233.8448944091797,23.164466857910156,84.56450653076172,283.7721252441406,36.9182014465332,3083.760009765625
2020-06-26,85.67748260498047,20.1343994140625,271.95367431640625,,67.44132232666016,16.829578399658203,117.32854461669922,79.03141021728516,28.914615631103516,214.3975067138672,22.963787078857422,82.9791259765625,277.0321960449219,36.489532470703125,3009.050048828125
2020-06-29,87.65206146240234,20.343135833740234,276.56640625,,69.1805191040039,16.99527359008789,118.37574768066406,79.38134765625,30.197542190551758,218.92201232910156,23.393821716308594,83.88461303710938,281.1038513183594,36.71774673461914,3053.239990234375
2020-06-30,88.38374328613281,20.65624237060547,278.05194091796875,,70.10494995117188,16.807960510253906,119.72948455810547,80.28612518310547,29.94980239868164,225.30198669433594,23.436824798583984,86.05770111083984,284.7046203613281,36.93979263305664,3100.2900390625
2020-07-01,88.21656036376953,20.230073928833008,279.46417236328125,,71.31649017333984,16.714305877685547,119.51660919189453,79.60328674316406,29.702068328857422,235.7003631591797,24.182214736938477,84.95530700683594,286.69903564453125,36.912044525146484,3115.860107421875
2020-07-02,88.21656036376953,20.256160736083984,280.3719177246094,,72.6386489868164,17.477975845336914,120.0189208984375,79.86184692382812,29.64012908935547,231.60247802734375,24.734088897705078,85.99420166015625,288.2778625488281,36.76400375366211,3130.010009765625
2020-07-06,90.57636260986328,20.577964782714844,285.6449279785156,,74.176025390625,18.47218894958496,121.73014068603516,81.87862396240234,29.8436279296875,238.4090576171875,24.734088897705078,88.26580047607422,292.72796630859375,36.665321350097656,3179.719970703125
2020-07-07,90.29533386230469,20.01263999938965,289.9915771484375,,73.654296875,17.722930908203125,121.6195068359375,79.5688247680664,29.799394607543945,238.9845733642578,24.390064239501953,87.22372436523438,289.7089538574219,39.150997161865234,3145.320068359375
2020-07-08,92.3983154296875,20.090911865234375,290.07415771484375,,74.1908950805664,17.355499267578125,121.9770736694336,80.41344451904297,28.684566497802734,241.6833953857422,24.189380645751953,88.40560150146484,291.92474365234375,38.376922607421875,3169.93994140625
2020-07-09,92.79566955566406,19.80389976501465,298.5291442871094,,74.93429565429688,16.944847106933594,121.31301879882812,78.67243957519531,28.985389709472656,242.59622192382812,23.98153305053711,89.57794952392578,290.2628173828125,39.39771270751953,3152.050048828125
2020-07-10,92.95797729492188,20.891071319580078,299.16192626953125,,76.45926666259766,17.204208374023438,121.21083068847656,82.97322082519531,29.5870418548584,243.1617889404297,24.246721267700195,89.276123046875,293.2266845703125,40.30131912231445,3185.0400390625
2020-07-13,92.5291519165039,21.038923263549805,296.1266174316406,,74.95166015625,17.211408615112305,123.62875366210938,84.16262817382812,29.445472717285156,237.13905334472656,25.235795974731445,87.80831909179688,290.6875,39.943580627441406,3155.219970703125
2020-07-14,94.06036376953125,20.995439529418945,300.7850036621094,,75.40988159179688,17.254638671875,125.93601989746094,84.64530181884766,30.294870376586914,237.8633575439453,25.25013542175293,89.26023864746094,294.45458984375,40.71149444580078,3197.52001953125
2020-07-15,94.7072525024414,21.39551544189453,299.5928649902344,,75.06571960449219,17.485179901123047,126.22547912597656,85.95533752441406,29.8790225982666,238.4090576171875,25.601322174072266,89.10455322265625,297.1598205566406,40.70840072631836,3226.56005859375
2020-07-16,93.5418701171875,20.812795639038086,299.1985778808594,,75.28193664550781,17.369909286499023,127.06834411621094,86.1966781616211,29.8436279296875,239.0540313720703,25.515316009521484,88.7709732055664,296.1811218261719,40.77008056640625,3215.570068359375
2020-07-17,93.35289001464844,20.195281982421875,297.8414001464844,,75.16044616699219,17.009687423706055,127.1534652709961,84.60218048095703,29.94980239868164,240.14544677734375,25.98118019104004,89.21891784667969,297.0398254394531,40.628231048583984,3224.72998046875
2020-07-20,95.3202133178711,20.508384704589844,299.418701171875,,77.64849853515625,17.024093627929688,127.36630249023438,83.86096954345703,30.215242385864258,243.5090789794922,26.16037368774414,90.98223114013672,299.44024658203125,40.54494857788086,3251.840087890625
2020-07-21,94.00462341308594,21.238969802856445,300.54656982421875,,77.28646850585938,17.405933380126953,127.48553466796875,85.67955017089844,30.781503677368164,239.86764526367188,26.296546936035156,90.51835632324219,300.0774230957031,40.810184478759766,3257.300048828125
2020-07-22,94.26870727539062,21.143291473388672,301.0601501464844,,77.78588104248047,16.973663330078125,127.71536254882812,85.0589828491211,31.10886573791504,238.00228881835938,27.636816024780273,90.81700897216797,301.7855224609375,40.91195297241211,3276.02001953125
2020-07-23,89.9779281616211,21.343334197998047,299.0517883300781,,75.16688537597656,16.822372436523438,127.37482452392578,85.3089370727539,31.082324981689453,230.78890991210938,27.52931785583496,89.42861938476562,298.18463134765625,40.597381591796875,3235.659912109375
2020-07-24,89.75505828857422,21.178083419799805,298.7492370605469,,74.97793579101562,16.74312400817871,126.10628509521484,84.70561981201172,30.710721969604492,228.9136199951172,26.99176597595215,88.02436065673828,296.26422119140625,40.47402572631836,3215.6298828125
2020-07-27,91.88225555419922,20.995439529418945,300.418212890625,,75.88697052001953,16.332469940185547,125.30599212646484,83.51622772216797,30.75494956970215,231.68190002441406,26.905759811401367,90.76618194580078,298.42474365234375,40.46476745605469,3239.409912109375
2020-07-28,90.37286376953125,21.186784744262695,300.3907165527344,,74.40612030029297,16.390108108520508,125.00798034667969,83.87821197509766,31.170808792114258,228.32818603515625,27.966506958007812,89.0124282836914,296.531982421875,40.6343879699707,3218.43994140625
2020-07-29,92.10517120361328,21.978246688842773,299.0793762207031,,75.4813003540039,16.980871200561523,124.76107788085938,85.91223907470703,31.064620971679688,231.47349548339844,28.13851547241211,90.84561157226562,300.1789245605469,40.304405212402344,3258.43994140625
2020-07-30,93.21965026855469,21.6042537689209,298.5095520019531,,75.948974609375,16.397314071655273,125.01649475097656,83.61964416503906,30.445281982421875,232.6741180419922,28.037199020385742,92.63428497314453,299.10784912109375,40.12862777709961,3246.219970703125
2020-07-31,102.97867584228516,21.63904571533203,299.1620788574219,,73.54420471191406,16.318063735961914,124.09701538085938,83.29212188720703,30.781503677368164,251.69483947753906,27.849027633666992,92.25941467285156,301.471435546875,39.90657043457031,3271.1201171875
2020-08-03,105.5735092163086,21.734716415405273,302.6450500488281,,73.12217712402344,15.547186851501465,125.4507064819336,82.82672882080078,31.055782318115234,249.9981689453125,27.754945755004883,93.93372344970703,303.5673828125,39.875732421875,3294.610107421875
2020-08-04,106.27853393554688,21.75211524963379,312.26702880859375,,72.65203094482422,15.784930229187012,125.34001159667969,82.3526611328125,31.312358856201172,247.88473510742188,27.783891677856445,95.31257629394531,304.7399597167969,40.597381591796875,3306.510009765625
2020-08-05,106.66374206542969,22.08260726928711,312.4324645996094,,73.08051300048828,15.720094680786133,126.34465789794922,83.78340911865234,31.046926498413086,247.1802520751953,27.82732391357422,95.21410369873047,306.6326599121094,40.033016204833984,3327.77001953125
2020-08-06,110.38518524169922,22.15218734741211,315.50189208984375,,74.39423370361328,15.403095245361328,125.62097930908203,83.80925750732422,30.993844985961914,263.2144775390625,27.697050094604492,95.16326141357422,308.68231201171875,39.89115905761719,3349.159912109375
2020-08-07,107.87551879882812,22.708818435668945,313.2962951660156,,74.11600494384766,15.374279975891113,126.51493835449219,85.65367889404297,31.17964744567871,266.3498229980469,27.82732391357422,94.10528564453125,308.9040222167969,40.082359313964844,3351.280029296875
2020-08-10,109.44344329833984,23.100202560424805,312.4599914550781,,74.19585418701172,15.626434326171875,126.0296401977539,86.73965454101562,30.993844985961914,260.9521484375,27.783891677856445,94.10210418701172,309.82733154296875,40.6713981628418,3360.469970703125
2020-08-11,106.18860626220703,23.413305282592773,305.5030822753906,,73.41327667236328,16.20279312133789,125.12721252441406,89.48043823242188,30.312570571899414,254.13568115234375,27.34965705871582,93.1203842163086,307.26983642578125,40.15329360961914,3333.68994140625
2020-08-12,109.71773529052734,23.248058319091797,309.4824523925781,,74.71759033203125,16.65667152404785,127.4173812866211,88.72197723388672,30.62224006652832,257.8663635253906,27.740467071533203,96.12910461425781,311.5538330078125,40.674476623535156,3380.35009765625
2020-08-13,111.6594467163086,22.91755485534668,308.5083312988281,,75.30425262451172,16.094722747802734,126.00411987304688,88.23069763183594,30.764541625976562,259.2654113769531,27.624679565429688,95.17279052734375,310.9906005859375,40.82931900024414,3373.429931640625
2020-08-14,111.55992889404297,23.021926879882812,309.0413818359375,,74.77261352539062,16.051494598388672,126.20845031738281,88.26518249511719,31.476058959960938,259.205810546875,27.545066833496094,95.1156005859375,310.9998474121094,41.061561584472656,3372.85009765625
2020-08-17,111.26869201660156,22.52617645263672,312.4232482910156,,75.28096008300781,15.993861198425293,126.84696960449219,85.93811798095703,32.01860809326172,259.12652587890625,27.754945755004883,96.18628692626953,311.9877014160156,41.99055862426758,3381.989990234375
2020-08-18,112.19583892822266,22.204374313354492,313.14923095703125,,77.29540252685547,15.770522117614746,127.78348541259766,84.74009704589844,32.232059478759766,260.2973327636719,27.762178421020508,95.67794799804688,312.66180419921875,41.71494674682617,3389.780029296875
2020-08-19,112.33663177490234,22.178281784057617,313.28704833984375,,76.74641418457031,15.813748359680176,128.03884887695312,84.93832397460938,32.21426773071289,260.5453186035156,27.6898136138916,95.13465881347656,311.3599853515625,41.002723693847656,3374.85009765625
2020-08-20,114.82931518554688,21.830385208129883,313.2595520019531,,78.4434814453125,15.648046493530273,128.91580200195312,83.92129516601562,31.94744300842285,266.9154052734375,28.022724151611328,94.2895736694336,312.3294372558594,40.43294906616211,3385.510009765625
2020-08-21,120.74677276611328,21.726015090942383,316.6965637207031,,78.37753295898438,15.590413093566895,130.0566864013672,83.87821197509766,31.93855094909668,264.9309997558594,28.138519287109375,94.92816162109375,313.4372863769531,40.76118469238281,3397.159912109375
2020-08-24,122.19092559814453,22.343534469604492,316.25543212890625,,78.76335906982422,16.029882431030273,130.39947509765625,86.23973846435547,32.07196044921875,269.2768859863281,28.109573364257812,95.91622161865234,316.6134033203125,40.66829299926758,3431.280029296875
2020-08-25,121.18850708007812,22.61315155029297,316.7885437011719,,79.75621032714844,15.892996788024902,130.32235717773438,86.6189956665039,32.08975601196289,278.6334533691406,27.79837989807129,96.84709930419922,317.7214050292969,40.451515197753906,3443.6201171875
2020-08-26,122.83656311035156,22.230464935302734,316.3841247558594,,81.94623565673828,15.720094680786133,130.52801513671875,85.40372467041016,32.347686767578125,301.5436706542969,27.537826538085938,97.1584701538086,320.9067687988281,40.473201751708984,3478.72998046875
2020-08-27,121.36811828613281,22.65663719177246,318.30487060546875,,81.05108642578125,15.597617149353027,131.11087036132812,88.21345520019531,32.16091537475586,290.93682861328125,27.40032386779785,96.05282592773438,321.6084289550781,42.30951690673828,3484.550048828125
2020-08-28,121.17153930664062,22.874069213867188,320.1520080566406,,81.55095672607422,15.878588676452637,131.676513671875,88.575439453125,31.39601707458496,291.37347412109375,27.436504364013672,97.82565307617188,323.685791015625,43.44599151611328,3508.010009765625
2020-08-31,125.28072357177734,22.38701820373535,319.4995422363281,,81.04364776611328,15.583205223083496,131.47938537597656,86.351806640625,31.733991622924805,290.9170837402344,27.34965705871582,97.6064453125,322.51318359375,42.99696731567383,3500.31005859375
2020-09-01,130.2709503173828,22.360923767089844,322.91827392578125,,82.3593521118164,15.30223560333252,129.8595428466797,86.30870056152344,31.48496437072754,293.1396179199219,26.69106674194336,99.54444122314453,325.5508728027344,45.70344543457031,3526.64990234375
2020-09-02,127.57195281982422,22.630544662475586,329.79241943359375,,85.7103271484375,15.439118385314941,131.83934020996094,87.61015319824219,32.552242279052734,300.1446533203125,26.92266082763672,102.42927551269531,330.2596130371094,45.73130798339844,3580.840087890625
2020-09-03,117.35843658447266,22.472904205322266,320.08770751953125,,81.42352294921875,15.172553062438965,128.171142578125,87.33435821533203,32.11643600463867,288.85321044921875,26.343679428100586,96.71687316894531,318.8938903808594,44.75895690917969,3455.06005859375
2020-09-04,117.43611907958984,23.243600845336914,318.49786376953125,,78.9041976928711,15.395894050598145,127.34838104248047,89.22186279296875,31.54722023010254,280.5285949707031,26.314727783203125,95.712890625,316.290283203125,44.229434967041016,3426.9599609375
2020-09-08,109.53325653076172,22.31525993347168,311.4123840332031,,75.99559020996094,15.03567123413086,126.20852661132812,86.11910247802734,30.79121971130371,269.04864501953125,26.003522872924805,91.23957824707031,307.6483154296875,42.87310791015625,3331.840087890625
2020-09-09,113.90214538574219,22.341533660888672,318.369140625,,77.21407318115234,15.280620574951172,128.29971313476562,86.9378890991211,31.289291381835938,271.58868408203125,26.184457778930664,93.72405242919922,313.7235412597656,43.31902313232422,3398.9599609375
2020-09-10,110.18370819091797,22.017488479614258,312.0281066894531,,75.97723388671875,14.92039680480957,125.90858459472656,86.04153442382812,30.897953033447266,266.0025634765625,25.800884246826172,92.45320129394531,308.2761535644531,42.36524963378906,3339.18994140625
2020-09-11,108.73713684082031,22.332773208618164,311.6604309082031,,75.41683197021484,14.891584396362305,126.6541976928711,87.11026000976562,30.56887435913086,264.5340576171875,26.104846954345703,92.42778015136719,308.43310546875,42.33119201660156,3340.969970703125
2020-09-14,111.99925231933594,22.551719665527344,315.1435241699219,,75.34542083740234,14.869966506958008,127.1426773071289,88.31690216064453,29.208084106445312,264.0776672363281,26.785154342651367,94.27685546875,312.49554443359375,42.523170471191406,3383.5400390625
2020-09-15,112.17400360107422,22.14010238647461,316.05328369140625,,76.44439697265625,14.92039680480957,127.6054916381836,85.56749725341797,29.10135269165039,270.2988586425781,26.748964309692383,95.90353393554688,314.074462890625,42.53556442260742,3401.199951171875
2020-09-16,108.86334991455078,22.42035484313965,315.88787841796875,,75.4257583618164,14.689858436584473,127.18558502197266,85.92948913574219,28.47877311706543,261.4681396484375,26.618696212768555,95.00440979003906,312.8280334472656,42.19493103027344,3385.489990234375
2020-09-17,107.12549591064453,22.20140266418457,311.4307556152344,,74.16759490966797,14.509745597839355,126.13139343261719,84.94692993164062,28.91457748413086,252.83587646484375,26.64764976501465,94.95674133300781,310.07659912109375,42.328086853027344,3357.010009765625
2020-09-18,103.72744750976562,22.078792572021484,308.7472229003906,,72.40505981445312,14.214364051818848,127.85406494140625,84.76592254638672,29.53716468811035,250.56370544433594,26.510133743286133,93.4698715209961,306.5068054199219,41.89456558227539,3319.469970703125
2020-09-21,106.8730697631836,21.430702209472656,312.0648193359375,,70.97530364990234,13.429079055786133,124.35733795166016,82.14582061767578,29.75951385498047,246.21778869628906,26.068655014038086,93.3014907836914,303.0955505371094,42.445762634277344,3281.06005859375
2020-09-22,108.55268096923828,20.96652603149414,316.54962158203125,,72.67633819580078,13.220149993896484,123.59459686279297,81.24947357177734,30.008544921875,252.76641845703125,26.2351131439209,94.26415252685547,306.1823425292969,42.82973861694336,3315.570068359375
2020-09-23,103.99930572509766,20.370996475219727,316.7149963378906,,70.18428802490234,13.27057933807373,123.79166412353516,79.93079376220703,29.599414825439453,247.0810546875,26.05418586730957,92.08921813964844,299.0816345214844,42.111324310302734,3236.919921875
2020-09-24,105.06727600097656,20.44106101989746,318.89300537109375,,70.83296203613281,13.248969078063965,123.98880004882812,79.86184692382812,29.73283576965332,247.58705139160156,25.8804931640625,92.86722564697266,299.8788146972656,42.33119201660156,3246.590087890625
2020-09-25,109.00898742675781,20.57242774963379,314.8310241699219,,71.65968322753906,13.047245025634766,124.83727264404297,80.55997467041016,29.82177734375,252.83587646484375,26.090373992919922,94.14266204833984,304.7269287109375,42.5077018737793,3298.4599609375
2020-09-28,111.61090087890625,21.0979061126709,321.3008728027344,,72.62971496582031,14.380064964294434,126.07999420166016,82.87843322753906,29.972970962524414,254.82032775878906,26.336437225341797,96.73497772216797,309.78826904296875,42.501502990722656,3351.60009765625
2020-09-29,110.7662353515625,20.817651748657227,323.61669921875,,72.86825561523438,13.976614952087402,126.03712463378906,82.18030548095703,30.03523063659668,259.7515869140625,26.177221298217773,96.96136474609375,308.1011657714844,42.46744155883789,3335.469970703125
2020-09-30,112.4361343383789,21.0979061126709,326.2450256347656,,72.88164520263672,14.106297492980957,127.59693908691406,82.97322082519531,30.159748077392578,259.86077880859375,26.56079864501953,97.12715148925781,310.4371337890625,43.32521057128906,3363.0
2020-10-01,113.38758850097656,21.106664657592773,329.42474365234375,,73.89781188964844,14.055867195129395,126.25997924804688,83.57654571533203,30.257579803466797,264.55389404296875,26.321964263916016,99.20611572265625,312.43023681640625,44.306846618652344,3380.800048828125
2020-10-02,109.72742462158203,21.202999114990234,326.2542419433594,,72.32719421386719,14.315224647521973,125.33438110351562,84.36946868896484,30.30205726623535,257.916015625,26.32920265197754,96.23117065429688,309.4637756347656,43.50790786743164,3348.419921875
2020-10-05,113.1060562133789,21.56207847595215,329.5350036621094,,73.69596099853516,14.380064964294434,127.03987121582031,86.15274810791016,30.711185455322266,262.58935546875,26.59697914123535,99.23799896240234,314.95159912109375,43.91048049926758,3408.60009765625
2020-10-06,109.86335754394531,21.343128204345703,329.3236999511719,,72.0802230834961,14.401680946350098,125.35147857666016,85.26547241210938,30.19532585144043,256.64599609375,26.177221298217773,98.7660903930664,310.47430419921875,43.54817581176758,3360.969970703125
2020-10-07,111.72742462158203,21.78978157043457,333.6153869628906,,72.41993713378906,14.675446510314941,126.73992919921875,86.75294494628906,30.266469955444336,256.1101379394531,26.39434051513672,100.65692138671875,315.8786315917969,43.62868118286133,3419.43994140625
2020-10-08,111.62061309814453,22.105070114135742,335.5176696777344,,73.6915054321289,14.639427185058594,127.6054916381836,88.53620910644531,30.497724533081055,261.7062683105469,26.698305130004883,101.9036636352539,318.6781311035156,43.77422332763672,3446.830078125
2020-10-09,113.5623550415039,22.210163116455078,339.5338134765625,,75.1440658569336,14.502541542053223,129.38818359375,88.03168487548828,30.64002799987793,262.3908996582031,26.625926971435547,103.69564056396484,321.5238952636719,44.21395492553711,3477.139892578125
2020-10-12,120.77589416503906,22.490419387817383,345.98516845703125,,77.81861114501953,14.588994026184082,130.13380432128906,89.1103286743164,30.80012321472168,273.6029052734375,26.64764976501465,105.23573303222656,326.6964416503906,44.669158935546875,3534.219970703125
2020-10-13,117.5720443725586,21.85108757019043,349.84490966796875,,77.94407653808594,14.243184089660645,127.15129852294922,87.66633605957031,30.951313018798828,273.9898681640625,26.705543518066406,105.04759216308594,324.5644226074219,45.28228759765625,3511.929931640625
2020-10-14,117.65940856933594,20.6862850189209,347.6944885253906,,77.76555633544922,13.854142189025879,126.92845153808594,87.17918395996094,30.09748649597168,269.7034912109375,26.676591873168945,104.62349700927734,322.5250244140625,44.57316207885742,3488.669921875
2020-10-15,117.19338989257812,21.150455474853516,346.0770568847656,,77.32168579101562,13.976614952087402,126.14851379394531,88.4840087890625,30.221996307373047,264.64324951171875,26.45223045349121,104.3429183959961,322.1264343261719,44.755863189697266,3483.340087890625
2020-10-16,115.55262756347656,21.22927474975586,350.6352844238281,,78.01004028320312,14.199951171875,126.92845153808594,88.30133056640625,30.30205726623535,263.8594055175781,27.465457916259766,103.8454818725586,321.9317626953125,44.81160354614258,3483.81005859375
2020-10-19,112.60120391845703,20.77385902404785,345.1396789550781,,76.10566711425781,14.293614387512207,123.6888427734375,86.81385803222656,30.13306427001953,259.3646545410156,27.356895446777344,103.32257080078125,317.0373229980469,44.266597747802734,3426.919921875
2020-10-20,114.08663177490234,21.141695022583008,347.6668395996094,,77.16300201416016,14.344042778015137,123.88594055175781,87.30968475341797,29.643898010253906,265.4766845703125,27.132537841796875,103.15357971191406,318.3072814941406,44.560768127441406,3443.1201171875
2020-10-21,113.46526336669922,21.0628719329834,347.216552734375,,79.01678466796875,14.322430610656738,123.35456085205078,86.43980407714844,29.643898010253906,276.5597229003906,26.8358097076416,102.4616470336914,317.7047119140625,44.715606689453125,3435.56005859375
2020-10-22,112.37788391113281,21.781028747558594,345.31427001953125,,80.10881042480469,14.531360626220703,124.34017944335938,89.49305725097656,29.030193328857422,275.9544372558594,27.089115142822266,102.50311279296875,319.44744873046875,44.452392578125,3453.489990234375
2020-10-23,111.68856811523438,21.807296752929688,344.2573547363281,,81.3818588256836,15.042875289916992,124.4773178100586,90.30206298828125,29.136924743652344,282.5725402832031,27.631914138793945,102.14279174804688,320.53204345703125,44.5452995300293,3465.389892578125
2020-10-26,111.69827270507812,21.49201202392578,340.6824645996094,,78.87493896484375,14.934808731079102,123.38885498046875,88.06646728515625,29.492691040039062,274.9522399902344,27.443740844726562,99.92992401123047,314.608642578125,44.0219612121582,3400.969970703125
2020-10-27,113.20310974121094,20.88770866394043,342.5296630859375,,79.55982208251953,15.503960609436035,122.68607330322266,86.40499877929688,28.76337432861328,281.084228515625,27.089115142822266,99.53773498535156,313.52398681640625,44.241817474365234,3390.679931640625
2020-10-28,107.96045684814453,20.554908752441406,335.3981628417969,,75.21350860595703,14.776312828063965,118.58081817626953,83.97803497314453,28.603286743164062,265.5858154296875,25.656139373779297,96.27899932861328,302.8080749511719,43.36545944213867,3271.030029296875
2020-10-29,111.9604263305664,20.616214752197266,335.95068359375,,77.72389221191406,15.237393379211426,117.57808685302734,84.52605438232422,28.692224502563477,278.6433410644531,25.533098220825195,98.7214584350586,305.88568115234375,43.328304290771484,3310.110107421875
2020-10-30,105.68861389160156,20.756345748901367,329.2843933105469,,80.39049530029297,15.11491870880127,117.50953674316406,85.28285217285156,28.64775276184082,261.0613098144531,25.6778507232666,97.40457153320312,302.6968688964844,42.96598815917969,3269.9599609375
2020-11-02,105.6012191772461,21.08914566040039,335.5179748535156,,80.63945007324219,15.424711227416992,118.86363220214844,87.20528411865234,28.514345169067383,259.3249206542969,26.22064208984375,97.75211334228516,306.0896301269531,43.47694396972656,3310.239990234375
2020-11-03,107.22257995605469,21.623380661010742,342.4881286621094,,81.83860778808594,16.238811492919922,118.70079803466797,89.9541015625,29.119136810302734,263.2342224121094,26.191696166992188,99.5951156616211,311.49383544921875,44.21395492553711,3369.159912109375
2020-11-04,111.60118865966797,20.738826751708984,346.3645935058594,,86.74433135986328,15.467938423156738,119.4721450805664,87.20528411865234,28.541025161743164,285.142333984375,27.016738891601562,103.07704162597656,318.4555969238281,43.96002960205078,3443.43994140625
2020-11-05,115.56233978271484,21.553316116333008,354.7067565917969,,87.45053100585938,15.864175796508789,119.78067779541016,90.77179718017578,29.10135269165039,292.385498046875,26.60728645324707,107.70687866210938,324.6663513183594,44.427616119384766,3510.449951171875
2020-11-06,115.4310531616211,21.29057502746582,355.1026306152344,,87.37019348144531,16.051494598388672,121.91473388671875,89.56266021728516,29.501583099365234,291.1253967285156,26.614601135253906,109.4637680053711,324.5921936035156,45.139854431152344,3509.43994140625
2020-11-09,113.12611389160156,24.31207275390625,336.0795593261719,,87.43218994140625,17.715721130371094,125.19722747802734,101.68876647949219,27.580467224121094,276.59942626953125,28.66187286376953,108.18833923339844,328.67095947265625,44.449302673339844,3550.5
2020-11-10,112.7857437133789,24.224491119384766,337.5711975097656,,86.31088256835938,17.622060775756836,127.0827407836914,101.35820007324219,28.389829635620117,270.30877685546875,28.28166961669922,104.9423599243164,328.18896484375,45.074825286865234,3545.530029296875
2020-11-11,116.20907592773438,23.944242477416992,343.3721008300781,,86.92186737060547,18.23444175720215,126.67135620117188,99.84459686279297,28.541025161743164,274.3272399902344,28.150062561035156,108.7240219116211,330.6268615722656,45.8242073059082,3572.659912109375
2020-11-12,115.936767578125,23.374977111816406,345.9410095214844,,86.779541015625,17.477975845336914,127.09988403320312,98.61808776855469,28.648361206054688,272.9380798339844,27.455446243286133,107.3816146850586,327.41949462890625,45.90162658691406,3537.010009765625
2020-11-13,115.98539733886719,23.646467208862305,348.8230285644531,,88.12747192382812,17.67249870300293,128.47116088867188,99.23570251464844,28.746742248535156,274.7935791015625,28.237796783447266,108.6985092163086,331.95233154296875,46.61695098876953,3585.14990234375
2020-11-16,116.99681854248047,24.154430389404297,349.6977844238281,,88.34370422363281,18.356918334960938,129.28533935546875,102.03668975830078,28.88985252380371,276.7879333496094,27.29458999633789,111.40238952636719,336.0960998535156,47.20531463623047,3626.909912109375
2020-11-17,116.11181640625,24.128158569335938,351.65899658203125,,87.78677368164062,17.94626235961914,127.99976348876953,101.00155639648438,28.53208351135254,272.8587341308594,27.774354934692383,110.4841079711914,334.2884216308594,46.254642486572266,3609.530029296875
2020-11-18,114.78917694091797,23.62894630432129,351.9443359375,,86.6277847290039,18.184011459350586,126.30281829833984,100.25343322753906,28.657302856445312,269.85235595703125,27.990135192871094,109.66145324707031,330.2653503417969,46.16792678833008,3567.7900390625
2020-11-19,115.38240814208984,23.62894630432129,353.150634765625,,87.47779846191406,18.284873962402344,126.10572052001953,100.52312469482422,29.30128288269043,270.8147888183594,27.889944076538086,111.28125,331.6558532714844,47.10622024536133,3581.8701171875
2020-11-20,114.11811065673828,23.480066299438477,350.92236328125,,86.4001693725586,18.205625534057617,125.43720245361328,99.66194152832031,29.015071868896484,267.60003662109375,28.282991409301758,110.76151275634766,329.3847351074219,46.524051666259766,3557.5400390625
2020-11-23,110.72396087646484,23.98802375793457,351.4656066894531,,86.03663635253906,18.45057487487793,124.15995788574219,102.53252410888672,29.542774200439453,266.3398742675781,28.14427375793457,112.3398666381836,331.359130859375,46.73772048950195,3577.590087890625
2020-11-24,112.00767517089844,25.380542755126953,353.7767639160156,,87.72380065917969,19.20704460144043,124.15995788574219,107.27336883544922,29.238677978515625,274.76385498046875,28.205915451049805,112.95205688476562,336.6986083984375,46.87087631225586,3635.409912109375
2020-11-25,112.84407806396484,25.42432975769043,357.027099609375,,87.85026550292969,19.27188491821289,123.99597930908203,106.1512222290039,28.907737731933594,273.44415283203125,28.151968002319336,112.70335388183594,336.1794738769531,47.016414642333984,3629.64990234375
2020-11-27,113.38871002197266,25.389297485351562,357.6163330078125,,88.92940521240234,19.37274169921875,124.27217102050781,105.4466323852539,29.006132125854492,275.64691162109375,28.69143295288086,114.04574584960938,337.11572265625,46.9451904296875,3638.35009765625
2020-11-30,115.7811508178711,24.662385940551758,360.72857666015625,,87.32011413574219,18.652297973632812,124.85896301269531,102.54122161865234,29.515947341918945,274.81341552734375,29.523746490478516,115.36581420898438,335.623291015625,47.31370162963867,3621.6298828125
2020-12-01,119.35037231445312,25.12656593322754,366.1993713378906,,89.17289733886719,19.66092300415039,127.24951934814453,104.1592025756836,29.524898529052734,284.3188171386719,30.3714599609375,117.26940155029297,339.29412841796875,47.26723861694336,3662.449951171875
2020-12-02,119.70050811767578,25.450607299804688,362.3631896972656,,90.65324401855469,20.013940811157227,127.8449478149414,106.15994262695312,28.88091278076172,285.2811584472656,31.44266128540039,117.61376190185547,340.0079650878906,46.61075973510742,3669.010009765625
2020-12-03,119.56434631347656,25.477039337158203,353.4339599609375,,90.5947265625,20.287708282470703,128.58717346191406,105.46403503417969,27.619775772094727,279.6553955078125,30.895498275756836,117.76681518554688,339.9151916503906,46.23295974731445,3666.719970703125
2020-12-04,118.8932876586914,25.811920166015625,352.8482360839844,,90.65522766113281,20.43899917602539,129.6831512451172,106.42089080810547,27.35144805908203,277.5220947265625,31.08816146850586,120.97769927978516,342.844482421875,46.11219787597656,3699.1201171875
2020-12-07,120.35211944580078,25.635669708251953,352.753662109375,,90.23318481445312,19.682533264160156,128.56126403808594,106.02074432373047,27.682382583618164,283.3562927246094,31.789466857910156,121.58990478515625,342.1399841308594,45.86447525024414,3691.9599609375
2020-12-08,120.96479034423828,25.494670867919922,356.7883605957031,,90.18706512451172,19.178226470947266,130.78782653808594,106.12512969970703,27.995424270629883,281.1933288574219,32.79902648925781,121.9820785522461,343.1412353515625,46.279415130615234,3702.25
2020-12-09,118.43621063232422,25.380104064941406,353.6607971191406,,88.4800796508789,19.38715171813965,132.12547302246094,105.29875183105469,27.91493034362793,275.7560729980469,32.25185012817383,118.54483032226562,340.0635070800781,45.914005279541016,3672.820068359375
2020-12-10,119.8561019897461,25.653291702270508,352.24346923828125,,88.0436782836914,19.29349708557129,131.39190673828125,104.62025451660156,27.91493034362793,274.96221923828125,32.159366607666016,118.37901306152344,339.9523010253906,45.699554443359375,3668.10009765625
2020-12-11,119.04889678955078,25.17741584777832,354.4261474609375,,88.363037109375,19.127790451049805,131.9960174560547,104.00264739990234,28.031208038330078,271.4200134277344,31.689273834228516,117.22793579101562,339.5537109375,45.68712615966797,3663.4599609375
2020-12-14,118.43621063232422,24.868974685668945,353.7458190917969,,87.28639221191406,19.221452713012695,128.64756774902344,102.9065933227539,27.995424270629883,272.0550842285156,30.217323303222656,118.53694915771484,338.033447265625,45.267555236816406,3647.489990234375
2020-12-15,124.36869049072266,25.239103317260742,351.3836669921875,,87.66874694824219,19.408763885498047,129.94207763671875,104.66374206542969,27.897043228149414,273.4044494628906,29.831995010375977,120.18879699707031,342.6035461425781,45.24580383300781,3694.6201171875
2020-12-16,124.30064392089844,25.309606552124023,349.0780944824219,,87.43218994140625,19.20704460144043,129.16534423828125,104.96819305419922,27.70026969909668,273.5235595703125,29.16153335571289,120.25910186767578,343.1412353515625,45.19917678833008,3701.169921875
2020-12-17,125.16617584228516,25.406543731689453,349.88128662109375,,86.6833267211914,19.228656768798828,132.57421875,104.09832763671875,27.727102279663086,272.3428039550781,29.307958602905273,120.47956085205078,345.0599365234375,45.407413482666016,3722.47998046875
2020-12-18,123.18219757080078,25.265541076660156,346.77252197265625,,85.84571075439453,18.875638961791992,133.34225463867188,103.58509063720703,27.610828399658203,274.2478332519531,29.038225173950195,119.76386260986328,343.6822509765625,45.36079406738281,3709.409912109375
2020-12-21,124.70909881591797,26.208478927612305,344.8544921875,,86.26030731201172,18.42896270751953,132.0564422607422,107.47345733642578,27.548219680786133,270.66595458984375,28.80703353881836,119.23029327392578,342.453369140625,45.36700439453125,3694.919921875
2020-12-22,128.25885009765625,25.74141502380371,342.0765075683594,,85.4732666015625,18.392940521240234,131.79751586914062,105.83808898925781,27.628719329833984,265.01031494140625,28.313804626464844,119.05455780029297,341.8762512207031,44.816898345947266,3687.260009765625
2020-12-23,127.3641586303711,26.481670379638672,341.9442443847656,,85.91365814208984,18.75316047668457,131.12437438964844,108.79564666748047,28.0759220123291,266.02239990234375,28.853261947631836,118.1599349975586,342.1833801269531,44.512325286865234,3690.010009765625
2020-12-24,128.34642028808594,26.402359008789062,344.4859313964844,,86.2345199584961,18.7675724029541,131.58175659179688,108.31722259521484,28.20114517211914,265.3179016113281,28.72225570678711,119.21429443359375,343.5146179199219,44.59934616088867,3703.06005859375
2020-12-28,132.9368133544922,26.552169799804688,350.6087951660156,,88.08134460449219,18.623483657836914,132.20310974121094,109.03054809570312,28.0759220123291,274.8431701660156,28.375465393066406,119.08330535888672,346.4656982421875,45.1339111328125,3735.360107421875
2020-12-29,131.166748046875,26.446420669555664,352.17730712890625,,87.21992492675781,18.601869583129883,133.02297973632812,108.74347686767578,28.138534545898438,274.6248779296875,28.55271339416504,118.77657318115234,345.8046875,44.84798049926758,3727.0400390625
2020-12-30,130.04835510253906,26.419984817504883,353.8119812011719,,86.26774597167969,18.688323974609375,134.6713104248047,109.04792785644531,28.21903419494629,269.75311279296875,28.313804626464844,120.76712799072266,346.2980651855469,44.8106803894043,3732.0400390625
2020-12-31,129.04661560058594,26.710796356201172,356.0135498046875,,86.88070678710938,18.66670799255371,135.81910705566406,110.5354232788086,28.406862258911133,271.0330810546875,28.367753982543945,121.15052032470703,348.0576477050781,44.801361083984375,3756.070068359375
2021-01-04,125.85669708251953,26.46404457092285,359.19781494140625,,85.70834350585938,18.544233322143555,135.0596923828125,109.49156188964844,28.7377986907959,266.845947265625,28.367753982543945,120.64251708984375,343.31915283203125,45.54105758666992,3700.64990234375
2021-01-05,127.41278076171875,26.66673469543457,355.0308532714844,,86.33717346191406,18.681116104125977,136.6475830078125,110.08732604980469,28.53208351135254,268.8601379394531,28.660594940185547,123.10909271240234,345.6837158203125,45.29862976074219,3726.860107421875
2021-01-06,123.12385559082031,28.332304000854492,349.6261901855469,,86.05796813964844,20.323734283447266,137.9334716796875,115.256591796875,28.809356689453125,261.259765625,28.413991928100586,122.70970916748047,347.7503967285156,45.581451416015625,3748.139892578125
2021-01-07,127.32521057128906,28.957996368408203,347.6418151855469,,88.63481140136719,20.222867965698242,138.39947509765625,119.04151153564453,28.460525512695312,266.6474609375,28.56041717529297,127.33937072753906,352.9171142578125,45.57835006713867,3803.7900390625
2021-01-08,128.42420959472656,28.66717529296875,349.5506286621094,,89.62467956542969,20.078777313232422,138.11474609375,119.17292022705078,28.29058837890625,265.486572265625,28.61435890197754,127.40644073486328,354.9278564453125,45.5721321105957,3824.679931640625
2021-01-11,125.4384765625,29.143054962158203,343.94732666015625,,87.61668395996094,19.80500602722168,137.5364532470703,120.9515151977539,28.406862258911133,254.84014892578125,29.107580184936523,128.69725036621094,352.5354309082031,45.77726745605469,3799.610107421875
2021-01-12,125.2634506225586,29.662994384765625,344.1268615722656,,86.61637878417969,20.179641723632812,136.4663848876953,122.85276794433594,28.19220542907715,249.1348876953125,28.65289878845215,129.47686767578125,352.6098937988281,46.29939270019531,3801.18994140625
2021-01-13,127.29607391357422,29.486740112304688,346.72528076171875,,87.00569915771484,19.754579544067383,136.25924682617188,122.96663665771484,28.612579345703125,249.68063354492188,28.40629005432129,129.687744140625,353.5594482421875,45.826995849609375,3809.840087890625
2021-01-14,125.37040710449219,29.953811645507812,342.3788146972656,,86.30047607421875,20.021142959594727,138.64112854003906,123.68504333496094,29.64116668701172,243.7273406982422,28.321517944335938,132.4355010986328,352.32122802734375,45.67781066894531,3795.5400390625
2021-01-15,123.64900970458984,29.090177536010742,342.1993103027344,,86.10259246826172,19.704147338867188,138.3390655517578,121.46842956542969,30.142040252685547,249.40281677246094,28.282991409301758,129.74208068847656,349.7519226074219,44.953651428222656,3768.25
2021-01-19,124.32007598876953,28.878684997558594,334.9331359863281,,88.81383514404297,20.179641723632812,140.4792938232422,120.94274139404297,30.070486068725586,259.06695556640625,28.30610466003418,134.1927947998047,352.4981384277344,44.565155029296875,3798.909912109375
2021-01-20,128.40478515625,28.499744415283203,341.38665771484375,,93.57674407958984,20.035552978515625,140.1341094970703,119.12913513183594,29.578556060791016,265.3973388671875,28.128854751586914,133.71353149414062,357.3762512207031,45.224056243896484,3851.85009765625
2021-01-21,133.11184692382812,27.99742889404297,342.8039855957031,,93.79247283935547,20.496639251708984,139.57315063476562,118.13032531738281,29.703781127929688,270.74530029296875,28.113439559936523,135.646484375,357.7020568847656,45.018917083740234,3853.070068359375
2021-01-22,135.25143432617188,27.80355453491211,342.3315734863281,,94.27847290039062,20.042755126953125,141.14382934570312,117.21912384033203,30.01682472229004,272.3626403808594,28.167387008666992,133.34609985351562,356.43603515625,45.47889709472656,3841.469970703125
2021-01-25,138.99569702148438,27.459863662719727,341.9346923828125,,94.19664001464844,19.668123245239258,143.24085998535156,115.75599670410156,30.920194625854492,275.8453369140625,28.729957580566406,133.53778076171875,357.8417053222656,45.43849182128906,3855.360107421875
2021-01-26,139.22918701171875,27.265989303588867,344.8638916015625,,95.08137512207031,19.812217712402344,147.12442016601562,115.28286743164062,33.156253814697266,279.85382080078125,28.753084182739258,131.36834716796875,357.28314208984375,45.84563064575195,3849.6201171875
2021-01-27,138.15933227539062,26.287792205810547,336.7474060058594,,90.79408264160156,19.66092300415039,144.88064575195312,112.02363586425781,34.65888977050781,270.0210266113281,27.928476333618164,124.55007934570312,348.55096435546875,44.70500564575195,3750.77001953125
2021-01-28,133.3258056640625,26.719606399536133,337.38037109375,,92.39693450927734,19.531238555908203,145.98524475097656,113.99493408203125,31.644681930541992,262.9366149902344,27.936279296875,127.28184509277344,351.54864501953125,44.677024841308594,3787.3798828125
2021-01-29,128.3367156982422,26.129167556762695,333.0055847167969,,91.03956604003906,18.83961296081543,140.7813720703125,112.73328399658203,30.857585906982422,256.318603515625,27.967432022094727,125.061279296875,344.5107116699219,43.663841247558594,3714.239990234375
2021-02-01,130.4568328857422,26.402359008789062,331.2008972167969,,94.2933578491211,18.947681427001953,140.41888427734375,113.56562042236328,30.142040252685547,259.96990966796875,27.889535903930664,130.0008544921875,350.2452087402344,43.28466033935547,3773.860107421875
2021-02-02,131.2834930419922,27.34529685974121,335.9819641113281,,95.59071350097656,19.15660858154297,139.15890502929688,117.06143951416016,29.60538673400879,265.0003967285156,27.25851821899414,132.10958862304688,355.19781494140625,43.75086212158203,3826.31005859375
2021-02-03,130.2623291015625,27.829988479614258,335.63238525390625,,102.6606674194336,19.084564208984375,138.5116729736328,118.40193176269531,30.374601364135742,264.5737609863281,27.141653060913086,129.42572021484375,355.4770812988281,43.8845100402832,3830.169921875
2021-02-04,133.61758422851562,28.6407470703125,336.9010314941406,,102.27880096435547,19.423171997070312,139.79754638671875,121.12673950195312,29.91843605041504,264.4150085449219,27.180606842041016,130.4864959716797,359.517333984375,44.29787063598633,3871.739990234375
2021-02-05,133.20361328125,28.52617835998535,336.25726318359375,,104.04579162597656,19.264677047729492,141.9205322265625,120.8901596069336,29.650114059448242,266.012451171875,27.2039794921875,129.59507751464844,360.9324645996094,44.86662292480469,3886.830078125
2021-02-08,133.3497314453125,29.16067886352539,340.6690673828125,,103.79335021972656,19.329517364501953,142.32606506347656,122.78263854980469,29.76637840270996,264.5042724609375,27.12607765197754,133.48350524902344,363.53900146484375,45.074867248535156,3915.590087890625
2021-02-09,132.47314453125,29.03731346130371,340.41351318359375,,103.32718658447266,19.668123245239258,143.49118041992188,122.2919921875,30.043657302856445,267.35198974609375,27.242938995361328,133.0904998779297,363.2969970703125,45.32350540161133,3911.22998046875
2021-02-10,131.86924743652344,29.063743591308594,337.1566162109375,,103.91585540771484,19.841033935546875,143.9571990966797,122.36211395263672,30.061546325683594,269.75311279296875,27.063756942749023,133.3524627685547,363.1387634277344,44.795143127441406,3909.8798828125
2021-02-11,131.61605834960938,28.975618362426758,333.44537353515625,,103.94115447998047,19.689741134643555,143.3099365234375,122.02039337158203,30.034570693969727,268.28466796875,26.82225227355957,137.9693603515625,363.7251892089844,44.760955810546875,3916.3798828125
2021-02-12,131.84979248046875,29.407434463500977,333.9660949707031,,104.34879302978516,20.028348922729492,143.75869750976562,123.7551498413086,30.52914810180664,268.393798828125,27.04817008972168,139.67555236816406,365.5219421386719,44.90080642700195,3934.830078125
2021-02-16,129.7264862060547,30.200563430786133,335.1495361328125,,105.2310562133789,21.44762420654297,142.4556121826172,126.73402404785156,30.268373489379883,271.8367614746094,27.02480125427246,140.37841796875,365.20538330078125,45.270652770996094,3932.590087890625
2021-02-17,127.43757629394531,30.323938369750977,338.9744567871094,,105.5489501953125,21.548484802246094,142.96475219726562,127.12831115722656,30.90683364868164,271.4398498535156,27.180606842041016,137.97251892089844,365.2892150878906,45.74928665161133,3931.330078125
2021-02-18,126.33695983886719,30.13006019592285,337.9140930175781,,104.99797058105469,21.18105697631836,143.03379821777344,127.55765533447266,30.430233001708984,267.29241943359375,26.92353057861328,136.553955078125,363.7344970703125,42.78428268432617,3913.969970703125
2021-02-19,126.4928207397461,30.43849754333496,335.8785095214844,,104.20150756835938,21.296329498291016,140.6519012451172,129.68666076660156,30.59209632873535,259.5234069824219,26.830041885375977,139.84486389160156,363.09210205078125,42.99563217163086,3906.7099609375
2021-02-22,122.72344207763672,30.97606658935547,331.5613098144531,,102.40328216552734,21.59891700744629,140.56507873535156,130.9044952392578,30.20542335510254,258.3029479980469,26.689809799194336,134.7775115966797,360.29931640625,42.793617248535156,3876.5
2021-02-23,122.58708953857422,31.302127838134766,323.9305725097656,,102.69983673095703,21.505260467529297,139.32327270507812,131.9558563232422,29.701845169067383,263.7898864746094,26.417152404785156,133.76461791992188,360.73687744140625,42.103633880615234,3881.3701171875
2021-02-24,122.09034729003906,32.06000900268555,322.5577697753906,,103.90544891357422,21.872682571411133,141.1903076171875,134.27760314941406,29.4500675201416,262.2519836425781,26.292503356933594,138.10354614257812,364.7119445800781,41.401241302490234,3925.429931640625
2021-02-25,117.8437271118164,31.663448333740234,316.1198425292969,,100.74093627929688,21.743011474609375,141.3379364013672,132.4552764892578,29.14432716369629,252.70689392089844,26.347042083740234,130.23728942871094,355.9239807128906,41.009647369384766,3829.340087890625
2021-02-26,118.10670471191406,30.58831024169922,313.3742370605469,,101.01368713378906,21.404394149780273,137.60389709472656,128.94192504882812,28.9644775390625,255.61402893066406,26.08995819091797,133.2055206298828,354.09002685546875,40.37871170043945,3811.14990234375
2021-03-01,124.46690368652344,31.54007339477539,314.1032409667969,,103.2280044555664,21.159448623657227,138.35073852539062,131.8594970703125,29.575958251953125,262.8473205566406,26.24576187133789,137.45176696777344,362.6732177734375,40.82937240600586,3901.820068359375
2021-03-02,121.86632537841797,31.31093978881836,310.9695129394531,,102.94680786132812,21.339555740356445,138.09017944335938,131.43016052246094,29.279207229614258,256.9833679199219,26.105531692504883,133.3301544189453,359.8431701660156,40.437774658203125,3870.2900390625
2021-03-03,118.88590240478516,32.095252990722656,306.67132568359375,,100.51031494140625,21.63494110107422,135.65872192382812,133.9709930419922,29.899686813354492,253.4213104248047,26.791091918945312,129.25,355.076904296875,39.6545524597168,3819.719970703125
2021-03-04,117.00609588623047,32.325523376464844,302.0511474609375,,101.62019348144531,21.389989852905273,132.9232940673828,131.91207885742188,30.65504264831543,255.63394165039062,26.643070220947266,123.02922058105469,350.6828308105469,39.63591384887695,3768.469970703125
2021-03-05,118.26254272460938,32.706336975097656,300.42266845703125,,104.5685043334961,22.07440948486328,135.55450439453125,132.21871948242188,30.969772338867188,262.22216796875,26.791091918945312,126.71953582763672,357.1341857910156,40.13009262084961,3841.93994140625
2021-03-08,113.3341293334961,32.88347625732422,294.8369445800781,,100.38435363769531,22.636354446411133,136.68338012695312,133.9709930419922,31.23955535888672,253.3220672607422,26.75992774963379,119.88209533691406,355.3561706542969,39.744686126708984,3821.35009765625
2021-03-09,117.94111633300781,32.16611099243164,301.8049621582031,,101.79924011230469,22.2689266204834,136.94393920898438,133.02476501464844,30.987762451171875,263.6708679199219,26.83782958984375,127.3298110961914,360.42974853515625,40.058597564697266,3875.43994140625
2021-03-10,116.8599853515625,33.09601974487305,306.58612060546875,,101.914794921875,22.39140510559082,138.2030487060547,135.91603088378906,31.689172744750977,262.8373718261719,27.21177101135254,124.92707061767578,362.6732177734375,41.08111572265625,3898.81005859375
2021-03-11,118.78851318359375,32.98088836669922,311.1494140625,,104.87745666503906,21.837709426879883,138.19436645507812,135.20635986328125,31.41939926147461,271.7474670410156,27.04038429260254,130.18617248535156,366.3503723144531,41.06557846069336,3939.340087890625
2021-03-12,117.88268280029297,33.60082244873047,313.5068054199219,,102.25648498535156,21.95583152770996,138.5938262939453,136.8096923828125,31.887001037597656,266.31011962890625,27.219558715820312,128.81231689453125,366.8438415527344,41.6840705871582,3943.340087890625
2021-03-15,120.76570892333984,33.43256378173828,312.9103698730469,,102.48312377929688,21.837709426879883,139.30592346191406,136.12631225585938,32.255680084228516,271.6185302734375,27.585710525512695,131.52810668945312,369.031494140625,41.4696159362793,3968.93994140625
2021-03-16,122.30461120605469,33.335140228271484,309.82403564453125,,103.77401733398438,21.697444915771484,140.13088989257812,134.49667358398438,32.210723876953125,277.1054382324219,27.91290855407715,133.2279052734375,368.56610107421875,41.457183837890625,3962.7099609375
2021-03-17,121.51570129394531,33.60969161987305,311.66070556640625,,103.70260620117188,22.029659271240234,139.6098175048828,135.8809814453125,31.72513771057129,281.79864501953125,27.881744384765625,134.90528869628906,369.8228759765625,41.11219787597656,3974.1201171875
2021-03-18,117.39566040039062,34.486454010009766,305.7813415527344,,100.98194122314453,22.443084716796875,139.3493194580078,138.12393188476562,31.194589614868164,276.4505615234375,27.86616325378418,129.32351684570312,364.4421081542969,40.57540512084961,3915.4599609375
2021-03-19,116.86972045898438,34.12335968017578,311.39556884765625,,101.32811737060547,22.10348892211914,138.9759063720703,135.92478942871094,31.833045959472656,287.85107421875,27.679187774658203,130.92100524902344,363.7676696777344,41.115325927734375,3913.10009765625
2021-03-22,120.18128967285156,33.352848052978516,316.6784973144531,,101.0994873046875,21.6605281829834,139.37539672851562,132.2712860107422,32.543434143066406,291.25439453125,28.045339584350586,133.69114685058594,366.67236328125,41.31193923950195,3940.590087890625
2021-03-23,119.35342407226562,32.679779052734375,322.21685791015625,,101.8121337890625,21.424285888671875,139.24510192871094,130.9482879638672,32.94809341430664,288.3670654296875,27.54676055908203,130.17657470703125,363.7863464355469,41.80192565917969,3910.52001953125
2021-03-24,116.96712493896484,32.679779052734375,320.0393981933594,,101.42034912109375,21.224958419799805,140.5998077392578,131.96461486816406,32.11181640625,279.94317626953125,27.741514205932617,128.39053344726562,361.9370422363281,41.54288864135742,3889.139892578125
2021-03-25,117.45413208007812,33.352848052978516,327.8974304199219,,101.38562774658203,21.43166732788086,140.65191650390625,133.65557861328125,32.813209533691406,276.5696105957031,27.788257598876953,128.52688598632812,363.9732360839844,41.82377243041992,3909.52001953125
2021-03-26,118.0580062866211,34.256195068359375,333.27496337890625,,100.94871520996094,21.52764129638672,143.22232055664062,135.8809814453125,33.4786491394043,280.81634521484375,28.240097045898438,134.8714599609375,369.8385925292969,42.17332458496094,3974.5400390625
2021-03-29,118.23331451416016,33.928504943847656,337.1850891113281,,101.96041107177734,21.39475440979004,144.18621826171875,133.76947021484375,34.1261100769043,288.5555419921875,28.528343200683594,132.80355834960938,369.65179443359375,42.65394592285156,3971.090087890625
2021-03-30,116.78205108642578,34.53074264526367,331.1258239746094,,101.94007873535156,21.734355926513672,143.2917938232422,135.34654235839844,34.243003845214844,285.757568359375,28.13103485107422,132.48666381835938,368.67108154296875,42.36369705200195,3958.550048828125
2021-03-31,118.97355651855469,34.26504898071289,333.7104797363281,,102.58924865722656,21.512876510620117,142.71865844726562,133.3751983642578,32.36360168457031,292.2366638183594,28.22452163696289,135.72293090820312,370.1654357910156,42.39178466796875,3972.889892578125
2021-04-01,119.80145263671875,34.97355651855469,336.03948974609375,,106.0171127319336,21.60146713256836,141.3987274169922,134.67193603515625,32.32762908935547,296.3345031738281,28.279052734375,140.7134552001953,374.1629333496094,42.32625198364258,4019.8701171875
2021-04-05,122.62604522705078,35.248104095458984,341.6064453125,,110.3713607788086,21.756505966186523,141.9197235107422,135.38577270507812,33.02902603149414,306.5047302246094,28.26346778869629,143.5528564453125,379.5332946777344,43.515323638916016,4077.909912109375
2021-04-06,122.92797088623047,35.15068435668945,340.943603515625,,110.33168029785156,21.667909622192383,141.88499450683594,134.4339599609375,33.17291259765625,303.8753662109375,28.084285736083984,141.94906616210938,379.30914306640625,43.72443389892578,4073.93994140625
2021-04-07,124.57402801513672,35.469512939453125,339.70343017578125,,111.56803894042969,21.95583152770996,142.07606506347656,136.54026794433594,33.406715393066406,310.6521911621094,27.97522735595703,141.8562469482422,379.7481689453125,43.630794525146484,4079.949951171875
2021-04-08,126.97006225585938,35.159542083740234,341.985107421875,,112.34962463378906,22.36187744140625,141.52029418945312,136.70773315429688,33.4786491394043,310.58270263671875,28.014175415039062,143.4727783203125,381.5506896972656,43.602718353271484,4097.169921875
2021-04-09,129.5414276123047,35.416378021240234,343.86907958984375,,113.36329650878906,22.07395362854004,140.0267333984375,137.7300262451172,33.973236083984375,310.0270080566406,28.51276206970215,143.02464294433594,384.32464599609375,43.62455749511719,4128.7998046875
2021-04-12,127.82719421386719,35.47836685180664,345.3839111328125,,111.82145690917969,21.95583152770996,140.36534118652344,137.43919372558594,34.14409637451172,309.11419677734375,28.801008224487305,141.4881134033203,384.4647521972656,43.630794525146484,4127.990234375
2021-04-13,130.93417358398438,34.822994232177734,345.7625732421875,,112.44036865234375,21.59408187866211,138.48965454101562,135.7999725341797,33.793392181396484,307.34814453125,28.94902801513672,141.2640838623047,385.60418701171875,43.49660110473633,4141.58984375
2021-04-14,128.5966339111328,35.31896209716797,343.8312683105469,,111.82392120361328,21.763883590698242,138.87173461914062,133.26181030273438,33.487648010253906,300.462158203125,28.95682144165039,139.71156311035156,384.28729248046875,43.480995178222656,4124.66015625
2021-04-15,131.00241088867188,34.309329986572266,349.16143798828125,,113.89790344238281,21.608848571777344,139.27987670898438,134.10789489746094,33.44268035888672,305.4232482910156,29.291793823242188,142.05149841308594,388.4154968261719,43.74315643310547,4170.419921875
2021-04-16,130.67123413085938,34.67243957519531,350.97918701171875,,113.95245361328125,21.845090866088867,140.88636779785156,135.103759765625,33.37074661254883,303.7958984375,30.047462463378906,141.38568115234375,389.7137145996094,43.883602142333984,4185.47021484375
2021-04-19,131.3335418701172,34.69015121459961,349.87139892578125,,114.18257141113281,21.977981567382812,141.2771453857422,134.53091430664062,33.658504486083984,299.8866271972656,30.32792854309082,137.66920471191406,387.799072265625,43.602718353271484,4163.259765625
2021-04-20,129.64854431152344,33.72481918334961,351.9354248046875,,113.74764251708984,21.45381736755371,144.5682830810547,131.55209350585938,33.95524597167969,300.29345703125,30.40581703186035,135.7069549560547,384.9597473144531,43.939781188964844,4134.93994140625
2021-04-21,130.02842712402344,34.291622161865234,354.16973876953125,,113.73078155517578,21.549793243408203,144.663818359375,132.67135620117188,34.09013748168945,299.1226806640625,30.79534149169922,139.26654052734375,388.6023254394531,44.06773376464844,4173.419921875
2021-04-22,128.5089874267578,33.97279739379883,351.4903869628906,,112.47260284423828,21.128984451293945,143.43939208984375,129.8776092529297,33.658504486083984,294.21112060546875,30.101999282836914,136.23512268066406,385.0531311035156,43.590232849121094,4134.97998046875
2021-04-23,130.82711791992188,34.69902420043945,353.4028625488281,,114.82231903076172,21.43166732788086,143.7346649169922,132.3628692626953,33.58656311035156,298.7853088378906,30.117582321166992,138.7191925048828,389.22808837890625,43.662010192871094,4180.169921875
2021-04-26,131.21669006347656,34.90271759033203,348.8963317871094,,115.38965606689453,21.65314483642578,142.51889038085938,132.68902587890625,32.858177185058594,300.680419921875,30.133161544799805,141.2608184814453,390.0406799316406,43.04094696044922,4187.6201171875
2021-04-27,130.895263671875,35.31896209716797,350.49627685546875,,114.4166488647461,22.679325103759766,141.70262145996094,133.2970428466797,33.06501007080078,301.2063293457031,29.9539794921875,140.20126342773438,389.9565734863281,43.1876335144043,4186.72021484375
2021-04-28,130.10633850097656,35.45180130004883,349.9093933105469,,118.0265121459961,22.76053810119629,140.6605987548828,134.16073608398438,32.957088470458984,304.7088317871094,30.234437942504883,138.0725860595703,389.84442138671875,43.034706115722656,4183.18017578125
2021-04-29,130.00889587402344,36.40827941894531,354.4065856933594,,120.50515747070312,23.41758155822754,142.58839416503906,136.76942443847656,33.325782775878906,326.9443054199219,30.070831298828125,138.9688720703125,392.3288879394531,43.57774353027344,4211.47021484375
2021-04-30,128.0414581298828,35.89461898803711,353.03082275390625,,119.52471160888672,23.04845428466797,141.31185913085938,135.5531768798828,32.858177185058594,322.5487976074219,30.10978889465332,135.09555053710938,389.7510986328125,43.665130615234375,4181.169921875
2021-05-03,129.09339904785156,35.92117691040039,359.8905334472656,,118.7833023071289,22.627649307250977,143.46543884277344,135.15663146972656,33.61354064941406,320.0682373046875,31.029054641723633,133.69021606445312,390.5916442871094,44.354854583740234,4192.66015625
2021-05-04,124.52533721923828,36.31085968017578,356.06695556640625,,116.75396728515625,22.671945571899414,145.6885528564453,137.0249481201172,32.273677825927734,315.8811340332031,31.122541427612305,131.4366912841797,388.1820068359375,43.91791915893555,4164.66015625
2021-05-05,124.76884460449219,36.656253814697266,353.419921875,,116.87744140625,23.262554168701172,145.08067321777344,138.82286071777344,32.795230865478516,312.567138671875,31.138118743896484,132.25938415527344,388.30340576171875,43.88047409057617,4167.58984375
2021-05-06,126.3662109375,37.20534896850586,363.1543273925781,,118.09791564941406,23.343759536743164,145.66249084472656,141.61656188964844,33.892303466796875,317.5281982421875,30.831300735473633,133.3445587158203,391.4042053222656,44.19379425048828,4201.6201171875
2021-05-07,127.03937530517578,37.35591125488281,364.63433837890625,,118.9578628540039,23.328998565673828,146.3224334716797,142.10130310058594,33.92826843261719,316.59552001953125,31.138118743896484,135.17556762695312,394.25286865234375,43.92747497558594,4232.60009765625
2021-05-10,123.76122283935547,37.240779876708984,361.9398498535156,,116.12957763671875,23.484027862548828,147.8594512939453,142.0836944580078,34.94441604614258,303.587646484375,31.358394622802734,129.16392517089844,390.3488464355469,44.121734619140625,4188.43017578125
2021-05-11,122.84410095214844,36.81566619873047,358.8089294433594,,114.49798583984375,23.01892852783203,146.6524200439453,139.72174072265625,34.54874801635742,304.1432189941406,30.957172393798828,129.33680725097656,386.864990234375,43.723819732666016,4152.10009765625
2021-05-12,119.7805404663086,36.470279693603516,353.13525390625,,111.04235076904297,22.745769500732422,146.06195068359375,138.76112365722656,32.93911361694336,300.1941833496094,31.22464942932129,124.06780242919922,378.64605712890625,42.59273147583008,4063.0400390625
2021-05-13,121.92698669433594,37.05479431152344,360.0897521972656,,112.17752838134766,23.00415802001953,147.5902862548828,142.33042907714844,33.26443099975586,302.88311767578125,31.547208786010742,125.64912414550781,383.19451904296875,43.31337356567383,4112.5
2021-05-14,124.34658813476562,37.515316009521484,364.72930908203125,,114.8649673461914,23.42496681213379,147.81605529785156,144.54248046875,33.61687088012695,313.4799499511719,31.484270095825195,129.53846740722656,389.0785827636719,43.71441650390625,4173.85009765625
2021-05-17,123.1953353881836,37.85186004638672,364.29290771484375,,115.12535095214844,23.181344985961914,147.96371459960938,145.1241912841797,33.78856658935547,313.0037536621094,31.55507469177246,128.4084930419922,388.0885925292969,43.51701354980469,4163.2900390625
2021-05-18,121.80989074707031,37.33819580078125,363.2017517089844,,114.23365020751953,23.2034912109375,148.01577758789062,143.07955932617188,33.61687088012695,307.5465087890625,31.507877349853516,127.3745346069336,384.7449035644531,44.46324920654297,4127.830078125
2021-05-19,121.6537857055664,37.169921875,360.2130126953125,,114.4955062866211,23.262554168701172,147.6945037841797,141.98672485351562,32.8939208984375,311.14825439453125,31.33479881286621,129.85853576660156,383.7361755371094,44.46638870239258,4115.68017578125
2021-05-20,124.21000671386719,37.08134841918945,363.9322814941406,,116.84520721435547,23.247785568237305,148.55418395996094,141.73997497558594,32.8577880859375,316.12921142578125,31.562944412231445,133.27415466308594,387.86444091796875,44.623043060302734,4159.1201171875
2021-05-21,122.37580108642578,37.55073928833008,361.21875,,116.30017852783203,23.2034912109375,148.45867919921875,143.3527374267578,33.06562423706055,313.7677307128906,31.42920684814453,132.53785705566406,387.54693603515625,44.413124084472656,4155.85986328125
2021-05-24,124.00508880615234,37.75443649291992,363.8089904785156,,119.35363006591797,23.306848526000977,149.02662658691406,144.12828063964844,33.07466506958008,322.102294921875,31.319061279296875,135.88621520996094,391.49761962890625,44.416259765625,4197.0498046875
2021-05-25,123.80996704101562,37.20534896850586,365.6401062011719,,119.4726333618164,23.262554168701172,148.6159210205078,142.638916015625,32.948143005371094,325.2377014160156,30.941434860229492,136.28955078125,390.6289978027344,44.59797668457031,4188.1298828125
2021-05-26,123.76122283935547,37.231910705566406,365.8678283691406,,120.6856689453125,23.277318954467773,147.7333984375,142.62124633789062,32.8848876953125,325.1087341308594,30.618885040283203,136.6544647216797,391.4042053222656,44.54471206665039,4195.990234375
2021-05-27,122.22943115234375,37.683589935302734,367.65155029296875,,119.14730834960938,23.594764709472656,147.50621032714844,144.8421630859375,32.794532775878906,330.1590881347656,30.40647315979004,137.23065185546875,391.60980224609375,44.39432144165039,4200.8798828125
2021-05-28,121.57575225830078,37.54188919067383,358.8943176269531,,119.59612274169922,23.90484046936035,147.8907012939453,144.74522399902344,33.41805648803711,326.1704406738281,30.46941566467285,138.5047149658203,392.31024169921875,44.500850677490234,4204.10986328125
2021-06-01,121.25377655029297,38.011268615722656,358.8563232421875,,120.5011978149414,23.365903854370117,144.6401824951172,146.34036254882812,33.68915557861328,326.5672912597656,30.288463592529297,138.11737060546875,391.96466064453125,44.38492965698242,4202.0400390625
2021-06-02,122.0147933959961,38.02897262573242,361.095458984375,,120.07817077636719,23.668594360351562,145.22557067871094,146.3491668701172,34.29462814331055,326.58709716796875,30.51660919189453,138.95924377441406,392.5810546875,44.28779220581055,4208.1201171875
2021-06-03,120.53179931640625,38.46477508544922,364.20745849609375,,119.25144958496094,23.284700393676758,145.08578491210938,146.4461212158203,34.78261947631836,323.5013122558594,30.658222198486328,136.5712432861328,391.1240234375,44.366127014160156,4192.85009765625
2021-06-04,122.82459259033203,38.4825553894043,367.6705627441406,,121.58975982666016,23.255170822143555,145.02462768554688,146.68406677246094,34.891056060791016,327.77777099609375,30.799827575683594,139.88758850097656,394.701171875,44.44445037841797,4229.89013671875
2021-06-07,122.83433532714844,38.349151611328125,360.9152526855469,,122.3004150390625,23.277318954467773,144.03720092773438,145.99664306640625,35.21638488769531,333.9592590332031,30.6739559173584,138.79917907714844,394.3182373046875,44.14680480957031,4226.52001953125
2021-06-08,123.65386962890625,38.135711669921875,360.2511291503906,,123.13159942626953,23.14443016052246,142.77023315429688,145.41500854492188,35.14408874511719,331.081787109375,30.563812255859375,138.00534057617188,394.4023132324219,43.81155014038086,4227.259765625
2021-06-09,124.03438568115234,37.63766860961914,360.4977111816406,,123.55561828613281,22.78268051147461,144.69256591796875,143.59951782226562,34.592838287353516,327.6785583496094,31.319061279296875,137.32667541503906,393.81396484375,43.57655334472656,4219.5498046875
2021-06-10,123.03922271728516,37.07736587524414,363.3915710449219,,125.0533218383789,22.66456413269043,145.9945526123047,141.36099243164062,35.0537223815918,329.87127685546875,32.003501892089844,138.9041748046875,395.6445007324219,43.82721710205078,4239.18017578125
2021-06-11,124.24900817871094,37.22855758666992,362.2719421386719,,124.6729507446289,22.775299072265625,144.14207458496094,141.26405334472656,34.98142623901367,328.68072509765625,31.586544036865234,139.60604858398438,396.2983093261719,44.09980773925781,4247.43994140625
2021-06-14,127.30280303955078,36.78388977050781,364.1031494140625,,125.32310485839844,22.863889694213867,144.50033569335938,138.86691284179688,34.7012825012207,334.1477966308594,31.17745018005371,141.5898895263672,397.1856689453125,44.04027557373047,4255.14990234375
2021-06-15,126.48329162597656,36.8105583190918,364.24542236328125,,125.00670623779297,22.76053810119629,143.7313995361328,136.7606201171875,34.22233200073242,334.1278991699219,31.145986557006836,140.4296875,396.45709228515625,43.864803314208984,4246.58984375
2021-06-16,126.98085021972656,37.01511001586914,359.97589111328125,,124.6729507446289,22.812213897705078,143.678955078125,137.72122192382812,33.93315505981445,328.5021057128906,30.917837142944336,139.10928344726562,394.2435607910156,42.971858978271484,4223.7001953125
2021-06-17,128.58091735839844,35.396484375,365.0423889160156,,125.34196472167969,22.575969696044922,144.36927795410156,133.7465362548828,35.40616226196289,333.8898010253906,31.059452056884766,140.6092071533203,394.11285400390625,43.15043640136719,4221.85986328125
2021-06-18,127.28327941894531,34.48933410644531,361.37060546875,,124.54499053955078,21.822946548461914,141.5381622314453,130.36236572265625,35.017578125,327.0931701660156,30.532352447509766,137.2440185546875,388.7960510253906,42.35147476196289,4166.4501953125
2021-06-21,129.07852172851562,35.35200881958008,366.98736572265625,,125.42526245117188,21.95583152770996,143.1634521484375,132.5743865966797,35.76762771606445,329.7026672363281,31.012235641479492,137.7504119873047,394.362060546875,42.73685073852539,4224.7900390625
2021-06-22,130.71755981445312,35.547672271728516,372.0918273925781,,125.96532440185547,21.726970672607422,142.97119140625,132.38055419921875,35.99354934692383,336.3901672363281,31.16171646118164,138.40098571777344,396.4703369140625,42.93424987792969,4246.43994140625
2021-06-23,130.4444122314453,35.75223159790039,371.8925476074219,,125.43170928955078,21.712203979492188,142.10614013671875,133.18251037597656,35.41518783569336,337.9380187988281,30.721158981323242,138.97789001464844,395.9925231933594,42.59899139404297,4241.83984375
2021-06-24,130.1614532470703,36.31251907348633,371.9873962402344,,126.24552917480469,21.845090866088867,142.75274658203125,134.4075164794922,35.37904357910156,340.5078430175781,30.831300735473633,141.33987426757812,398.3351135253906,42.89665222167969,4266.490234375
2021-06-25,129.86875915527344,37.01511001586914,374.3024597167969,,125.96086120605469,21.985363006591797,143.48672485351562,135.7647247314453,35.43327331542969,338.71197509765625,30.66608238220215,140.95529174804688,399.75,43.404232025146484,4280.7001953125
2021-06-28,131.49810791015625,36.961753845214844,376.228515625,,125.78678894042969,21.638381958007812,143.32070922851562,136.01148986816406,35.568809509277344,352.870849609375,30.776227951049805,144.3204803466797,400.555908203125,43.26948928833008,4290.60986328125
2021-06-29,133.01034545898438,36.365882873535156,378.3631896972656,,124.99231719970703,21.387371063232422,143.32945251464844,135.8440704345703,35.107933044433594,349.15008544921875,30.760498046875,145.45176696777344,400.77142333984375,43.01884460449219,4291.7998046875
2021-06-30,133.6250457763672,36.66826629638672,375.40301513671875,,124.29553985595703,21.29878044128418,143.94985961914062,137.07786560058594,34.619956970214844,345.0025634765625,30.807697296142578,145.57359313964844,401.1087951660156,44.18440246582031,4297.5
2021-07-01,133.92750549316406,36.9439697265625,374.3214416503906,,125.33946990966797,21.542407989501953,145.015869140625,138.43508911132812,34.457298278808594,351.63055419921875,31.12238883972168,143.48721313476562,403.3294677734375,43.65174865722656,4319.93994140625
2021-07-02,136.55198669433594,36.597110748291016,378.5055236816406,,127.67082214355469,21.291400909423828,147.65476989746094,138.3021240234375,34.67417907714844,351.938232421875,31.256132125854492,144.36212158203125,406.41241455078125,43.89927673339844,4352.33984375
2021-07-06,138.56179809570312,35.63661193847656,378.4295959472656,,128.71424865722656,21.195423126220703,146.77227783203125,135.9798126220703,33.806644439697266,350.03314208984375,30.909975051879883,144.11534118652344,405.67205810546875,43.846012115478516,4343.5400390625
2021-07-07,141.04971313476562,35.35200881958008,383.95147705078125,,129.0182647705078,21.26186752319336,148.030517578125,136.13934326171875,34.01449203491211,347.760986328125,30.957172393798828,141.9327850341797,407.1058044433594,43.77395248413086,4358.1298828125
2021-07-08,139.7521209716797,34.48933410644531,386.29498291015625,,128.12510681152344,20.796764373779297,147.7421417236328,133.79042053222656,34.23137283325195,342.9586181640625,30.878507614135742,140.10919189453125,403.78863525390625,43.73634338378906,4320.81982421875
2021-07-09,141.5765838623047,35.60992431640625,391.2475891113281,,128.5193328857422,21.202810287475586,148.32760620117188,138.07164001464844,34.583805084228516,347.6915283203125,31.16171646118164,142.39431762695312,408.0990295410156,43.95881271362305,4369.5498046875
2021-07-12,140.98143005371094,36.134647369384766,386.9875793457031,,129.50079345703125,21.136363983154297,148.09165954589844,140.04833984375,34.619956970214844,350.4101867675781,31.279727935791016,144.2211456298828,409.5607604980469,43.88047790527344,4384.6298828125
2021-07-13,142.09364318847656,35.44984817504883,386.2096252441406,,129.9278106689453,21.1511287689209,147.9081573486328,137.96530151367188,34.403072357177734,349.34844970703125,31.193193435668945,143.64422607421875,408.16461181640625,44.04653549194336,4369.2099609375
2021-07-14,145.51820373535156,34.56048583984375,388.9515380859375,,131.00694274902344,21.077301025390625,148.91305541992188,137.49551391601562,34.62898254394531,344.9232177734375,31.42920684814453,142.9807891845703,408.7736511230469,44.35045623779297,4374.2998046875
2021-07-15,144.864501953125,34.5338020324707,390.725830078125,,130.19757080078125,20.907503128051758,147.1217041015625,137.79690551757812,35.09891128540039,341.7779235839844,31.53934097290039,139.8079376220703,407.3775329589844,44.38492965698242,4360.02978515625
2021-07-16,142.82540893554688,33.7244873046875,389.35003662109375,,130.77186584472656,20.44978141784668,146.8858184814453,134.65025329589844,35.568809509277344,338.50360107421875,31.74388313293457,136.76968383789062,404.1822204589844,44.35358810424805,4327.16015625
2021-07-19,138.98133850097656,32.84401321411133,392.9364929199219,,128.2014617919922,19.77796745300293,145.81979370117188,130.271484375,37.11410903930664,334.32635498046875,31.586544036865234,136.6318817138672,398.21331787109375,44.25019836425781,4258.490234375
2021-07-20,142.5912628173828,33.519935607910156,394.9193420410156,,130.03390502929688,19.9625301361084,147.191650390625,132.70018005371094,36.66227340698242,338.9997253417969,32.294586181640625,138.49388122558594,403.9198303222656,44.450721740722656,4323.06005859375
2021-07-21,141.85948181152344,34.204734802246094,393.7524108886719,,131.52072143554688,20.420255661010742,148.1004180908203,135.49227905273438,36.2465705871582,343.5340881347656,32.27098846435547,142.74685668945312,407.19012451171875,44.23139190673828,4358.68994140625
2021-07-22,143.2254180908203,33.76005554199219,396.15283203125,,132.2427978515625,20.316896438598633,148.528564453125,133.7815399169922,35.90318298339844,348.4554748535156,32.62500762939453,141.9039306640625,408.0428771972656,44.262725830078125,4367.47998046875
2021-07-23,144.9425811767578,33.528831481933594,401.7410583496094,,136.69374084472656,20.383338928222656,150.110107421875,133.52452087402344,36.047767639160156,366.9106750488281,32.79021453857422,142.62831115722656,412.24078369140625,44.62617492675781,4411.7900390625
2021-07-26,145.36209106445312,33.911251068115234,401.55133056640625,,138.50738525390625,20.530990600585938,150.1800537109375,134.41976928710938,35.957401275634766,369.55987548828125,32.892486572265625,142.67315673828125,413.25274658203125,44.688846588134766,4422.2998046875
2021-07-27,143.1961669921875,33.77785110473633,402.60455322265625,,135.6825408935547,20.634347915649414,150.87037658691406,134.2424774169922,36.17428970336914,364.94610595703125,33.12063980102539,140.05474853515625,411.3693542480469,44.69197082519531,4401.4599609375
2021-07-28,141.44972229003906,33.911251068115234,400.5930480957031,,135.2709503173828,20.457162857055664,150.45095825195312,134.4640655517578,36.17428970336914,370.37353515625,34.182701110839844,142.343017578125,411.20062255859375,44.510250091552734,4400.64013671875
2021-07-29,142.09364318847656,34.40039825439453,404.2527160644531,,135.4286346435547,20.538375854492188,150.45095825195312,135.61639404296875,36.797821044921875,355.5300598144531,33.96836471557617,145.24667358398438,412.9060363769531,44.566650390625,4419.14990234375
2021-07-30,142.3082733154297,34.115814208984375,408.4732360839844,,134.11988830566406,20.353809356689453,150.46839904785156,134.53497314453125,36.779747009277344,353.5257263183594,33.9842414855957,146.4357147216797,410.90081787109375,44.66377258300781,4395.259765625
2021-08-02,141.97659301757812,33.76005554199219,407.71270751953125,,134.88214111328125,20.25045394897461,150.52955627441406,133.9943084716797,37.05988693237305,349.2095947265625,34.897159576416016,147.36190795898438,410.0387268066406,44.56038284301758,4387.16015625
2021-08-03,143.77178955078125,34.2847785949707,413.55865478515625,,135.17025756835938,20.56790542602539,152.3820343017578,135.51889038085938,38.514808654785156,348.5050964355469,36.26255798339844,148.48365783691406,413.37451171875,45.06167984008789,4423.14990234375
2021-08-04,143.37173461914062,34.03575134277344,413.5301818847656,,134.9208221435547,20.530990600585938,151.48202514648438,134.05628967285156,37.88222885131836,356.1253356933594,35.873573303222656,149.99639892578125,411.3411865234375,44.754634857177734,4402.66015625
2021-08-05,143.47906494140625,34.70277786254883,421.27716064453125,,135.82489013671875,20.752470016479492,151.77040100097656,135.7493133544922,37.83705139160156,360.143798828125,35.770381927490234,150.02198791503906,413.9461364746094,45.584938049316406,4429.10009765625
2021-08-06,142.79510498046875,35.707763671875,417.8931884765625,,135.92007446289062,20.973947525024414,151.26356506347656,139.6051025390625,37.728607177734375,360.6795654296875,35.778316497802734,149.2752685546875,414.6301574707031,45.50347900390625,4436.52001953125
2021-08-09,142.74624633789062,36.17021560668945,418.6916809082031,,136.8782501220703,20.959182739257812,151.78781127929688,139.4543914794922,38.20755386352539,358.7943420410156,36.500709533691406,148.76885986328125,414.29290771484375,45.61314010620117,4432.35009765625
2021-08-10,142.26747131347656,36.84613800048828,421.1251220703125,,136.9719696044922,20.922269821166992,151.84027099609375,141.16513061523438,38.65940475463867,358.31805419921875,38.255088806152344,147.04147338867188,414.8081970214844,46.58443832397461,4436.75
2021-08-11,142.5215301513672,37.308597564697266,422.332275390625,,136.56826782226562,21.136363983154297,151.86648559570312,142.84925842285156,38.85820007324219,357.1572265625,36.76268005371094,146.53822326660156,415.8389587402344,47.00113296508789,4442.41015625
2021-08-12,145.48216247558594,37.486473083496094,423.3398742675781,,137.2625732421875,21.018239974975586,153.08981323242188,143.4076690673828,38.721988677978516,359.8262939453125,37.500946044921875,144.9646453857422,417.0852355957031,46.87535858154297,4460.830078125
2021-08-13,145.6873779296875,37.02399826049805,425.67828369140625,,137.27894592285156,20.996095657348633,154.00729370117188,141.80331420898438,38.876373291015625,360.3521728515625,38.48530578613281,145.87486267089844,417.8442687988281,47.023155212402344,4468.0
2021-08-16,147.66111755371094,36.72162628173828,430.4691162109375,,137.78480529785156,20.804147720336914,155.3966522216797,140.87261962890625,39.457557678222656,363.7058410644531,38.826656341552734,145.3332061767578,418.828125,47.40680694580078,4479.7099609375
2021-08-17,146.75242614746094,36.54375457763672,429.97479248046875,,136.18246459960938,20.59005355834961,156.8209228515625,139.17079162597656,41.26470184326172,355.65899658203125,40.025360107421875,142.51930236816406,416.0826110839844,47.391090393066406,4448.080078125
2021-08-18,143.0100860595703,36.27695083618164,424.14794921875,,135.45791625976562,20.50884437561035,154.8286590576172,137.9032440185547,42.009361267089844,352.6823425292969,39.14419174194336,140.6348419189453,411.52862548828125,46.8879280090332,4400.27001953125
2021-08-19,143.34230041503906,35.74333572387695,431.7999267578125,,135.79859924316406,20.157434463500977,156.03451538085938,136.75094604492188,41.709686279296875,352.3548889160156,38.73933792114258,141.78857421875,412.1658020019531,47.20555114746094,4405.7998046875
2021-08-20,144.79818725585938,35.903411865234375,436.2960205078125,,137.3096923828125,20.29949378967285,156.79470825195312,137.14096069335938,42.62688064575195,356.57177734375,38.67583084106445,142.85256958007812,415.4454040527344,47.626949310302734,4441.669921875
2021-08-23,146.28338623046875,36.383670806884766,432.436767578125,,139.95050048828125,20.314449310302734,156.11788940429688,138.89596557617188,42.445255279541016,360.52081298828125,39.63637161254883,146.87477111816406,419.09991455078125,47.31247329711914,4479.52978515625
2021-08-24,146.19546508789062,36.89059829711914,429.4519958496094,,141.2389373779297,20.097618103027344,154.16653442382812,139.75575256347656,41.546226501464844,362.66400146484375,38.405921936035156,146.87477111816406,419.76513671875,46.82503890991211,4486.22998046875
2021-08-25,144.96432495117188,37.486473083496094,428.919677734375,,141.78594970703125,20.47893524169922,153.14688110351562,142.63653564453125,41.59163284301758,365.5216064453125,37.71528625488281,147.99331665039062,420.6459045410156,46.843902587890625,4496.18994140625
2021-08-26,144.16307067871094,37.388641357421875,427.0946044921875,,140.9656524658203,20.164913177490234,152.3293914794922,143.37222290039062,41.01951599121094,361.5428161621094,37.61207962036133,148.13108825683594,418.162841796875,46.33761215209961,4470.0
2021-08-27,145.1988525390625,37.78884506225586,428.0736389160156,,143.37342834472656,20.29949378967285,152.00418090820312,144.52455139160156,41.310115814208984,369.7285461425781,36.992889404296875,150.9578399658203,421.901611328125,46.07659912109375,4509.3701171875
2021-08-30,149.6153564453125,37.05068588256836,433.38726806640625,,144.2849578857422,19.94808578491211,152.64585876464844,142.21104431152344,41.95487594604492,377.6960754394531,37.119903564453125,151.25909423828125,423.7569580078125,46.447669982910156,4528.7900390625
2021-08-31,148.35488891601562,37.1307258605957,432.9690246582031,,144.27748107910156,19.76864242553711,152.1800079345703,141.7766876220703,41.80049514770508,376.426025390625,36.57215118408203,150.05084228515625,423.129150390625,46.57346725463867,4522.68017578125
2021-09-01,149.01931762695312,36.632694244384766,433.9481506347656,,144.65438842773438,19.940608978271484,152.71621704101562,141.5728759765625,41.53714370727539,379.0751953125,36.54833984375,149.2335662841797,423.35406494140625,46.47282028198242,4524.08984375
2021-09-02,150.13320922851562,36.66844940185547,438.1781005859375,,143.0446319580078,19.903226852416992,153.76217651367188,142.2288055419922,42.96288299560547,372.3579406738281,37.183414459228516,149.791259765625,424.656494140625,46.71811294555664,4536.9501953125
2021-09-03,150.7683868408203,36.69526290893555,439.6799621582031,,143.5960693359375,19.895742416381836,153.85887145996094,141.3690185546875,42.36353302001953,373.3303527832031,37.183414459228516,150.9130096435547,424.55340576171875,46.93510437011719,4535.43017578125
2021-09-07,153.1036376953125,36.93661880493164,436.8758544921875,,144.33404541015625,19.6265811920166,151.46798706054688,141.12083435058594,41.7641716003418,379.2041931152344,37.111968994140625,150.35850524902344,423.0353698730469,46.31245040893555,4520.02978515625
2021-09-08,151.5597686767578,36.45390701293945,442.67425537109375,,143.7036895751953,19.5069522857666,151.09884643554688,140.49147033691406,42.03660202026367,374.6300964355469,36.92144775390625,148.43240356445312,422.5200500488281,46.3722038269043,4514.06982421875
2021-09-09,150.54359436035156,36.58799362182617,442.90240478515625,,143.7334442138672,19.432186126708984,147.73233032226562,141.10305786132812,41.89131546020508,375.0567932128906,36.540401458740234,148.9547882080078,420.7115478515625,46.045143127441406,4493.27978515625
2021-09-10,145.560302734375,35.99800491333008,442.16094970703125,,140.7653350830078,19.42470932006836,146.76539611816406,139.48101806640625,38.749237060546875,375.7413635253906,36.191104888916016,150.13742065429688,417.3944396972656,45.87847900390625,4458.580078125
2021-09-13,146.12705993652344,36.59693145751953,436.93292236328125,,142.2967529296875,19.6863956451416,145.7369842529297,141.69696044921875,38.939937591552734,373.578369140625,35.38933563232422,151.5763702392578,418.462646484375,45.617462158203125,4468.72998046875
2021-09-14,144.7297821044922,35.613624572753906,435.7446594238281,,142.23825073242188,19.17049789428711,144.85797119140625,139.22398376464844,37.95009994506836,373.5981750488281,35.49253463745117,151.58279418945312,416.2044372558594,45.37846755981445,4443.0498046875
2021-09-15,145.61900329589844,35.88180923461914,437.9499816894531,,144.0235595703125,19.252742767333984,145.4029541015625,140.19009399414062,37.3234977722168,371.0085144042969,35.5401611328125,152.4545440673828,419.68084716796875,45.45708465576172,4480.7001953125
2021-09-16,145.38442993164062,36.158912658691406,440.40240478515625,,143.19786071777344,19.058345794677734,145.22714233398438,140.1280517578125,37.114627838134766,370.1552429199219,35.30201721191406,152.7461700439453,419.01556396484375,45.6080322265625,4473.75
2021-09-17,142.71693420410156,36.2036018371582,436.790283203125,,140.31155395507812,19.252742767333984,144.8140411376953,139.76463317871094,37.178192138671875,361.880126953125,34.84159469604492,150.31040954589844,414.9339294433594,45.51368713378906,4432.990234375
2021-09-20,139.6683349609375,34.96106719970703,428.83416748046875,,137.8849639892578,18.400388717651367,143.98777770996094,135.5809326171875,36.696895599365234,352.9303894042969,35.08768081665039,146.5895233154297,408.01513671875,44.88788986206055,4357.72998046875
2021-09-21,140.1471710205078,34.97894287109375,429.75616455078125,,138.5093536376953,18.340576171875,144.62066650390625,135.59861755371094,36.73322296142578,354.6965637207031,34.86539840698242,147.02220153808594,407.6297912597656,44.97593688964844,4354.18994140625
2021-09-22,142.51177978515625,35.88180923461914,429.9652099609375,,139.79083251953125,18.968626022338867,144.09324645996094,138.19573974609375,36.415382385253906,340.53765869140625,34.889217376708984,150.07330322265625,411.6060791015625,44.87215805053711,4395.64013671875
2021-09-23,143.46932983398438,37.26736831665039,430.3929748535156,,140.67160034179688,19.32003402709961,144.91073608398438,142.86691284179688,36.48802947998047,343.2662353515625,35.07973861694336,152.07318115234375,416.607177734375,44.89731216430664,4448.97998046875
2021-09-24,143.55723571777344,37.669639587402344,444.62286376953125,,141.47149658203125,19.260221481323242,144.47125244140625,144.51564025878906,36.30641174316406,350.21173095703125,34.88127517700195,151.89869689941406,417.2933654785156,45.023109436035156,4455.47998046875
2021-09-27,142.042724609375,38.67081069946289,437.7883605957031,,140.3487548828125,19.813501358032227,143.42523193359375,148.00799560546875,36.49711227416992,350.82684326171875,34.58755874633789,151.52923583984375,416.0995788574219,44.733795166015625,4443.10986328125
2021-09-28,138.66192626953125,38.58142852783203,425.23150634765625,,135.07505798339844,19.409753799438477,143.10879516601562,147.2102508544922,36.78770065307617,337.99755859375,34.16682815551758,145.6016845703125,407.71441650390625,44.183467864990234,4352.6298828125
2021-09-29,139.5608673095703,38.500972747802734,429.4519958496094,,133.42559814453125,19.69387435913086,144.17237854003906,147.0950469970703,37.541439056396484,336.9656066894531,34.55580520629883,143.3046417236328,408.4006652832031,44.16459655761719,4359.4599609375
2021-09-30,138.26132202148438,37.94673538208008,427.132568359375,,132.1802978515625,19.55181121826172,141.95729064941406,145.091796875,36.715057373046875,336.7474060058594,34.14301300048828,143.24679565429688,403.40899658203125,43.83124923706055,4307.5400390625
2021-10-01,139.38497924804688,38.50992202758789,426.1630554199219,,135.3512725830078,19.72378158569336,141.0519561767578,148.14096069335938,35.5435905456543,340.3392333984375,34.07950210571289,143.3399658203125,408.2032165527344,43.09853744506836,4357.0400390625
2021-10-04,135.95533752441406,38.742340087890625,418.3780517578125,,132.6757354736328,19.51443099975586,139.9532470703125,147.98141479492188,35.988555908203125,323.68988037109375,33.67463684082031,139.6484832763672,402.93896484375,42.683433532714844,4300.4599609375
2021-10-05,137.8802490234375,39.52898406982422,424.1763610839844,,135.06809997558594,20.097618103027344,140.2696533203125,150.39797973632812,36.21559143066406,330.367431640625,33.59526443481445,141.76248168945312,407.13153076171875,42.96330261230469,4345.72021484375
2021-10-06,138.74984741210938,39.54686737060547,427.1231689453125,,136.23550415039062,20.718191146850586,140.5596923828125,150.71897888183594,35.915916442871094,331.0421142578125,33.35710906982422,142.3150634765625,408.8236083984375,43.27778625488281,4363.5498046875
2021-10-07,140.01034545898438,39.43959045410156,430.4785461425781,,138.0520782470703,21.069602966308594,141.81666564941406,151.6731414794922,35.870521545410156,326.6565856933594,33.92867660522461,143.9792938232422,412.3582458496094,43.7872314453125,4399.759765625
2021-10-08,139.62924194335938,39.63624954223633,429.5090637207031,,138.91549682617188,21.286428451538086,141.45628356933594,151.7890167236328,35.84326934814453,327.4801025390625,33.69845962524414,142.50462341308594,411.6060791015625,43.91930389404297,4391.33984375
2021-10-11,139.54135131835938,39.13565444946289,427.46533203125,,137.7168426513672,21.53316307067871,140.8585968017578,148.5966796875,35.94316482543945,322.9158935546875,33.38885498046875,141.5504150390625,408.626220703125,43.878421783447266,4361.18994140625
2021-10-12,138.27108764648438,38.92111587524414,424.7752380371094,,135.59971618652344,21.705129623413086,138.60833740234375,147.45530700683594,36.17018508911133,321.2490234375,33.2221565246582,139.78343200683594,407.620361328125,43.83124923706055,4350.64990234375
2021-10-13,137.684814453125,38.56354522705078,423.2828369140625,,136.77706909179688,21.697654724121094,139.93563842773438,143.56736755371094,35.84326934814453,322.01300048828125,32.880794525146484,140.58982849121094,409.0867919921875,43.51363754272461,4363.7998046875
2021-10-14,140.46958923339844,40.288814544677734,428.37786865234375,,140.26046752929688,21.82476234436035,140.73548889160156,145.7699432373047,35.52543258666992,325.9719543457031,33.079254150390625,144.95272827148438,415.96795654296875,43.985347747802734,4438.259765625
2021-10-15,141.5248565673828,41.450904846191406,430.0223083496094,,140.5213165283203,22.40795135498047,141.78152465820312,148.5699462890625,35.04412078857422,322.2312927246094,32.936370849609375,145.9197540283203,419.1358642578125,44.199180603027344,4471.3701171875
2021-10-18,143.1957550048828,41.37044906616211,439.10968017578125,,141.7963409423828,22.17616844177246,140.74429321289062,148.51646423339844,35.6071662902832,332.72894287109375,32.80142593383789,147.0956268310547,420.376708984375,44.554542541503906,4486.4599609375
2021-10-19,145.35511779785156,41.54922866821289,443.9859924316406,,142.65087890625,22.325706481933594,144.04051208496094,150.31773376464844,35.480018615722656,337.3426818847656,33.41267395019531,148.89797973632812,423.61993408203125,45.501102447509766,4519.6298828125
2021-10-20,145.84371948242188,42.09451675415039,446.5429992675781,,141.2552947998047,22.38552474975586,143.96139526367188,152.34190368652344,35.707054138183594,338.12652587890625,33.97630310058594,148.589599609375,425.2837829589844,45.9130744934082,4536.18994140625
2021-10-21,146.0586700439453,41.86211013793945,453.63409423828125,,141.61782836914062,22.43037986755371,143.6273956298828,151.14700317382812,35.68888854980469,339.218017578125,34.023929595947266,150.08670043945312,426.3929443359375,46.16779708862305,4549.77978515625
2021-10-22,145.28677368164062,42.52359390258789,458.1587829589844,,137.4961700439453,22.44533348083496,143.90870666503906,153.18011474609375,36.5334358215332,322.08245849609375,34.262081146240234,148.40321350097656,425.95111083984375,46.648929595947266,4544.89990234375
2021-10-25,145.2378692626953,42.46996307373047,465.86785888671875,,137.6429443359375,22.804218292236328,144.22509765625,152.4310760498047,36.62424850463867,326.1307067871094,34.254150390625,149.42169189453125,428.2354431152344,47.1898193359375,4566.47998046875
2021-10-26,145.90235900878906,42.87223434448242,461.5238037109375,,138.53463745117188,22.968708038330078,145.6930389404297,152.84127807617188,36.28824234008789,313.3509826660156,34.579620361328125,149.53408813476562,428.6208801269531,46.777870178222656,4574.7900390625
2021-10-27,145.443115234375,42.0498161315918,464.9267578125,,145.23513793945312,22.74440574645996,143.92625427246094,149.65786743164062,35.852352142333984,309.7889404296875,34.11125564575195,148.46109008789062,426.7220458984375,46.39421081542969,4551.68017578125
2021-10-28,149.07798767089844,42.7113151550293,467.03082275390625,,144.93907165527344,22.736927032470703,143.1439666748047,151.91392517089844,36.043052673339844,314.4523620605469,34.277957916259766,151.8087615966797,430.83935546875,46.68352508544922,4596.419921875
2021-10-29,146.37135314941406,42.7113151550293,467.9925231933594,,147.0631103515625,22.48271942138672,143.17034912109375,151.49481201171875,36.34273910522461,321.050537109375,34.72251892089844,152.48666381835938,431.713623046875,46.988563537597656,4605.3798828125
2021-11-01,145.55056762695312,42.77389907836914,468.3066711425781,,142.60325622558594,22.849075317382812,143.2934112548828,151.41452026367188,36.73322296142578,327.4106750488281,34.64312744140625,154.97325134277344,432.4562683105469,47.10491180419922,4613.669921875
2021-11-02,146.5863037109375,42.80070495605469,473.1813659667969,,144.67526245117188,22.579919815063477,145.5523681640625,152.01197814941406,36.96025848388672,325.52545166015625,36.07997131347656,156.90090942382812,434.20465087890625,47.0828971862793,4630.64990234375
2021-11-03,148.02267456054688,43.238731384277344,478.2655334472656,,145.59466552734375,22.65468406677246,145.08653259277344,152.0654754638672,39.003501892089844,329.0379333496094,35.5798454284668,158.70970153808594,436.85565185546875,47.227561950683594,4660.56982421875
2021-11-04,147.5048065185547,42.309059143066406,490.9188232421875,,147.4722442626953,21.869617462158203,144.68222045898438,150.0680389404297,39.430320739746094,333.2349548339844,35.115386962890625,164.04931640625,438.914306640625,47.573490142822266,4680.06005859375
2021-11-05,148.03318786621094,41.987247467041016,488.5386657714844,,148.0257110595703,21.92195701599121,143.6537628173828,149.85401916503906,38.431392669677734,338.4738464355469,38.92723083496094,165.87094116210938,440.43719482421875,47.24327850341797,4697.52978515625
2021-11-08,147.2112579345703,42.31798553466797,479.6747131347656,,148.13531494140625,21.869617462158203,143.16151428222656,150.75466918945312,37.868370056152344,335.9833679199219,38.70301055908203,168.11346435546875,440.81317138671875,46.9413948059082,4701.7001953125
2021-11-09,147.57327270507812,41.90678787231445,484.3399658203125,,148.03317260742188,21.705129623413086,142.84512329101562,149.61322021484375,38.07722854614258,332.7586975097656,37.878170013427734,168.11346435546875,439.35614013671875,47.10491180419922,4685.25
2021-11-10,144.74530029296875,42.21966552734375,481.29327392578125,,145.43202209472656,21.607934951782227,144.3921356201172,149.47059631347656,38.56760787963867,325.0888977050781,39.255558013916016,163.15615844726562,435.8216247558594,46.68038558959961,4646.7099609375
2021-11-11,144.69638061523438,42.45208740234375,487.6437072753906,,145.55300903320312,21.67522430419922,143.32855224609375,149.46165466308594,38.385986328125,325.1880798339844,40.18449783325195,166.606689453125,435.96258544921875,46.69926071166992,4649.27001953125
2021-11-12,146.7708740234375,41.933616638183594,492.3946838378906,,148.4269256591797,21.68269920349121,145.04257202148438,148.79286193847656,38.723670959472656,338.2357177734375,39.82412338256836,168.2355194091797,439.2527770996094,46.4665412902832,4682.85009765625
2021-11-15,146.78070068359375,42.058753967285156,494.98443603515625,,148.17152404785156,21.892051696777344,143.73289489746094,148.52536010742188,38.93357467651367,344.8537292480469,39.76006317138672,168.11021423339844,439.4031066894531,46.199241638183594,4682.7998046875
2021-11-16,147.7592010498047,42.08558654785156,501.48712158203125,,147.86204528808594,22.049060821533203,142.98570251464844,147.45530700683594,38.048301696777344,340.2895812988281,39.72002029418945,170.6290283203125,441.1423034667969,45.023109436035156,4700.89990234375
2021-11-17,150.19577026367188,41.57604217529297,501.0778503417969,,147.84817504882812,22.093923568725586,143.52194213867188,146.66165161132812,37.099143981933594,338.1166076660156,40.73705291748047,169.4403076171875,440.0706481933594,44.63629913330078,4688.669921875
2021-11-18,154.4817352294922,41.40620422363281,504.01025390625,,149.4817657470703,22.086450576782227,142.74838256835938,145.39541625976562,37.78363800048828,336.05279541015625,41.169490814208984,172.2739715576172,441.565185546875,45.01996994018555,4704.5400390625
2021-11-19,157.10423278808594,40.583805084228516,508.218505859375,,148.73143005371094,21.757469177246094,143.17913818359375,143.4960479736328,37.31819152832031,342.611328125,40.680992126464844,172.75262451171875,440.7756042480469,44.77781295776367,4697.9599609375
2021-11-22,157.56417846679688,41.37044906616211,513.7977294921875,,145.8808135986328,21.757469177246094,141.2946014404297,146.55462646484375,39.11610412597656,338.3547668457031,41.001319885253906,170.2499542236328,439.53472900390625,45.5294075012207,4682.93994140625
2021-11-23,157.94580078125,42.461021423339844,519.1389770507812,,145.5619354248047,22.146263122558594,142.17050170898438,150.05909729003906,39.298641204833984,334.6240539550781,40.90522384643555,169.5655975341797,440.1176452636719,45.85331344604492,4690.7001953125
2021-11-24,158.46444702148438,42.57723617553711,523.3948364257812,,145.52276611328125,22.1387882232666,141.77235412597656,148.8820343017578,38.824058532714844,338.4043884277344,40.75307083129883,171.4290008544922,441.2926330566406,46.0828857421875,4701.4599609375
2021-11-26,153.4445037841797,40.905609130859375,519.9674072265625,,141.64312744140625,20.7630558013916,140.8522186279297,144.3966522216797,39.37164306640625,330.5262145996094,43.24357604980469,166.6580352783203,431.4503479003906,45.567142486572266,4594.6201171875
2021-11-29,156.80091857910156,40.75364303588867,528.2982177734375,,144.92416381835938,20.815391540527344,141.33885192871094,143.7724609375,38.650657653808594,335.3979797363281,41.96229553222656,173.06427001953125,436.74285888671875,44.85329055786133,4655.27001953125
2021-11-30,161.7523193359375,39.7524528503418,513.5407104492188,,141.2919921875,20.695764541625977,137.95909118652344,141.63229370117188,37.902278900146484,321.93365478515625,43.02735900878906,170.03146362304688,428.24481201171875,44.22434997558594,4567.0
2021-12-01,161.23367309570312,39.18929672241211,504.457763671875,,140.46481323242188,20.82286834716797,139.86129760742188,140.79412841796875,36.69758987426758,308.18157958984375,43.78812789916992,168.67247009277344,423.4882507324219,43.126834869384766,4513.0400390625
2021-12-02,160.24534606933594,40.321041107177734,500.33514404296875,,142.605712890625,21.428491592407227,138.98536682128906,143.754638671875,40.74974822998047,307.97320556640625,42.47480392456055,168.9166259765625,429.9745178222656,42.601661682128906,4577.10009765625
2021-12-03,158.36654663085938,39.40486526489258,503.59130859375,,141.3599395751953,21.249048233032227,141.01148986816406,141.1508026123047,39.636322021484375,304.45086669921875,43.45979309082031,168.4893341064453,426.2331848144531,43.24319076538086,4538.43017578125
2021-12-06,161.7718505859375,39.6563606262207,507.65673828125,,142.62554931640625,21.555593490600586,144.16116333007812,142.81832885742188,41.1695671081543,315.3949279785156,41.22554397583008,168.27406311035156,431.28118896484375,43.71175765991211,4591.669921875
2021-12-07,167.5060577392578,40.159366607666016,516.0542602539062,,146.8310089111328,21.91448211669922,144.5327606201172,144.96737670898438,41.133060455322266,320.29644775390625,41.41773986816406,176.765380859375,440.2021484375,43.57024383544922,4686.75
2021-12-08,171.3223876953125,39.665340423583984,504.7148742675781,,147.50946044921875,21.72008514404297,145.3998260498047,143.3087615966797,39.070472717285156,327.9861145019531,41.16148376464844,175.6151885986328,441.36785888671875,43.12998580932617,4701.2099609375
2021-12-09,170.8135528564453,39.961753845214844,499.2117004394531,,146.89996337890625,21.74251365661621,146.78001403808594,143.08587646484375,39.864479064941406,327.2519226074219,41.706024169921875,171.57676696777344,438.387939453125,43.72988510131836,4667.4501953125
2021-12-10,175.5986328125,39.988704681396484,532.04931640625,,147.46434020996094,21.749996185302734,146.4172821044922,142.51515197753906,40.70410919189453,327.1824951171875,42.2665901184082,173.19602966308594,442.51470947265625,44.52870178222656,4712.02001953125
2021-12-13,171.96823120117188,39.144378662109375,530.5259399414062,,145.50985717773438,21.24156951904297,149.0361785888672,140.8208465576172,41.644142150878906,331.8855285644531,44.20454406738281,168.5823974609375,438.5946960449219,45.3306884765625,4668.97021484375
2021-12-14,170.58851623535156,39.638397216796875,519.2152709960938,,143.79002380371094,21.48082733154297,150.6641082763672,141.8998260498047,41.5985107421875,331.141357421875,44.4768180847168,167.771484375,435.5772705078125,45.76323318481445,4634.08984375
2021-12-15,175.45184326171875,39.467735290527344,538.3903198242188,,146.16845703125,21.518211364746094,151.41612243652344,140.83865356445312,42.1826171875,338.9997253417969,47.08745193481445,173.93064880371094,442.3830871582031,46.02531433105469,4709.85009765625
2021-12-16,168.5629119873047,40.41984939575195,526.156005859375,,143.65907287597656,22.183645248413086,153.07061767578125,143.041259765625,41.89968490600586,332.2923278808594,49.0494270324707,166.34274291992188,438.4819030761719,45.25806427001953,4668.669921875
2021-12-17,167.4669647216797,39.41385269165039,521.3765258789062,,141.64015197753906,21.907007217407227,148.84149169921875,139.78648376464844,40.87751770019531,331.19097900390625,47.631996154785156,165.9501190185547,433.8151550292969,43.808815002441406,4620.64013671875
2021-12-20,166.10679626464844,38.76713180541992,522.2809448242188,,141.24191284179688,21.8995304107666,148.4168243408203,137.2718048095703,41.53462600708008,322.9158935546875,48.8652458190918,164.6501007080078,429.2022705078125,43.95090103149414,4568.02001953125
2021-12-21,169.27728271484375,39.692291259765625,519.3009033203125,,143.0460968017578,21.95186424255371,147.9390869140625,139.1890106201172,40.03787612915039,331.5978088378906,47.20758056640625,170.5904083251953,436.8244934082031,44.08351135253906,4649.22998046875
2021-12-22,171.87037658691406,39.77313995361328,523.3378295898438,,145.75238037109375,22.13130760192871,148.57608032226562,139.73297119140625,39.71845626831055,327.87701416015625,47.68806457519531,172.363525390625,441.19207763671875,44.14033508300781,4696.56005859375
2021-12-23,172.49667358398438,39.89888000488281,524.0042114257812,,145.94430541992188,22.333181381225586,148.85922241210938,140.2323455810547,39.43553161621094,332.62969970703125,47.015384674072266,174.03042602539062,443.9372863769531,44.0424690246582,4725.7900390625
2021-12-27,176.45974731445312,40.09648895263672,536.4765625,,146.85829162597656,22.48271942138672,150.11557006835938,141.0348663330078,39.91924285888672,343.4844970703125,47.40777587890625,178.7994384765625,450.219970703125,44.44344711303711,4791.18994140625
2021-12-28,175.4420623779297,40.150386810302734,537.5906372070312,,145.25546264648438,22.542530059814453,150.71717834472656,141.46287536621094,40.539833068847656,343.52423095703125,46.45480728149414,176.82681274414062,449.85198974609375,45.08123779296875,4786.35009765625
2021-12-29,175.5301055908203,40.08750915527344,540.570556640625,,145.31150817871094,22.594867706298828,151.7788848876953,141.39157104492188,40.804508209228516,340.2697448730469,46.1104621887207,177.09713745117188,450.427490234375,45.05914306640625,4793.06005859375
2021-12-30,174.3754425048828,39.9976921081543,536.8954467773438,,144.81358337402344,22.557485580444336,152.45127868652344,141.32022094726562,41.19694137573242,341.6786804199219,46.76713180541992,175.09336853027344,449.1823425292969,45.20439147949219,4778.72998046875
2021-12-31,173.7589874267578,39.961753845214844,540.5040283203125,,143.50135803222656,22.542530059814453,151.3542022705078,141.2042999267578,41.30646514892578,333.7310485839844,47.287654876708984,174.5654754638672,448.05023193359375,45.68430709838867,4766.18017578125
2022-01-03,178.10366821289062,41.4797477722168,539.5614624023438,,143.8931427001953,22.766834259033203,151.77003479003906,144.1915740966797,41.24257278442383,335.90399169921875,45.365718841552734,178.03543090820312,450.6444396972656,45.67168426513672,4796.56005859375
2022-01-04,175.84324645996094,43.105533599853516,537.2001953125,,143.2405242919922,23.791156768798828,151.3630828857422,149.65786743164062,42.13697052001953,333.90966796875,43.668006896972656,177.48822021484375,450.4934997558594,44.8349723815918,4793.5400390625
2022-01-05,171.1658477783203,42.37796401977539,523.5757446289062,,136.53257751464844,23.58928108215332,152.37167358398438,146.9217987060547,42.7210693359375,321.64593505859375,44.548892974853516,171.4593048095703,441.843017578125,45.441192626953125,4700.580078125
2022-01-06,168.3084716796875,43.23128128051758,523.4615478515625,,136.43089294433594,24.26219367980957,151.84967041015625,148.482666015625,43.00398254394531,329.87127685546875,43.91625213623047,172.79190063476562,441.4280090332031,45.31489562988281,4696.0498046875
2022-01-07,168.47486877441406,44.17440414428711,510.49395751953125,,135.88885498046875,24.479021072387695,153.9022674560547,149.95387268066406,43.916629791259766,329.20654296875,44.62096405029297,167.7801513671875,439.68280029296875,45.74745559692383,4677.02978515625
2022-01-10,168.4944305419922,43.949851989746094,493.94659423828125,,137.44558715820312,24.920156478881836,153.1414031982422,150.09739685058594,44.8110237121582,325.5155029296875,45.03738784790039,167.84129333496094,439.13568115234375,45.6590576171875,4670.2900390625
2022-01-11,171.3223876953125,44.20134735107422,497.0219421386719,,138.87733459472656,25.219228744506836,151.5134735107422,150.24989318847656,43.54244613647461,331.7664794921875,45.39775085449219,170.9989776611328,443.1354064941406,45.52959060668945,4713.06982421875
2022-01-12,171.7627410888672,43.8869743347168,500.6112060546875,,140.49452209472656,25.630451202392578,150.22171020507812,151.1021270751953,43.022247314453125,330.66510009765625,45.365718841552734,172.2543487548828,444.3334655761719,45.289634704589844,4726.35009765625
2022-01-13,168.4944305419922,43.79715347290039,492.11859130859375,,137.998046875,26.168773651123047,149.31040954589844,150.91372680664062,45.157840728759766,323.93792724609375,44.4768180847168,168.23399353027344,438.21112060546875,45.93059158325195,4659.02978515625
2022-01-14,169.3555450439453,43.033668518066406,478.89404296875,,138.64822387695312,26.430461883544922,148.49647521972656,141.63803100585938,44.82928466796875,329.3157043457031,44.00434112548828,172.2607879638672,438.3904113769531,45.80112838745117,4662.85009765625
2022-01-18,166.1557159423828,41.551605224609375,464.6887512207031,,135.18067932128906,26.191207885742188,147.8417510986328,135.69947814941406,44.34557342529297,315.6727294921875,43.33167266845703,164.56124877929688,430.6266784667969,44.9991569519043,4577.10986328125
2022-01-19,162.66233825683594,41.71328353881836,466.6785583496094,,134.54737854003906,25.996810913085938,147.3816680908203,133.60032653808594,44.336463928222656,317.1015930175781,42.87519836425781,159.7200927734375,426.1552429199219,45.44750213623047,4532.759765625
2022-01-20,160.979248046875,41.09352111816406,459.690185546875,,132.4193572998047,25.652881622314453,146.20497131347656,132.46104431152344,43.14088439941406,314.09515380859375,43.28361511230469,154.71153259277344,421.4385681152344,44.58868408203125,4482.72998046875
2022-01-21,158.92433166503906,40.347991943359375,458.53814697265625,,129.0326385498047,25.323894500732422,145.8686981201172,130.1466064453125,42.82145690917969,300.80938720703125,42.274600982666016,152.13644409179688,413.1654357910156,44.26347732543945,4397.93994140625
2022-01-24,158.1512908935547,40.015647888183594,465.4789123535156,,129.31036376953125,25.069690704345703,144.18771362304688,130.03001403808594,43.55158233642578,306.3062744140625,41.27358627319336,153.87464904785156,414.9200134277344,44.26664352416992,4410.1298828125
2022-01-25,156.3507843017578,40.806087493896484,454.4537658691406,,125.7034912109375,25.79493522644043,148.31063842773438,131.44737243652344,41.14218521118164,297.81292724609375,42.07439422607422,148.13218688964844,409.8542175292969,43.30364227294922,4356.4501953125
2022-01-26,156.26271057128906,41.22824478149414,460.3091125488281,,128.18760681152344,26.213638305664062,148.97421264648438,132.69430541992188,40.50333023071289,292.3359069824219,42.450767517089844,150.4079132080078,408.8260803222656,42.86159896850586,4349.93017578125
2022-01-27,155.8027801513672,40.842010498046875,459.40460205078125,,128.06956481933594,26.729536056518555,150.92953491210938,130.35292053222656,41.434234619140625,292.3458251953125,43.064022064208984,143.71266174316406,406.8072814941406,42.890010833740234,4326.509765625
2022-01-28,166.67434692382812,41.20130157470703,468.83984375,,132.2041015625,26.505233764648438,151.99118041992188,131.5191192626953,39.67283248901367,299.36077880859375,43.838645935058594,146.46804809570312,416.9104919433594,43.420467376708984,4431.85009765625
2022-01-31,171.0288543701172,41.44381332397461,480.93145751953125,,134.59349060058594,26.59494972229004,152.43362426757812,133.3043212890625,39.782344818115234,310.82086181640625,42.51533126831055,154.3349151611328,424.4194641113281,44.143497467041016,4515.5498046875
2022-02-01,170.86248779296875,42.16239547729492,484.05438232421875,,136.75572204589844,27.574419021606445,151.18612670898438,135.591796875,40.27517318725586,316.51617431640625,42.82194900512695,155.61929321289062,427.2872314453125,44.490814208984375,4546.5400390625
2022-02-02,172.0661163330078,42.11748504638672,497.0122985839844,,146.8310089111328,27.836105346679688,152.85830688476562,134.50637817382812,40.24778747558594,320.4849853515625,43.45940017700195,159.5494842529297,431.43804931640625,44.47187805175781,4589.3798828125
2022-02-03,169.18917846679688,41.70429611206055,497.5273132324219,,141.4888916015625,27.619274139404297,152.84942626953125,133.3939666748047,41.1695671081543,235.90869140625,43.07209014892578,152.60641479492188,421.29705810546875,44.51607131958008,4477.43994140625
2022-02-04,168.90505981445312,43.366004943847656,495.6202087402344,,141.85140991210938,27.738903045654297,151.84967041015625,136.856689453125,40.85926818847656,235.2439422607422,42.76547622680664,153.48191833496094,423.278076171875,43.991943359375,4500.52978515625
2022-02-07,168.1898193359375,43.572593688964844,491.9204406738281,,137.806640625,28.075353622436523,151.34536743164062,137.314208984375,40.768001556396484,223.1587677001953,42.934913635253906,153.39501953125,421.9196472167969,43.559383392333984,4483.8701171875
2022-02-08,171.2957305908203,44.35404968261719,496.93609619140625,,138.07937622070312,28.598730087280273,151.74346923828125,139.8977508544922,41.5255012512207,218.465576171875,41.71650314331055,157.27377319335938,425.3911437988281,43.5688591003418,4521.5400390625
2022-02-09,172.7164306640625,44.264225006103516,504.25921630859375,,140.3011474609375,28.262279510498047,151.725830078125,140.4808349609375,41.206077575683594,230.1935577392578,41.530921936035156,162.43359375,431.6172180175781,43.4741325378418,4587.18017578125
2022-02-10,168.64053344726562,44.05763244628906,494.39007568359375,,137.47384643554688,28.307144165039062,149.89434814453125,139.8977508544922,41.22431564331055,226.29417419433594,40.828914642333984,157.37030029296875,423.8629150390625,42.96579360961914,4504.080078125
2022-02-11,165.23086547851562,43.042640686035156,485.98944091796875,,133.0377655029297,28.26975440979004,148.3814239501953,138.07667541503906,42.228233337402344,217.84051513671875,40.974159240722656,149.3617706298828,415.50494384765625,42.72899627685547,4418.64013671875
2022-02-14,165.4660186767578,42.593536376953125,483.0239562988281,,134.19825744628906,28.060405731201172,146.5146484375,136.7938690185547,41.88901901245117,216.00489807128906,40.18341064453125,149.50340270996094,414.1463928222656,42.293277740478516,4401.669921875
2022-02-15,169.29693603515625,42.92587661743164,490.0419006347656,,135.31459045410156,27.978160858154297,148.02752685546875,138.79437255859375,42.54912185668945,219.2792205810547,40.17534255981445,157.75335693359375,420.8253479003906,42.4258918762207,4471.06982421875
2022-02-16,169.06179809570312,42.82707977294922,488.5926818847656,,136.36793518066406,27.78376579284668,147.9390869140625,139.04551696777344,40.86219787597656,214.85394287109375,40.086578369140625,157.80484008789062,421.29705810546875,42.1606559753418,4475.009765625
2022-02-17,165.4660186767578,41.38093948364258,491.081298828125,,131.23109436035156,27.290298461914062,147.03665161132812,135.8429718017578,41.46728515625,206.09271240234375,39.45719909667969,151.87889099121094,412.2975769042969,43.8498649597168,4380.259765625
2022-02-18,163.91796875,41.282135009765625,488.85003662109375,,129.40505981445312,27.522079467773438,145.46054077148438,136.47991943359375,41.797340393066406,204.5547637939453,39.15864181518555,150.18260192871094,409.6278381347656,43.5688591003418,4348.8701171875
2022-02-22,160.99819946289062,40.922855377197266,478.847412109375,,128.3487548828125,27.731422424316406,143.4838104248047,136.23770141601562,41.293094635009766,200.5065155029297,38.35175704956055,149.2683868408203,405.2319030761719,43.08262252807617,4304.759765625
2022-02-23,156.83412170410156,40.22224426269531,472.2490234375,,126.54606628417969,27.626750946044922,143.55506896972656,133.38504028320312,40.82551574707031,196.90478515625,37.81919860839844,145.71160888671875,398.04364013671875,42.64058303833008,4225.5
2022-02-24,159.45016479492188,39.16234588623047,482.08941650390625,,131.59310913085938,26.086530685424805,140.81251525878906,129.6711883544922,40.74300765991211,205.98355102539062,37.08492660522461,151.04205322265625,404.0337829589844,42.476402282714844,4288.7001953125
2022-02-25,161.5175018310547,40.43781661987305,493.4461669921875,,133.42410278320312,27.118324279785156,147.81129455566406,132.73916625976562,42.594966888427734,208.84109497070312,38.505062103271484,153.5592041015625,412.94842529296875,43.06052017211914,4384.64990234375
2022-02-28,161.78201293945312,39.70127487182617,495.124267578125,,133.7925567626953,25.82484245300293,146.53797912597656,127.2042236328125,42.90667724609375,209.38685607910156,37.87568664550781,152.625732421875,411.8919372558594,42.67531967163086,4373.93994140625
2022-03-01,159.9008331298828,38.1473503112793,498.63330078125,,133.0754852294922,24.79305076599121,146.0304412841797,122.40493774414062,44.327728271484375,201.9055633544922,36.91548538208008,147.09243774414062,405.61871337890625,42.937374114990234,4306.259765625
2022-03-02,163.19293212890625,38.76713180541992,503.46771240234375,,133.65420532226562,25.45848274230957,147.846923828125,124.94361877441406,45.26287841796875,206.48956298828125,38.48892593383789,151.7694854736328,413.08050537109375,42.991050720214844,4386.5400390625
2022-03-03,162.8695831298828,38.351924896240234,508.28302001953125,,133.21434020996094,24.860340118408203,150.01954650878906,124.05551147460938,50.51619338989258,201.3896026611328,38.59381866455078,148.58602905273438,411.02398681640625,43.97932434082031,4363.490234375
2022-03-04,159.87142944335938,36.9619026184082,501.0838623046875,,131.04611206054688,23.350027084350586,150.9099884033203,120.56593322753906,54.0367431640625,198.5022430419922,39.25547790527344,144.64292907714844,407.68463134765625,45.0938835144043,4328.8701171875
2022-03-07,156.07968139648438,34.6060905456543,503.96368408203125,,125.4346923828125,22.871509552001953,153.3408660888672,115.91014099121094,53.009910583496094,186.0102996826172,38.7148551940918,137.38760375976562,395.6664123535156,44.73077392578125,4201.08984375
2022-03-08,154.2572784423828,34.831748962402344,499.0433349609375,,126.2420654296875,23.454700469970703,150.2332763671875,115.09381866455078,51.0754508972168,188.80831909179688,38.27912902832031,140.0206298828125,392.6665954589844,43.8056640625,4170.7001953125
2022-03-09,159.65591430664062,37.04313659667969,503.1340026855469,,132.77590942382812,24.060321807861328,150.80311584472656,119.7047348022461,50.73623275756836,196.95440673828125,39.336158752441406,145.88861083984375,403.19427490234375,44.032997131347656,4277.8798828125
2022-03-10,155.3154296875,36.709171295166016,507.9683837890625,,131.60157775878906,24.052629470825195,151.0702667236328,118.28736877441406,52.340641021728516,193.6900177001953,39.69926834106445,142.8950653076172,401.3736572265625,45.03388214111328,4259.52001953125
2022-03-11,151.60205078125,36.402286529541016,502.9146728515625,,129.41302490234375,23.937253952026367,150.7942657470703,115.62310791015625,51.24047088623047,186.14920043945312,40.562652587890625,139.82752990722656,396.2701416015625,44.85707473754883,4204.31005859375
2022-03-14,147.5751190185547,37.18756103515625,501.5130615234375,,125.70893859863281,24.48337745666504,152.8778533935547,116.7713394165039,50.8095703125,185.1768341064453,42.16030502319336,135.30177307128906,393.3741149902344,45.482242584228516,4173.10986328125
2022-03-15,151.9547882080078,37.45833969116211,517.1224365234375,,128.6046600341797,24.26799964904785,156.8402557373047,118.84354400634766,51.5155143737793,190.53477478027344,42.128021240234375,141.52064514160156,402.0245361328125,46.028465270996094,4262.4501953125
2022-03-16,156.3638153076172,38.631736755371094,518.1427612304688,,132.60183715820312,25.137189865112305,155.39776611328125,124.15419006347656,50.415348052978516,202.04446411132812,42.70092010498047,148.80813598632812,410.93914794921875,45.8927001953125,4357.85986328125
2022-03-17,157.3730010986328,38.83932876586914,527.10595703125,,133.5044403076172,25.544862747192383,157.4279327392578,125.72406768798828,51.02961349487305,206.22169494628906,43.766021728515625,149.72547912597656,416.0803527832031,45.962432861328125,4411.669921875
2022-03-18,160.66505432128906,38.72199630737305,535.2682495117188,,135.68753051757812,25.537168502807617,155.68270874023438,125.67920684814453,51.176300048828125,214.80433654785156,43.98388671875,152.6482391357422,420.6376037597656,46.098724365234375,4463.1201171875
2022-03-21,162.0367889404297,38.667842864990234,529.71875,,135.36715698242188,25.383333206176758,156.564208984375,125.27552795410156,51.04794692993164,209.84324645996094,43.72568130493164,152.3456268310547,420.51458740234375,45.7152099609375,4461.18017578125
2022-03-22,165.4072265625,39.87733459472656,533.4279174804688,,139.1352081298828,26.23713493347168,155.82518005371094,127.93982696533203,51.86391067504883,214.96307373046875,42.79774856567383,153.18907165527344,425.43524169921875,45.57890319824219,4511.60986328125
2022-03-23,166.7690887451172,38.893497467041016,528.2789306640625,,137.37564086914062,25.791004180908203,155.23745727539062,125.39212799072266,51.75388717651367,211.7979278564453,42.11189270019531,149.32957458496094,419.95623779296875,44.992530822753906,4456.240234375
2022-03-24,170.5511016845703,38.87543487548828,532.1788940429688,,140.16128540039062,26.221752166748047,156.0388641357422,126.2084732055664,52.028926849365234,217.8603515625,42.43463897705078,156.86788940429688,426.28680419921875,45.27145767211914,4520.16015625
2022-03-25,171.1879425048828,39.471160888671875,529.8902587890625,,140.36907958984375,26.314050674438477,157.53477478027344,127.31187438964844,52.25812911987305,220.09283447265625,42.58795166015625,156.51318359375,428.3686828613281,45.46797561645508,4543.06005859375
2022-03-28,172.05020141601562,39.30868911743164,538.9488525390625,,140.79408264160156,26.15252685546875,158.34507751464844,126.36994934082031,52.25812911987305,221.84906005859375,42.99140167236328,157.7289581298828,431.4156494140625,46.27622985839844,4575.52001953125
2022-03-29,175.34226989746094,39.20940017700195,543.4971923828125,,142.08351135253906,26.490962982177734,158.26492309570312,126.64804077148438,51.69887924194336,228.07020568847656,42.55567169189453,161.3441162109375,436.75262451171875,46.66608810424805,4631.60009765625
2022-03-30,174.17630004882812,38.812255859375,549.6856079101562,,141.48294067382812,26.52173614501953,159.9122314453125,126.07389068603516,51.6805419921875,226.07586669921875,42.313602447509766,156.1842041015625,434.0557861328125,47.50285720825195,4602.4501953125
2022-03-31,171.08016967773438,37.20561218261719,549.0944213867188,,138.51229858398438,26.321744918823242,157.81082153320312,122.28829193115234,52.597354888916016,220.6286163330078,41.77299118041992,152.6303253173828,427.37506103515625,47.20174026489258,4530.41015625
2022-04-01,170.78622436523438,36.91677474975586,548.8275756835938,,139.5542755126953,26.644807815551758,158.6656494140625,121.38224792480469,52.69819641113281,223.09925842285156,41.611610412597656,149.6730499267578,428.5862731933594,47.86418914794922,4545.85986328125
2022-04-04,174.8328094482422,36.85359573364258,548.4080200195312,,142.47279357910156,26.529430389404297,157.13409423828125,121.92048645019531,52.661529541015625,232.06884765625,41.10326385498047,152.10464477539062,432.25787353515625,47.87370300292969,4582.64013671875
2022-04-05,171.52105712890625,36.23079299926758,548.589111328125,,139.91432189941406,26.421743392944336,158.14918518066406,120.50167846679688,52.854061126708984,230.03482055664062,41.345333099365234,145.10330200195312,426.79779052734375,48.0099983215332,4525.1201171875
2022-04-06,168.35638427734375,35.83364486694336,557.6192626953125,,136.05894470214844,26.321744918823242,162.26295471191406,118.82978820800781,53.844215393066406,221.561279296875,42.660579681396484,141.49456787109375,422.5301208496094,49.12569808959961,4481.14990234375
2022-04-07,168.6600799560547,35.55382537841797,579.7984619140625,,135.353759765625,26.43712043762207,161.84446716308594,118.46829986572266,54.89854049682617,221.2140350341797,44.50836181640625,141.80418395996094,424.6593017578125,49.616973876953125,4500.2099609375
2022-04-08,166.65155029296875,35.80656433105469,572.1605834960938,,132.91925048828125,26.560195922851562,162.16502380371094,120.6372299194336,56.53962326049805,220.59884643554688,44.51643371582031,138.28578186035156,423.52374267578125,49.89274215698242,4488.27978515625
2022-04-11,162.39926147460938,35.73434829711914,557.504638671875,,128.7395477294922,26.629423141479492,160.13485717773438,120.19440460205078,55.60448455810547,214.77456665039062,43.51588439941406,135.44461059570312,416.2847900390625,48.90382766723633,4412.52978515625
2022-04-12,164.27066040039062,35.355262756347656,554.3484497070312,,127.32913208007812,25.775615692138672,160.1882781982422,118.87496948242188,53.862545013427734,212.47259521484375,42.854225158691406,135.03179931640625,414.7422790527344,48.567848205566406,4397.4501953125
2022-04-13,166.955322265625,35.03934860229492,563.6265869140625,,129.22506713867188,26.121753692626953,160.86497497558594,115.043212890625,53.48665237426758,213.3159942626953,42.846160888671875,137.93746948242188,419.49261474609375,49.832523345947266,4446.58984375
2022-04-14,161.94857788085938,33.91107940673828,562.958984375,,126.2167739868164,26.106365203857422,160.1882781982422,113.97683715820312,53.468318939208984,208.54345703125,42.862300872802734,134.12234497070312,414.2691955566406,49.78814697265625,4392.58984375
2022-04-18,161.7330322265625,35.0664176940918,555.0732421875,,126.91900634765625,26.067914962768555,158.19371032714844,116.0915298461914,53.009910583496094,209.12887573242188,41.829471588134766,136.44432067871094,414.4395446777344,49.40779113769531,4391.68994140625
2022-04-19,164.0159149169922,35.716304779052734,566.6873779296875,,129.4680938720703,26.429431915283203,163.0198211669922,118.49541473388672,52.98241424560547,215.61795043945312,40.49002456665039,139.433837890625,421.1296691894531,49.96881103515625,4462.2099609375
2022-04-20,163.849365234375,35.797542572021484,575.488525390625,,127.2011947631836,26.898637771606445,163.74107360839844,118.91111755371094,52.89989471435547,198.8594512939453,40.14305877685547,139.12425231933594,420.8173828125,50.59639358520508,4459.4501953125
2022-04-21,163.05572509765625,35.12057876586914,564.2462158203125,,123.92012786865234,26.5448055267334,163.26914978027344,117.98932647705078,53.33997344970703,186.60565185546875,39.62664794921875,135.41233825683594,414.5246276855469,50.67245864868164,4393.66015625
2022-04-22,158.5193328857422,33.90205764770508,545.137451171875,,118.63996887207031,25.72177505493164,161.6485595703125,114.60040283203125,52.25812911987305,182.67645263671875,38.83589553833008,132.40023803710938,403.1504821777344,49.718406677246094,4271.77978515625
2022-04-25,159.58731079101562,33.65835189819336,541.8095092773438,,122.24635314941406,24.906435012817383,165.62879943847656,114.56421661376953,51.97391891479492,185.5340118408203,39.49755096435547,134.63833618164062,405.4877624511719,49.74376678466797,4296.1201171875
2022-04-26,153.6302032470703,32.9001579284668,528.0308837890625,,118.53285217285156,22.952686309814453,164.44451904296875,111.17529296875,51.08461380004883,179.5410614013672,39.56209182739258,128.66897583007812,393.7444763183594,49.22394943237305,4175.2001953125
2022-04-27,153.40489196777344,32.71963882446289,528.3359375,,114.0838851928711,23.41420555114746,162.14720153808594,109.72935485839844,50.956268310546875,173.58778381347656,40.13499069213867,127.96591186523438,394.85162353515625,48.887977600097656,4183.9599609375
2022-04-28,160.33192443847656,33.225093841552734,536.7598876953125,,118.43911743164062,23.844947814941406,163.35818481445312,111.46449279785156,50.873748779296875,204.1280975341797,40.75629425048828,135.01889038085938,404.8253173828125,49.512386322021484,4287.5
2022-04-29,154.46304321289062,32.20515060424805,507.83984375,,114.03031921386719,23.852638244628906,160.68690490722656,107.86770629882812,49.47102355957031,198.9090576171875,39.59437942504883,129.24949645996094,389.86480712890625,48.49177551269531,4131.93017578125
2022-05-02,154.76675415039062,32.62034606933594,505.1942443847656,,116.20296478271484,23.760332107543945,159.06631469726562,108.85274505615234,49.25100326538086,209.486083984375,39.00532913208008,133.564453125,392.2114562988281,48.1716423034668,4155.3798828125
2022-05-03,156.25604248046875,33.51393508911133,504.3631896972656,,117.16756439208984,24.752593994140625,158.75469970703125,111.1843490600586,50.23198318481445,210.3790740966797,39.771888732910156,134.67059326171875,394.00946044921875,48.33963394165039,4175.47998046875
2022-05-04,162.66380310058594,34.858821868896484,519.9790649414062,,121.57686614990234,25.34486961364746,160.45535278320312,114.86247253417969,51.130455017089844,221.67044067382812,40.070430755615234,139.89498901367188,406.0082702636719,49.008419036865234,4300.169921875
2022-05-05,153.60086059570312,33.88400650024414,494.0865478515625,,115.79582214355469,24.183393478393555,157.39231872558594,111.9886474609375,49.370182037353516,206.6582489013672,39.09409713745117,133.11940002441406,391.5775146484375,48.5885009765625,4146.8701171875
2022-05-06,154.32691955566406,33.80276870727539,480.75347900390625,,114.71817016601562,24.037242889404297,157.0450439453125,111.80790710449219,49.370182037353516,202.18338012695312,39.570167541503906,131.9326171875,389.240234375,47.57691955566406,4123.33984375
2022-05-09,149.2049102783203,32.82795333862305,476.42694091796875,,112.16314697265625,23.40650749206543,157.8998565673828,110.12701416015625,50.277828216552734,194.68223571777344,39.247406005859375,125.21508026123047,376.7778015136719,48.133609771728516,3991.239990234375
2022-05-10,151.60894775390625,32.2773551940918,478.9388122558594,,113.65142059326172,23.65264892578125,157.68617248535156,107.44296264648438,50.59871292114258,196.11102294921875,39.933265686035156,128.06268310546875,377.6484069824219,47.456024169921875,4001.050048828125
2022-05-11,143.7493438720703,32.105857849121094,467.1148376464844,,113.03299713134766,23.2911319732666,156.8313446044922,106.7651596069336,49.81025695800781,187.2703857421875,39.90099334716797,124.27981567382812,371.6490173339844,46.959774017333984,3935.179931640625
2022-05-12,139.88330078125,31.654558181762695,464.3450622558594,,112.2395248413086,22.729618072509766,158.3806915283203,106.67479705810547,49.902286529541016,189.75094604492188,40.991050720214844,125.03445434570312,371.260986328125,46.91524124145508,3930.080078125
2022-05-13,144.34788513183594,31.744813919067383,474.9369812011719,,115.56671905517578,23.62188148498535,157.47247314453125,107.6236801147461,49.13838195800781,197.07345581054688,40.60871887207031,131.4166259765625,380.1370849609375,47.09656524658203,4023.889892578125
2022-05-16,142.8073272705078,31.419879913330078,472.320068359375,,113.85773468017578,23.67572784423828,158.5676727294922,106.87361907958984,48.96352005004883,198.48239135742188,41.21882247924805,129.41714477539062,378.59466552734375,47.147457122802734,4008.010009765625
2022-05-17,146.43788146972656,32.484954833984375,468.4423828125,,115.75119018554688,24.16031837463379,159.22662353515625,110.41618347167969,47.150390625,201.04232788085938,41.763851165771484,135.70257568359375,386.38250732421875,41.78408432006836,4088.85009765625
2022-05-18,138.1759490966797,31.48305892944336,410.1151123046875,,111.48571014404297,23.514190673828125,156.27037048339844,108.52742004394531,44.085575103759766,190.7431640625,40.99917984008789,128.8625030517578,370.8067626953125,38.9465217590332,3923.679931640625
2022-05-19,134.77113342285156,31.094938278198242,403.9356994628906,,109.84368896484375,23.475732803344727,154.88131713867188,106.91879272460938,44.17760467529297,189.80055236816406,41.202552795410156,128.08201599121094,368.5357666015625,37.877662658691406,3900.7900390625
2022-05-20,135.00660705566406,30.562397003173828,397.7276611328125,,108.42285919189453,23.65264892578125,157.5881805419922,106.04219055175781,44.7850456237793,192.03302001953125,42.683082580566406,128.01431274414062,368.6966552734375,37.91902160644531,3901.360107421875
2022-05-23,140.4229736328125,32.376644134521484,410.1915588378906,,110.75718688964844,24.152624130249023,160.80538940429688,112.60318756103516,46.22081756591797,194.7020721435547,43.0166015625,128.5657958984375,375.5950012207031,39.00060272216797,3973.75
2022-05-24,137.72459411621094,32.178070068359375,418.0519104003906,,105.06343078613281,25.167957305908203,162.56182861328125,114.19371795654297,47.40809631347656,179.86849975585938,43.44774627685547,125.4343490600586,372.7278137207031,39.48731994628906,3941.47998046875
2022-05-25,137.88160705566406,32.34955596923828,420.3440856933594,,104.97764587402344,25.244876861572266,160.9667205810547,114.98897552490234,47.08596420288086,182.39862060546875,43.69179153442383,127.69178771972656,376.0207824707031,39.24554443359375,3978.72998046875
2022-05-26,141.0803985595703,33.098731994628906,444.106689453125,,107.41413116455078,25.391023635864258,160.82333374023438,116.97715759277344,47.98792266845703,190.13790893554688,43.9195556640625,132.68080139160156,383.5341796875,40.082183837890625,4057.840087890625
2022-05-27,146.8303680419922,33.41464614868164,449.61767578125,,111.8804702758789,25.91407012939453,162.28408813476562,118.63097381591797,48.74262237548828,193.6106414794922,43.85448455810547,138.1374053955078,392.9495544433594,40.87110137939453,4158.240234375
2022-05-31,146.04537963867188,33.577117919921875,445.2814636230469,,113.1103744506836,25.737159729003906,160.8860626220703,119.49855041503906,48.7518310546875,192.1322479248047,43.14676284790039,137.4279327392578,390.74481201171875,40.91881561279297,4132.14990234375
2022-06-01,145.91786193847656,33.098731994628906,436.466064453125,,113.20756530761719,25.491016387939453,159.25506591796875,117.40190124511719,47.260833740234375,187.1711883544922,42.60173797607422,135.24786376953125,387.5841979980469,39.90721893310547,4101.22998046875
2022-06-02,148.3708953857422,33.31660079956055,465.7108154296875,,116.78719329833984,25.667930603027344,158.75320434570312,119.29068756103516,48.66899871826172,197.31161499023438,42.85390853881836,139.9595184326172,394.9652099609375,40.562530517578125,4176.81982421875
2022-06-03,142.65036010742188,32.85362243652344,454.8610534667969,,113.63108825683594,25.36025619506836,158.09901428222656,117.62784576416016,48.3560676574707,189.2945098876953,43.276920318603516,135.7735137939453,388.4832763671875,39.865875244140625,4108.5400390625
2022-06-06,143.3960723876953,32.81731414794922,451.2508544921875,,116.05767822265625,25.675630569458008,158.08111572265625,117.23924255371094,47.99713134765625,192.7375030517578,43.32572555541992,136.00894165039062,389.6661376953125,39.722713470458984,4121.43017578125
2022-06-07,145.91786193847656,32.99886703491211,450.591796875,,116.27490234375,25.737159729003906,159.81964111328125,117.54653930664062,47.88668441772461,194.12660217285156,43.8951530456543,137.09576416015625,393.4038391113281,39.24554443359375,4160.68017578125
2022-06-08,145.1819305419922,32.581275939941406,446.9719543457031,,116.28331756591797,24.998733520507812,158.86972045898438,115.67581939697266,47.14118957519531,195.10888671875,43.496551513671875,134.1772003173828,389.1266784667969,38.9051628112793,4115.77001953125
2022-06-09,139.96177673339844,31.3284969329834,450.84967041015625,,113.98222351074219,24.444917678833008,155.67044067382812,113.24481964111328,46.414100646972656,182.56729125976562,42.12178421020508,130.3685760498047,379.8721008300781,38.49798583984375,4017.820068359375
2022-06-10,134.55526733398438,30.11203384399414,442.502197265625,,110.52013397216797,23.698801040649414,154.6309051513672,108.03941345214844,47.02153778076172,174.2029571533203,40.649391174316406,125.73699951171875,368.8575134277344,38.714290618896484,3900.860107421875
2022-06-13,129.40382385253906,29.068058013916016,431.9389343261719,,106.0062026977539,23.59111213684082,153.0716094970703,104.8221664428711,46.32205581665039,162.98098754882812,38.9736328125,118.4828109741211,354.85260009765625,37.98582077026367,3749.6298828125
2022-06-14,130.26730346679688,28.5596866607666,434.37432861328125,,106.32110595703125,23.952634811401367,150.72372436523438,103.0779800415039,46.377281188964844,162.4551239013672,38.98176193237305,119.14170837402344,353.78338623046875,38.00172424316406,3735.47998046875
2022-06-15,132.8871612548828,29.095287322998047,438.1851806640625,,109.4915771484375,24.73720932006836,152.33677673339844,104.29802703857422,46.82826614379883,168.03138732910156,39.46170425415039,121.18940734863281,358.8270263671875,37.97627258300781,3789.989990234375
2022-06-16,127.61797332763672,28.91373062133789,431.4709777832031,,105.76765441894531,24.329538345336914,152.41741943359375,102.50865936279297,45.8526725769043,159.61741638183594,38.623836517333984,113.88677215576172,346.9512634277344,38.37073516845703,3666.77001953125
2022-06-17,129.08984375,28.97727394104004,426.628662109375,,106.98713684082031,23.821870803833008,151.86181640625,102.14717102050781,42.52094650268555,162.4650421142578,37.85102844238281,114.34864807128906,347.6992492675781,37.6295280456543,3674.840087890625
2022-06-21,133.31890869140625,29.821535110473633,442.3111877441406,,111.10285186767578,25.48332977294922,155.0431365966797,104.67757415771484,44.545753479003906,155.82716369628906,39.136322021484375,117.34269714355469,356.4520568847656,38.86381149291992,3764.7900390625
2022-06-22,132.80870056152344,29.594589233398438,439.3026428222656,,111.12168884277344,25.114112854003906,157.48963928222656,104.09017181396484,43.57015609741211,154.63650512695312,39.91727066040039,116.11859893798828,355.8057861328125,38.393001556396484,3759.889892578125
2022-06-23,135.67384338378906,29.122528076171875,453.6671447753906,,111.76690673828125,24.87566566467285,161.00254821777344,102.95146179199219,43.92910385131836,157.51390075683594,40.74700164794922,115.33052062988281,359.2935485839844,39.325077056884766,3795.72998046875
2022-06-24,139.0001983642578,29.331323623657227,462.6163330078125,,117.57274627685547,25.406408309936523,163.3594207763672,106.02411651611328,44.59177017211914,168.83506774902344,41.96721267700195,120.44007873535156,370.7169189453125,39.35688781738281,3911.739990234375
2022-06-27,139.0001983642578,29.36763572692871,460.1139831542969,,115.6728286743164,25.321794509887695,163.20709228515625,105.17462158203125,44.82186508178711,168.1702880859375,42.203128814697266,120.11064910888672,369.3008728027344,39.48413848876953,3900.110107421875
2022-06-28,134.8594512939453,29.285930633544922,447.564208984375,,111.65483093261719,25.383333206176758,158.5650177001953,104.66854095458984,44.5733642578125,159.42886352539062,41.210689544677734,117.18120574951172,361.75506591796875,38.92742919921875,3821.550048828125
2022-06-29,136.61581420898438,28.922809600830078,448.7388916015625,,111.3423843383789,25.683313369750977,158.60984802246094,104.19862365722656,44.278839111328125,162.66348266601562,41.43846130371094,114.41646575927734,361.46038818359375,38.78428268432617,3818.830078125
2022-06-30,134.1529541015625,28.260108947753906,457.7549743652344,,108.48187255859375,25.129497528076172,159.0758514404297,101.76760864257812,43.56096649169922,159.99444580078125,42.650543212890625,112.9178237915039,358.5237731933594,38.6761360168457,3785.3798828125
2022-07-01,136.3214569091797,28.65046501159668,463.9439392089844,,108.1927490234375,25.137189865112305,160.87709045410156,103.0689697265625,44.306453704833984,158.78395080566406,42.55292892456055,108.92253875732422,362.3157653808594,39.01014709472656,3825.330078125
2022-07-05,138.90206909179688,28.35996437072754,466.3316955566406,,112.9596176147461,24.31415367126465,159.640380859375,102.67693328857422,43.46892166137695,166.88040161132812,42.00788497924805,109.78166961669922,363.0000305175781,39.52548599243164,3831.389892578125
2022-07-06,140.23654174804688,28.123937606811523,470.52447509765625,,114.27530670166016,23.960323333740234,159.78379821777344,102.0113754272461,43.62538528442383,168.44813537597656,42.91085433959961,110.31782531738281,364.2259521484375,39.805416107177734,3845.080078125
2022-07-07,143.60214233398438,28.922809600830078,472.72125244140625,,118.33448028564453,24.66029167175293,159.96299743652344,104.5915298461914,44.858680725097656,170.84927368164062,43.45588302612305,115.2562026977539,369.6810607910156,39.865875244140625,3902.6201171875
2022-07-08,144.27919006347656,28.85926055908203,479.0152587890625,,119.1899642944336,24.291078567504883,159.765869140625,104.2633056640625,44.196014404296875,169.5494842529297,43.25251388549805,115.80529022216797,369.3769836425781,39.89131164550781,3899.3798828125
2022-07-11,142.14991760253906,28.5596866607666,476.4938659667969,,115.57365417480469,24.152624130249023,159.82862854003906,102.89574432373047,44.085575103759766,161.6117706298828,43.02473831176758,113.1374740600586,365.15728759765625,39.90721893310547,3854.429931640625
2022-07-12,143.12132263183594,28.468904495239258,468.5379333496094,,113.9142837524414,24.11416244506836,157.58822631835938,102.99603271484375,43.8094596862793,161.9987335205078,42.333282470703125,113.45398712158203,361.9261169433594,39.786338806152344,3818.800048828125
2022-07-13,142.75831604003906,27.996843338012695,470.1138610839844,,111.27344512939453,24.129547119140625,157.22080993652344,102.02960968017578,44.13158416748047,162.21702575683594,42.12990951538086,114.09351348876953,360.025390625,39.881771087646484,3801.780029296875
2022-07-14,145.6823272705078,27.352294921875,488.9482116699219,,110.53253173828125,23.352664947509766,157.4358673095703,98.46481323242188,43.71742248535156,156.8193817138672,41.80451965332031,116.51262664794922,359.151123046875,40.6611442565918,3790.3798828125
2022-07-15,147.35040283203125,29.27685546875,499.4637145996094,,111.84872436523438,23.575729370117188,159.7210693359375,102.97779083251953,43.947509765625,163.41758728027344,42.097373962402344,119.29350280761719,366.0126953125,41.05879211425781,3863.159912109375
2022-07-18,144.30862426757812,29.285930633544922,493.1123352050781,,109.0149917602539,23.852638244628906,156.13644409179688,101.92019653320312,43.74503707885742,165.92787170410156,41.283897399902344,118.91238403320312,362.990478515625,40.963356018066406,3830.85009765625
2022-07-19,148.1648406982422,30.275440216064453,496.8658752441406,,113.6866455078125,24.28338623046875,153.8602294921875,104.44562530517578,43.53334426879883,174.41131591796875,41.78825378417969,124.1543960571289,372.79827880859375,41.21466827392578,3936.68994140625
2022-07-20,150.16651916503906,30.284523010253906,500.65753173828125,,113.76598358154297,23.798799514770508,152.9819793701172,104.42742156982422,43.441314697265625,181.66439819335938,41.340843200683594,127.31961059570312,375.17413330078125,41.558223724365234,3959.89990234375
2022-07-21,152.43313598632812,30.547794342041016,505.68133544921875,,114.10321044921875,24.098783493041992,153.51971435546875,105.13854217529297,42.594573974609375,181.74375915527344,41.58488464355469,129.39959716796875,378.9945068359375,42.16582107543945,3998.949951171875
2022-07-22,151.1968231201172,30.34806251525879,505.9296569824219,,107.47761535644531,23.783409118652344,154.24557495117188,104.62798309326172,42.55775833129883,167.95199584960938,41.67436599731445,126.2117691040039,375.4783020019531,42.05765914916992,3961.6298828125
2022-07-25,150.07823181152344,30.62041473388672,505.37554931640625,,107.3288345336914,24.48337745666504,154.55026245117188,105.04737091064453,42.06996536254883,165.35238647460938,42.1136474609375,125.41400909423828,375.9344482421875,41.99721908569336,3966.840087890625
2022-07-26,148.7535858154297,30.003101348876953,488.9385681152344,,104.58138275146484,24.152624130249023,155.6435546875,103.40628051757812,42.35527801513672,157.9108123779297,42.54478073120117,123.32433319091797,371.48675537109375,38.803367614746094,3921.050048828125
2022-07-27,153.84613037109375,30.493318557739258,498.8525085449219,,112.6749496459961,24.575679779052734,155.21339416503906,105.06561279296875,42.28165054321289,168.2595977783203,42.26007843017578,128.96685791015625,381.1329650878906,40.269874572753906,4023.610107421875
2022-07-28,154.39559936523438,30.248214721679688,512.9834594726562,,113.65689086914062,24.144933700561523,156.10955810546875,104.67356872558594,42.373687744140625,159.46856689453125,41.579647064208984,130.555908203125,385.9132080078125,41.275108337402344,4072.429931640625
2022-07-29,159.458740234375,30.693038940429688,517.8818359375,,115.690185546875,24.152624130249023,156.39634704589844,105.17501831054688,42.74182891845703,157.8612060546875,41.407493591308594,131.56039428710938,391.5393371582031,42.00676345825195,4130.2900390625
2022-08-01,158.4774932861328,30.60225486755371,523.1534423828125,,114.53963470458984,25.72177505493164,155.8496856689453,104.12654113769531,43.0179443359375,158.6847381591797,41.489471435546875,132.06747436523438,390.3798828125,42.16263961791992,4118.6298828125
2022-08-02,157.0056610107422,29.9940242767334,519.9486083984375,,114.95622253417969,24.960275650024414,154.96246337890625,102.50369262695312,43.05475997924805,158.94271850585938,40.735260009765625,131.81549072265625,387.804443359375,42.20717239379883,4091.18994140625
2022-08-03,163.01077270507812,30.53870391845703,523.3449096679688,,117.8127670288086,25.267953872680664,156.4590606689453,103.57952880859375,43.2296257019043,167.48568725585938,40.8746337890625,135.4781494140625,393.87725830078125,41.51369094848633,4155.169921875
2022-08-04,162.69676208496094,30.32083511352539,519.7762451171875,,117.90202331542969,25.160266876220703,153.94979858398438,102.43987274169922,42.98112487792969,169.24188232421875,40.8746337890625,136.45680236816406,393.6111755371094,39.94539260864258,4151.93994140625
2022-08-05,162.4707489013672,30.829198837280273,517.2792358398438,,117.25732421875,25.237186431884766,153.34046936035156,105.53968811035156,43.487327575683594,165.80882263183594,40.39095687866211,135.3941650390625,392.9459533691406,40.266685485839844,4145.18994140625
2022-08-08,161.99913024902344,30.402536392211914,518.4559936523438,,117.17797088623047,25.337177276611328,152.5249786376953,104.2541732788086,43.34007263183594,168.92437744140625,40.63688659667969,133.3464813232422,392.48968505859375,40.59434127807617,4140.06005859375
2022-08-09,162.04824829101562,30.79289436340332,512.63916015625,,116.5431900024414,25.72947120666504,152.5070343017578,105.1932373046875,43.13758850097656,167.2177276611328,40.80904769897461,127.23564910888672,390.93115234375,40.99517059326172,4122.47021484375
2022-08-10,166.29306030273438,31.83687973022461,516.4660034179688,,119.66754150390625,25.60639762878418,152.94615173339844,107.9375,43.06396484375,176.9513702392578,40.94840621948242,132.5164031982422,399.1422119140625,41.08104705810547,4210.240234375
2022-08-11,165.5561065673828,32.59944152832031,509.1755676269531,,118.84429168701172,25.767925262451172,149.78273010253906,109.53299713134766,43.432106018066406,176.10801696777344,39.587554931640625,132.34524536132812,399.1422119140625,41.477230072021484,4207.27001953125
2022-08-12,169.10325622558594,32.95348358154297,513.9688720703125,,121.65125274658203,25.8525390625,148.13381958007812,111.34730529785156,43.691246032714844,179.0945587158203,41.0795783996582,136.2177734375,405.8993225097656,42.244022369384766,4280.14990234375
2022-08-15,170.1742706298828,32.90809631347656,522.139404296875,,121.87936401367188,25.49871063232422,148.84178161621094,111.64815521240234,43.97813034057617,179.4815216064453,40.784454345703125,136.724853515625,407.5719909667969,42.36543655395508,4297.14013671875
2022-08-16,170.0170440673828,33.26212692260742,529.094970703125,,121.51238250732422,25.69101333618164,150.16807556152344,112.7148666381836,45.421852111816406,178.0725555419922,40.8746337890625,135.32632446289062,408.3702392578125,44.5284423828125,4305.2001953125
2022-08-17,171.5105743408203,33.053340911865234,532.2521362304688,,119.34022521972656,25.414098739624023,150.1770477294922,111.76668548583984,44.93136215209961,173.4885711669922,40.39095687866211,132.05776977539062,405.4716796875,44.57636642456055,4274.0400390625
2022-08-18,171.11749267578125,32.93532180786133,536.6914672851562,,119.87581634521484,25.27373504638672,149.45114135742188,110.90056610107422,45.92161178588867,173.30003356933594,39.8253059387207,135.06796264648438,406.650146484375,44.43258285522461,4283.740234375
2022-08-19,168.53334045410156,32.209075927734375,530.5396118164062,,117.15813446044922,24.805845260620117,151.7273712158203,108.15630340576172,45.81055450439453,166.65220642089844,40.292579650878906,131.42147827148438,401.185546875,43.77761459350586,4228.47998046875
2022-08-22,164.65211486816406,31.519149780273438,521.8714599609375,,114.13298034667969,24.73566436767578,151.1951141357422,106.36934661865234,46.384342193603516,161.7804412841797,40.08763122558594,126.47661590576172,392.83184814453125,42.994850158691406,4137.990234375
2022-08-23,164.3180389404297,31.237722396850586,518.6185302734375,,113.83541107177734,24.49391746520996,149.8779296875,105.32089233398438,45.90309143066406,159.85552978515625,39.3580207824707,127.10643768310547,391.8815002441406,42.81273651123047,4128.72998046875
2022-08-24,164.61280822753906,31.33758544921875,519.7188110351562,,113.76598358154297,24.057226181030273,149.38174438476562,105.576171875,45.9586296081543,161.98878479003906,38.882545471191406,127.42618560791016,393.135986328125,43.12264633178711,4140.77001953125
2022-08-25,167.0692901611328,31.90042495727539,526.9423828125,,116.74156188964844,24.306766510009766,150.78013610839844,108.0833740234375,45.64396667480469,167.46580505371094,39.267845153808594,132.0965118408203,398.68609619140625,43.410194396972656,4199.1201171875
2022-08-26,160.77084350585938,30.89275360107422,508.8121032714844,,110.3936767578125,24.06502342224121,148.1999053955078,104.54591369628906,44.77403259277344,160.5203399658203,38.382476806640625,124.60334014892578,385.19091796875,42.04594039916992,4057.659912109375
2022-08-29,158.56988525390625,30.77474021911621,508.0849914550781,,109.44149017333984,24.283367156982422,147.05413818359375,104.29066467285156,44.69999313354492,157.93063354492188,37.898799896240234,122.08731079101562,382.64404296875,42.45489501953125,4030.610107421875
2022-08-30,156.14291381835938,30.947221755981445,501.4643249511719,,109.0149917602539,24.1118106842041,146.5398406982422,104.30888366699219,43.968875885009766,155.93630981445312,37.587284088134766,120.66616821289062,378.4433898925781,42.32710647583008,3986.159912109375
2022-08-31,154.48233032226562,30.511478424072266,499.51263427734375,,108.26117706298828,24.0416259765625,145.55654907226562,103.68893432617188,44.36682891845703,161.66134643554688,37.07901382446289,119.40331268310547,375.5638122558594,42.349464416503906,3955.0
2022-09-01,155.20944213867188,30.584577560424805,506.2767028808594,,109.64978790283203,23.69071388244629,149.1652069091797,104.40006256103516,44.98688507080078,164.0724639892578,38.22671890258789,117.18766021728516,376.7423095703125,42.96609878540039,3966.85009765625
2022-09-02,153.09689331054688,30.548025131225586,496.65179443359375,,107.79500579833984,23.854475021362305,146.819580078125,103.67069244384766,44.820308685302734,159.0717010498047,37.46430587768555,115.90219116210938,372.7696838378906,42.49323654174805,3924.260009765625
2022-09-06,151.8391571044922,30.20992660522461,496.45098876953125,,106.60478210449219,23.98703956604004,147.21649169921875,103.69803619384766,44.90360641479492,157.3055419921875,37.51350021362305,114.5650405883789,371.3631591796875,42.282379150390625,3908.18994140625
2022-09-07,153.24427795410156,30.675954818725586,506.7264404296875,,109.58036041259766,23.69071388244629,148.0194549560547,105.66732788085938,46.1067008972168,159.14114379882812,37.81682205200195,116.50294494628906,378.0347595214844,43.36866760253906,3979.8701171875
2022-09-08,151.77040100097656,31.66285514831543,506.22882080078125,,108.52897644042969,23.83887481689453,149.21034240722656,108.12895965576172,44.755516052246094,160.7981414794922,38.595619201660156,118.4666748046875,380.50567626953125,43.589111328125,4006.179931640625
2022-09-09,154.62973022460938,31.9278507232666,513.3661499023438,,110.86976623535156,24.09621238708496,149.49903869628906,108.64863586425781,48.068695068359375,167.83290100097656,39.21866226196289,121.30892181396484,386.4169921875,43.72011184692383,4067.360107421875
2022-09-12,160.58419799804688,32.229400634765625,516.1788940429688,,110.95903015136719,24.540706634521484,149.43588256835938,109.93414306640625,46.773033142089844,167.6444091796875,39.153076171875,121.89997863769531,390.5700378417969,44.113094329833984,4110.41015625
2022-09-13,151.16119384765625,31.068889617919922,488.2231140136719,,104.45245361328125,23.768693923950195,145.54751586914062,106.11407470703125,45.69024658203125,151.93768310546875,37.86601257324219,114.32926940917969,373.58709716796875,43.2025260925293,3932.68994140625
2022-09-14,152.60560607910156,30.950096130371094,486.02252197265625,,105.00789642333984,23.651723861694336,148.5517578125,105.867919921875,45.292293548583984,150.29058837890625,37.833221435546875,115.62765502929688,375.0125732421875,43.1066780090332,3946.010009765625
2022-09-15,149.71676635742188,31.534915924072266,481.71722412109375,,103.0539321899414,23.916852951049805,148.93063354492188,107.46340942382812,44.31129837036133,148.3855438232422,37.66105651855469,113.70913696289062,370.7548828125,42.643402099609375,3901.35009765625
2022-09-16,148.07586669921875,31.178544998168945,482.32952880859375,,102.7861328125,23.753095626831055,151.2041473388672,106.74314880371094,43.756019592285156,145.1509246826172,37.73484420776367,114.39063262939453,367.926513671875,42.5539436340332,3873.330078125
2022-09-19,151.79002380371094,31.699405670166016,484.6544189453125,,103.00433349609375,23.815486907958984,150.01324462890625,107.72779846191406,43.91334915161133,146.8674774169922,37.25116729736328,114.99137878417969,370.77972412109375,42.91817092895508,3899.889892578125
2022-09-20,154.16790771484375,31.224225997924805,477.909423828125,,101.00078582763672,23.698509216308594,148.83140563964844,105.603515625,43.422855377197266,144.9524688720703,36.701908111572266,113.46367645263672,366.523681640625,42.6689567565918,3855.929931640625
2022-09-21,151.0432891845703,30.292165756225586,471.738525390625,,99.19561767578125,22.973283767700195,147.3067626953125,102.55840301513672,41.89583206176758,141.013427734375,36.00509262084961,112.31709289550781,360.1302185058594,43.058753967285156,3789.929931640625
2022-09-22,150.08035278320312,29.698200225830078,466.0937805175781,,99.75106048583984,22.7861270904541,149.92303466796875,101.39139556884766,42.10869216918945,141.7079620361328,36.5379524230957,109.26168060302734,357.1051025390625,42.61784362792969,3757.989990234375
2022-09-23,147.81057739257812,28.994583129882812,446.2223205566406,,98.36246490478516,21.95952606201172,150.4102020263672,99.50418853759766,41.516395568847656,139.3167266845703,36.13625717163086,107.79855346679688,351.12200927734375,41.55391311645508,3693.22998046875
2022-09-26,148.1446533203125,28.354928970336914,459.5208435058594,,98.00537109375,21.086135864257812,149.49002075195312,97.36163330078125,41.645965576171875,135.3081512451172,35.93130874633789,106.18203735351562,347.6484069824219,41.95329666137695,3655.0400390625
2022-09-27,149.11741638183594,27.93458366394043,457.60748291015625,,97.29124450683594,20.80540657043457,148.8043670654297,96.50463104248047,40.98887634277344,133.35350036621094,36.14445495605469,107.16923522949219,346.76092529296875,41.83826446533203,3647.2900390625
2022-09-28,147.23081970214844,28.391481399536133,467.1653137207031,,99.91967010498047,20.72742462158203,150.08543395996094,98.45569610595703,42.06242370605469,140.5073699951172,36.42318344116211,108.68899536132812,353.58392333984375,42.52838134765625,3719.0400390625
2022-09-29,139.9989776611328,28.01682472229004,458.25811767578125,,97.29124450683594,20.29852867126465,148.43446350097656,96.78726196289062,41.34981155395508,135.34783935546875,36.20183563232422,105.30848693847656,346.1978759765625,42.25361251831055,3640.469970703125
2022-09-30,135.79351806640625,27.596485137939453,451.83831787109375,,95.3670425415039,20.329723358154297,147.37889099121094,95.2738265991211,40.48912048339844,134.62355041503906,35.873924255371094,103.5029525756836,340.844482421875,41.43889617919922,3585.6201171875
2022-10-03,139.9695281982422,28.40975570678711,457.06219482421875,,98.49138641357422,20.501279830932617,147.2345428466797,98.21865844726562,40.48912048339844,137.5307159423828,36.18544006347656,107.08155059814453,349.8431396484375,42.343074798583984,3678.429931640625
2022-10-04,143.55596923828125,29.588546752929688,465.0987548828125,,101.5760726928711,21.632009506225586,149.41781616210938,102.81365966796875,41.368316650390625,139.18772888183594,36.44777297973633,112.10521697998047,360.6836242675781,42.89260482788086,3790.929931640625
2022-10-05,143.85072326660156,29.16819953918457,459.5400695800781,,101.38761901855469,21.062744140625,148.9577178955078,101.54425811767578,41.27576446533203,137.8978729248047,36.169044494628906,113.02098083496094,359.8439025878906,42.46767807006836,3783.280029296875
2022-10-06,142.89761352539062,28.74785804748535,461.6162109375,,101.4074478149414,20.57925796508789,146.07078552246094,99.47456359863281,40.46136474609375,137.98716735839844,35.32466506958008,112.56958770751953,356.1318054199219,42.07149887084961,3744.52001953125
2022-10-07,137.6505889892578,28.09906578063965,447.8966064453125,,98.75919342041016,20.39210319519043,144.52804565429688,97.4876480102539,39.79502487182617,132.41091918945312,34.69343185424805,105.81509399414062,346.1978759765625,41.07465744018555,3639.659912109375
2022-10-10,137.97486877441406,28.01682472229004,446.1361999511719,,97.90619659423828,20.07238006591797,144.71751403808594,96.57698059082031,40.96111297607422,132.74826049804688,34.22614669799805,102.2170181274414,343.55462646484375,41.31748962402344,3612.389892578125
2022-10-11,136.55995178222656,27.203550338745117,451.5992126464844,,97.2515869140625,19.573299407958984,146.810546875,93.78976440429688,42.27527618408203,127.53912353515625,34.365516662597656,99.34310150146484,341.37884521484375,42.38780212402344,3588.840087890625
2022-10-12,135.93109130859375,27.285795211791992,446.2032165527344,,97.49954986572266,19.503116607666016,146.7744598388672,95.30754852294922,42.60844421386719,126.50723266601562,34.4556884765625,98.37863159179688,340.2528381347656,41.90855407714844,3577.030029296875
2022-10-13,140.50015258789062,28.958030700683594,447.74346923828125,,98.8980484008789,20.524673461914062,148.99380493164062,100.60599517822266,43.09893798828125,129.27549743652344,35.23448944091797,101.2103271484375,349.2324523925781,42.2631950378418,3669.909912109375
2022-10-14,135.97039794921875,28.9671688079834,434.98065185546875,,96.38865661621094,20.134767532348633,148.3712921142578,102.2801742553711,39.943092346191406,125.77298736572266,35.13611602783203,96.99202728271484,341.2739562988281,41.672119140625,3583.070068359375
2022-10-17,139.93020629882812,30.721643447875977,444.08880615234375,,99.95934295654297,20.914579391479492,150.2929229736328,106.57594299316406,38.97136306762695,132.99630737304688,35.78374481201172,99.04759979248047,350.04364013671875,41.97244644165039,3677.949951171875
2022-10-18,141.2468719482422,31.87301254272461,452.7950744628906,,100.56436157226562,20.820995330810547,149.76966857910156,109.31714630126953,39.943092346191406,131.76596069335938,36.14445495605469,99.3885498046875,354.156494140625,42.85746383666992,3719.97998046875
2022-10-19,141.35496520996094,30.99578094482422,451.03472900390625,,99.47332000732422,20.774211883544922,148.5788116455078,107.17387390136719,39.739501953125,132.19261169433594,35.341064453125,100.0250473022461,351.6467590332031,42.736045837402344,3695.159912109375
2022-10-20,140.89315795898438,30.79475212097168,444.5193176269531,,99.71137237548828,20.758617401123047,148.9577178955078,106.82430267333984,39.026885986328125,130.50587463378906,35.17710494995117,100.64529418945312,348.69805908203125,42.84149169921875,3665.780029296875
2022-10-21,144.7056121826172,31.936986923217773,457.4926452636719,,100.65364837646484,21.226503372192383,152.20555114746094,112.43551635742188,40.37807083129883,128.99769592285156,36.84946823120117,104.38624572753906,357.1719970703125,43.70732116699219,3752.75
2022-10-24,146.84767150878906,32.0466423034668,475.4698181152344,,102.13150787353516,21.008155822753906,154.2534637451172,112.57347869873047,40.71123504638672,128.70994567871094,37.3331413269043,104.8376235961914,361.5424499511719,44.54121780395508,3797.340087890625
2022-10-25,149.6873016357422,32.339054107666016,477.4693603515625,,104.07554626464844,20.03339195251465,154.00987243652344,112.86782836914062,41.433101654052734,136.43930053710938,37.3741340637207,107.23091888427734,367.3157653808594,44.75209045410156,3859.110107421875
2022-10-26,146.74937438964844,32.62233352661133,477.842529296875,,94.0478744506836,20.2049503326416,155.36314392089844,114.16486358642578,42.05316162109375,128.8092041015625,37.75943374633789,106.175537109375,364.54840087890625,45.093955993652344,3830.60009765625
2022-10-27,142.2786102294922,32.777671813964844,475.9159851074219,,91.845947265625,20.306325912475586,155.4533233642578,114.61558532714844,42.27527618408203,97.17741394042969,37.497108459472656,104.29206848144531,362.6017150878906,44.962955474853516,3807.300048828125
2022-10-28,153.02810668945312,33.060943603515625,489.6507568359375,,95.79354095458984,20.22054672241211,157.76292419433594,115.97700500488281,43.28403091430664,98.42759704589844,38.882545471191406,108.38050842285156,371.228271484375,45.53166961669922,3901.06005859375
2022-10-31,150.6698760986328,32.93302536010742,480.6698913574219,,93.8891830444336,20.2049503326416,156.9509735107422,115.79301452636719,43.76527786254883,92.43463897705078,38.1611328125,106.0196533203125,368.5467529296875,45.474151611328125,3871.97998046875
2022-11-01,148.02671813964844,33.079227447509766,479.1939392089844,,89.76305389404297,20.61825180053711,156.15704345703125,117.88111877441406,43.65422439575195,94.45873260498047,39.3580207824707,106.87371826171875,366.9340515136719,45.269683837890625,3856.10009765625
2022-11-02,142.5045928955078,32.97870635986328,463.42724609375,,86.36097717285156,20.35311508178711,153.75723266601562,116.79568481445312,43.089683532714844,89.83502960205078,38.58742141723633,103.49971771240234,357.7254333496094,44.96935272216797,3759.68994140625
2022-11-03,136.461669921875,32.79595184326172,466.0917053222656,,82.81013488769531,20.18935203552246,154.0189208984375,117.00723266601562,43.70048522949219,88.21771240234375,38.50473403930664,102.11309814453125,354.0419006347656,44.95976257324219,3719.889892578125
2022-11-04,136.19593811035156,33.61836242675781,466.2067565917969,,85.9939956665039,21.95952606201172,154.70455932617188,120.20836639404297,42.941619873046875,90.08307647705078,39.042171478271484,106.83799743652344,359.1377258300781,45.03963088989258,3770.550048828125
2022-11-07,136.7274169921875,33.819393157958984,468.2578125,,87.9281005859375,21.507238388061523,156.05783081054688,120.84310913085938,43.35806655883789,95.9668960571289,38.93468475341797,109.14686584472656,362.5731201171875,45.51249313354492,3806.800048828125
2022-11-08,137.29827880859375,33.91077423095703,472.2929992675781,,88.18598937988281,21.624210357666016,156.8336944580078,120.91668701171875,43.60794448852539,95.7188491821289,39.149658203125,111.54991912841797,364.52935791015625,45.621124267578125,3828.110107421875
2022-11-09,132.74134826660156,33.371639251708984,469.61883544921875,,86.68829345703125,21.16411781311035,155.57968139648438,119.34371948242188,44.47789001464844,100.67992401123047,38.62876510620117,107.98432159423828,357.0192565917969,44.56039047241211,3748.570068359375
2022-11-10,144.5519561767578,34.842838287353516,491.8169250488281,,93.40316009521484,21.717790603637695,157.40208435058594,124.25582885742188,44.52415084838867,110.99893951416016,39.174461364746094,119.15847778320312,376.6389465332031,45.48373794555664,3956.3701171875
2022-11-11,147.3372802734375,35.09870147705078,494.05963134765625,,95.94231414794922,21.873746871948242,152.6927032470703,124.45817565917969,43.58943176269531,112.13998413085938,39.35635757446289,122.80523681640625,380.2843017578125,45.55403137207031,3992.929931640625
2022-11-14,145.93971252441406,34.50473403930664,488.51019287109375,,95.24801635742188,21.982921600341797,155.09246826171875,123.1795883178711,43.32886505126953,113.33065032958984,40.71233367919922,121.46085357666016,377.04931640625,44.215328216552734,3957.25
2022-11-15,147.67189025878906,34.449913024902344,504.60284423828125,,97.91610717773438,22.029712677001953,155.52554321289062,122.28729248046875,43.61735153198242,116.16836547851562,40.15837097167969,124.98094940185547,380.26513671875,47.10678482055664,3991.72998046875
2022-11-16,146.44163513183594,34.139225006103516,502.3409423828125,,98.18390655517578,22.045307159423828,156.4908447265625,122.45289611816406,44.5107307434082,112.34835815429688,39.728424072265625,119.82093048095703,377.3642272949219,47.44546890258789,3958.7900390625
2022-11-17,148.34120178222656,33.965599060058594,499.6667175292969,,97.69790649414062,22.28704833984375,157.75390625,121.91934204101562,44.8364372253418,110.58220672607422,39.95993423461914,120.75941467285156,376.20953369140625,47.285709381103516,3946.56005859375
2022-11-18,148.90216064453125,33.9838752746582,501.91912841796875,,97.00361633300781,22.263654708862305,158.96279907226562,123.11518096923828,44.910888671875,111.17753601074219,39.877254486083984,121.02894592285156,377.9176940917969,47.99818801879883,3965.340087890625
2022-11-21,145.67396545410156,34.093528747558594,501.6317138671875,,95.04964447021484,22.419618606567383,159.77999877929688,122.38848876953125,44.780601501464844,109.00459289550781,39.83591079711914,119.02207946777344,376.54351806640625,48.2921257019043,3949.93994140625
2022-11-22,147.8096923828125,34.258018493652344,509.85528564453125,,96.53743743896484,22.575580596923828,160.5518035888672,124.21900177001953,44.74338150024414,110.57229614257812,40.58004379272461,122.56819915771484,381.6106872558594,48.464656829833984,4003.580078125
2022-11-23,148.68568420410156,34.36767578125,512.2896118164062,,98.01530456542969,22.9810848236084,160.7243194580078,125.54362487792969,44.52003479003906,111.36605072021484,40.38987731933594,124.04898071289062,384.0154724121094,48.69788360595703,4027.260009765625
2022-11-25,145.7723846435547,34.449913024902344,511.4942321777344,,96.80522155761719,23.176036834716797,160.9331817626953,125.7828369140625,45.63676071166992,110.54252624511719,40.68753433227539,122.39608764648438,383.9295959472656,48.90556335449219,4026.1201171875
2022-11-28,141.94378662109375,33.682334899902344,508.86798095703125,,95.46622467041016,22.832918167114258,161.01487731933594,123.58434295654297,45.441341400146484,107.93299865722656,40.98518371582031,119.3370590209961,377.80316162109375,49.046142578125,3963.93994140625
2022-11-29,138.94190979003906,33.810264587402344,506.98944091796875,,94.6628189086914,23.768693923950195,159.88894653320312,125.61720275878906,45.92524719238281,108.60770416259766,40.919036865234375,118.87593841552734,377.1542663574219,48.87361526489258,3957.6298828125
2022-11-30,145.6936492919922,34.586978912353516,516.8519287109375,,100.62388610839844,24.06502342224121,161.6232452392578,127.10738372802734,45.7763557434082,117.18041229248047,41.44820022583008,126.00714874267578,389.0348815917969,48.69788360595703,4080.110107421875
2022-12-01,145.96922302246094,33.59431838989258,482.9319152832031,,100.45526885986328,23.823280334472656,162.295166015625,125.32283782958984,45.050479888916016,119.50220489501953,42.233673095703125,125.10113525390625,388.74859619140625,49.001407623291016,4076.570068359375
2022-12-02,145.47711181640625,33.162330627441406,473.9894714355469,,100.00892639160156,23.84667205810547,162.42227172851562,124.32940673828125,44.26877212524414,122.5284652709961,42.093109130859375,123.68853759765625,388.30010986328125,48.9534912109375,4071.699951171875
2022-12-05,144.3157501220703,31.682527542114258,468.3632507324219,,99.05675506591797,23.706310272216797,162.3314666748047,120.84310913085938,42.87287521362305,121.47671508789062,41.94429016113281,122.12330627441406,381.3149108886719,48.451873779296875,3998.840087890625
2022-12-06,140.6544647216797,30.331396102905273,461.1748046875,,96.51759338378906,23.682910919189453,159.8980712890625,121.04547119140625,43.11482620239258,113.23143005371094,41.1009407043457,119.55463409423828,375.8183288574219,47.889564514160156,3941.260009765625
2022-12-07,138.7155303955078,30.09242057800293,461.9510803222656,,94.37519073486328,23.448970794677734,160.86956787109375,120.96269226074219,43.6824951171875,113.04290008544922,41.539154052734375,119.298095703125,375.1789855957031,47.640350341796875,3933.919921875
2022-12-08,140.39854431152344,29.81667709350586,461.42401123046875,,93.18495178222656,23.573740005493164,160.8968505859375,122.23210144042969,44.166404724121094,114.43199920654297,42.812435150146484,122.74678802490234,378.11810302734375,47.714115142822266,3963.510009765625
2022-12-09,139.91629028320312,29.761533737182617,462.9574890136719,,92.31211853027344,23.675113677978516,159.57118225097656,121.56981658935547,43.2451171875,114.99755859375,42.76283264160156,121.6102294921875,375.29345703125,46.60127639770508,3934.3798828125
2022-12-12,142.20950317382812,30.083229064941406,467.4239501953125,,92.79812622070312,23.753095626831055,161.4779815673828,123.45552825927734,43.46846008300781,113.81683349609375,43.12663269042969,123.76321411132812,380.7041015625,47.47038269042969,3990.56005859375
2022-12-13,143.17404174804688,30.101612091064453,467.9223327636719,,95.06948852539062,24.057226181030273,162.72190856933594,123.33592987060547,42.295902252197266,119.21446228027344,43.87903594970703,125.89030456542969,383.58599853515625,47.30040740966797,4019.64990234375
2022-12-14,140.94973754882812,29.66961669921875,463.4366760253906,,94.53388214111328,23.87786865234375,163.22128295898438,122.71963500976562,41.65378189086914,120.64325714111328,45.04484176635742,124.00157165527344,381.1335754394531,47.03743362426758,3995.320068359375
2022-12-15,134.3456268310547,29.20086097717285,444.64129638671875,59.67827224731445,90.45734405517578,23.370988845825195,161.16015625,119.67486572265625,40.471923828125,115.2456283569336,44.32551193237305,118.75546264648438,371.8103942871094,46.617313385009766,3895.75
2022-12-16,132.38706970214844,29.136520385742188,442.2834777832031,56.435760498046875,90.1201171875,23.30080795288086,159.50758361816406,118.92977142333984,41.24431228637695,118.50008392333984,42.498252868652344,117.85670471191406,367.4207458496094,45.780277252197266,3852.360107421875
2022-12-19,130.28082275390625,29.4674129486084,439.5805358886719,56.19703674316406,88.42404174804688,23.363191604614258,159.3350830078125,119.6380615234375,41.318763732910156,113.588623046875,42.465179443359375,116.39783477783203,364.30511474609375,45.79630661010742,3817.659912109375
2022-12-20,130.21189880371094,29.58689308166504,438.80419921875,56.903236389160156,88.90013122558594,23.753095626831055,159.50758361816406,120.21758270263672,41.486270904541016,116.17829132080078,42.43210983276367,115.68793487548828,364.8036193847656,46.19719696044922,3821.6201171875
2022-12-21,133.3121795654297,30.037269592285156,442.86810302734375,56.654579162597656,89.51508331298828,24.057226181030273,161.33267211914062,121.56981658935547,41.37459945678711,118.82749938964844,42.713226318359375,118.2930679321289,370.25836181640625,46.55957794189453,3878.43994140625
2022-12-22,130.1429901123047,29.77072525024414,439.6572570800781,57.291141510009766,87.54129791259766,24.00263786315918,160.7424774169922,120.19001007080078,42.10977554321289,116.20806884765625,42.696685791015625,113.51264953613281,364.9761657714844,46.014400482177734,3822.389892578125
2022-12-23,129.7788543701172,29.84425163269043,443.43359375,57.19168472290039,89.07867431640625,24.12740707397461,161.1510467529297,120.76031494140625,42.70536422729492,117.12090301513672,42.853782653808594,113.61032104492188,367.07562255859375,46.10738754272461,3844.820068359375
2022-12-27,127.97774505615234,29.89940071105957,439.45599365234375,57.14194869995117,87.21398162841797,24.228788375854492,161.1056671142578,121.18346405029297,42.761199951171875,115.96993255615234,42.27501678466797,111.55877685546875,365.6280212402344,46.1202278137207,3829.25
2022-12-28,124.05072021484375,30.1199951171875,434.1747741699219,57.19168472290039,85.75594329833984,24.197589874267578,160.4065399169922,121.84576416015625,41.486270904541016,114.71974182128906,42.002159118652344,109.91426849365234,361.0840759277344,45.31206130981445,3783.219970703125
2022-12-29,127.56438446044922,30.460071563720703,437.5677795410156,57.688995361328125,88.22567749023438,24.337955474853516,161.22372436523438,122.54486846923828,41.523494720458984,119.3236083984375,42.440372467041016,113.42144775390625,367.583740234375,45.58785629272461,3849.280029296875
2022-12-30,127.87930297851562,30.441692352294922,437.5390625,58.06696319580078,88.0074691772461,24.298965454101562,160.39744567871094,123.35435485839844,41.486270904541016,119.4029769897461,42.365966796875,113.3172378540039,366.6154479980469,45.47240447998047,3839.5
2023-01-03,123.09602355957031,30.80014991760254,434.45281982421875,55.69972229003906,88.96955871582031,24.665477752685547,161.7957763671875,124.2926025390625,41.38390350341797,123.76872253417969,42.38249969482422,112.21331787109375,365.0720520019531,46.052879333496094,3824.139892578125
2023-01-04,124.36566925048828,31.37920379638672,437.5965270996094,60.1656494140625,87.98761749267578,25.484281539916992,163.55728149414062,125.45164489746094,41.849212646484375,126.37825012207031,41.44820022583008,115.10176086425781,367.8905029296875,46.10418701171875,3852.969970703125
2023-01-05,123.04681396484375,31.31486701965332,431.4910888671875,58.68363571166992,86.06341552734375,26.326480865478516,162.34962463378906,125.42386627197266,42.026023864746094,125.95159912109375,41.05958938598633,113.16094207763672,363.69158935546875,45.94704055786133,3808.10009765625
2023-01-06,127.57418823242188,31.627370834350586,462.813720703125,58.6339111328125,87.44210815429688,26.7553768157959,163.66624450683594,127.82390594482422,42.56577682495117,129.0076446533203,42.101383209228516,118.42658233642578,372.03179931640625,47.07270812988281,3895.080078125
2023-01-09,128.09585571289062,31.1494197845459,458.86492919921875,57.78845977783203,88.07691192626953,26.638399124145508,159.4259033203125,127.29569244384766,42.98454284667969,128.46189880371094,40.00953674316406,120.6083755493164,371.8209228515625,46.48582458496094,3892.090087890625
2023-01-10,128.6666717529297,31.360816955566406,461.4047546386719,59.67827224731445,88.5133056640625,26.81776237487793,159.04454040527344,128.4355010986328,42.789119720458984,131.95448303222656,39.372894287109375,122.168212890625,374.428466796875,46.45695877075195,3919.25
2023-01-11,131.38314819335938,31.59979248046875,464.1939392089844,64.64151763916016,91.50872039794922,26.98151969909668,158.79029846191406,129.38995361328125,42.44479751586914,131.85525512695312,39.23234176635742,123.74432373046875,379.1641540527344,46.864253997802734,3969.610107421875
2023-01-12,131.30442810058594,31.682527542114258,462.39202880859375,65.29798889160156,91.16156768798828,27.6209659576416,157.99127197265625,129.26023864746094,42.500633239746094,135.6455078125,39.44730758666992,125.24879455566406,380.54461669921875,46.44092559814453,3983.169921875
2023-01-13,132.63307189941406,32.38105773925781,465.09490966796875,65.089111328125,92.04431915283203,28.190237045288086,157.47366333007812,132.52206420898438,42.08185577392578,135.91342163085938,39.56306457519531,125.7665786743164,382.02093505859375,46.5948600769043,3999.090087890625
2023-01-17,133.79443359375,31.728479385375977,466.5517883300781,62.990413665771484,91.40953826904297,28.30720329284668,156.5021514892578,130.47413635253906,42.9752311706543,134.3060302734375,38.099605560302734,125.90985870361328,381.32110595703125,46.31264877319336,3990.969970703125
2023-01-18,133.07598876953125,30.99317169189453,459.5550231933594,61.747127532958984,91.03262329101562,28.213626861572266,154.14137268066406,126.55438995361328,42.119083404541016,131.98428344726562,37.206642150878906,125.24879455566406,375.3008117675781,45.1677360534668,3928.860107421875
2023-01-19,133.13504028320312,30.542797088623047,449.9894714355469,63.597145080566406,93.14529418945312,28.377382278442383,153.93251037597656,124.86785125732422,40.9465217590332,135.08987426757812,37.1735725402832,121.7351303100586,372.5687255859375,44.523128509521484,3898.85009765625
2023-01-20,135.69398498535156,31.112653732299805,460.1683044433594,66.41197204589844,98.4715576171875,28.728296279907227,153.21517944335938,125.17365264892578,41.36529541015625,138.28480529785156,37.29759216308594,125.54512786865234,379.50921630859375,45.07152557373047,3972.610107421875
2023-01-23,138.88287353515625,31.544654846191406,472.149169921875,69.14724731445312,100.3858413696289,28.71270751953125,152.8247528076172,127.20304870605469,41.597938537597656,142.1544647216797,37.19010925292969,131.8495635986328,384.0628662109375,45.7449951171875,4019.81005859375
2023-01-24,140.2804718017578,31.77443504333496,471.66998291015625,69.22679901123047,98.40213012695312,28.611328125,152.8247528076172,128.29652404785156,41.1884765625,142.0254669189453,36.96686553955078,130.8531036376953,383.6506042480469,45.866859436035156,4016.949951171875
2023-01-25,139.6210479736328,32.0501708984375,470.4911193847656,68.3415756225586,95.94231414794922,28.915462493896484,153.91433715820312,128.9173583984375,41.784061431884766,140.39820861816406,37.26451110839844,131.20803833007812,383.7944030761719,45.64878845214844,4016.219970703125
2023-01-26,141.68789672851562,32.482173919677734,477.60284423828125,68.84883880615234,98.35253143310547,29.227384567260742,153.35137939453125,129.7142791748047,41.37459945678711,146.15306091308594,36.92241287231445,133.41917419433594,388.0124816894531,45.60709762573242,4060.429931640625
2023-01-27,143.62680053710938,32.58326721191406,482.3856201171875,69.70423889160156,99.88990783691406,28.970043182373047,152.75210571289062,130.02938842773438,41.92366027832031,150.5585174560547,36.5385856628418,132.56927490234375,388.904052734375,45.95665740966797,4070.56005859375
2023-01-30,140.74301147460938,32.445404052734375,482.3760070800781,71.11660766601562,97.15238189697266,28.899860382080078,147.09530639648438,128.92662048339844,41.14194869995117,145.9149169921875,36.33832931518555,129.049072265625,384.0245361328125,45.58785629272461,4017.77001953125
2023-01-31,142.01268005371094,32.61083984375,489.9095764160156,69.14724731445312,99.05675506591797,28.8062801361084,148.38465881347656,129.6957550048828,41.532806396484375,147.81005859375,36.847312927246094,131.45556640625,389.67095947265625,46.139461517333984,4076.60009765625
2023-02-01,143.13467407226562,33.01526641845703,496.3983459472656,69.63459777832031,100.60404205322266,28.8062801361084,149.7466583251953,129.3529052734375,42.044639587402344,151.92776489257812,36.688785552978516,138.3103485107422,393.812255859375,46.396026611328125,4119.2099609375
2023-02-02,148.4396209716797,33.208282470703125,502.5623779296875,70.27117156982422,107.91402435302734,28.25261878967285,150.30960083007812,128.7505645751953,41.849212646484375,187.30015563964844,36.99751281738281,141.51467895507812,399.5450439453125,46.05928039550781,4179.759765625
2023-02-03,152.0615234375,33.48402404785156,494.2764892578125,70.17170715332031,104.36318969726562,28.06546401977539,149.46519470214844,130.7428741455078,41.337371826171875,185.07762145996094,36.763877868652344,138.7532196044922,395.2982177734375,45.446746826171875,4136.47998046875
2023-02-06,149.33523559570312,33.42887496948242,495.0350341796875,71.47467041015625,102.62744140625,28.010873794555664,148.33018493652344,131.5120086669922,41.44905090332031,184.61129760742188,36.513553619384766,136.49977111816406,392.88238525390625,45.11642837524414,4111.080078125
2023-02-07,152.2091522216797,33.79652786254883,495.9375305175781,71.24591827392578,107.16021728515625,28.447566986083984,148.3665008544922,133.1151580810547,41.38390350341797,190.12794494628906,36.371707916259766,140.84059143066406,398.0207214355469,45.2126350402832,4164.0
2023-02-08,149.5222625732422,33.548362731933594,483.724609375,69.79373931884766,99.1856918334961,28.736101150512695,148.55718994140625,132.17921447753906,41.19778823852539,182.00173950195312,36.697120666503906,137.81211853027344,393.66851806640625,44.968902587890625,4117.85986328125
2023-02-09,148.4888153076172,32.83143997192383,480.6713562011719,68.04317474365234,94.68266296386719,29.032428741455078,146.5504913330078,130.12200927734375,41.030277252197266,176.53463745117188,36.16310119628906,138.16380310058594,390.2557678222656,45.385807037353516,4081.5
2023-02-10,148.85353088378906,32.70275115966797,480.0569152832031,68.86872863769531,94.08753967285156,28.736101150512695,147.2315216064453,130.696533203125,41.691009521484375,172.7939910888672,36.613685607910156,135.9656982421875,391.1664733886719,46.09135055541992,4090.4599609375
2023-02-13,151.65298461914062,32.767093658447266,486.25933837890625,69.05770874023438,94.22640991210938,29.063623428344727,147.77630615234375,132.11436462402344,41.774757385253906,178.03289794921875,36.70547103881836,137.96519470214844,395.7583312988281,46.793697357177734,4137.2900390625
2023-02-14,151.01226806640625,32.73952102661133,483.1581726074219,72.22065734863281,94.17679595947266,29.024635314941406,147.13160705566406,132.69813537597656,40.83873748779297,178.08250427246094,36.48017501831055,140.46934509277344,395.57623291015625,46.659000396728516,4136.1298828125
2023-02-15,153.11183166503906,32.68437957763672,490.89678955078125,71.93219757080078,96.3093032836914,28.759496688842773,144.70726013183594,133.254150390625,41.43779373168945,175.7805633544922,36.14641571044922,141.04249572753906,396.86083984375,47.0053596496582,4147.60009765625
2023-02-16,151.51498413085938,32.4270133972168,484.0030212402344,70.52976989746094,95.00004577636719,28.931055068969727,143.68124389648438,131.41937255859375,41.04465866088867,171.09730529785156,35.83768844604492,137.5841522216797,391.3965148925781,46.267738342285156,4090.409912109375
2023-02-17,150.37155151367188,32.491355895996094,487.248291015625,72.77764892578125,93.81974029541016,29.118207931518555,146.68089294433594,131.80856323242188,41.185062408447266,171.53392028808594,36.05463409423828,135.44142150878906,390.4187316894531,46.96366882324219,4079.090087890625
2023-02-21,146.35968017578125,31.728479385375977,481.73712158203125,72.08141326904297,91.3004379272461,30.443893432617188,144.49517822265625,129.38995361328125,41.76539993286133,170.74012756347656,35.629085540771484,131.05499267578125,382.5865783691406,47.24909591674805,3997.340087890625
2023-02-22,146.7835235595703,31.517078399658203,477.5605773925781,71.55425262451172,91.0524673461914,29.843433380126953,144.29397583007812,128.39840698242188,41.76539993286133,169.78758239746094,35.36207962036133,130.426513671875,382.05926513671875,46.25812530517578,3991.050048828125
2023-02-23,147.2665252685547,31.489498138427734,473.4800109863281,75.4930191040039,90.32840728759766,29.61728858947754,144.24822998046875,129.42703247070312,41.100830078125,170.70040893554688,35.29532241821289,134.71522521972656,384.0916748046875,45.56861114501953,4012.320068359375
2023-02-24,144.6149444580078,31.443544387817383,469.13055419921875,74.60779571533203,88.6224136352539,29.64847755432129,142.63868713378906,130.5946044921875,40.9510612487793,169.06326293945312,34.836395263671875,132.30224609375,379.9885559082031,45.69047546386719,3970.0400390625
2023-02-27,145.8076629638672,31.443544387817383,467.613525390625,75.63226318359375,89.36631774902344,29.61728858947754,142.3277587890625,131.7344207763672,40.6328125,168.2198944091797,34.02703094482422,133.00233459472656,381.28271484375,45.36015701293945,3982.239990234375
2023-02-28,145.304931640625,31.52626609802246,464.8771667480469,75.59248352050781,89.5646743774414,29.874635696411133,140.1603240966797,132.837158203125,40.38008499145508,173.57785034179688,33.851802825927734,133.458251953125,379.8735656738281,45.58143997192383,3970.14990234375
2023-03-01,143.23492431640625,31.37920379638672,459.5868835449219,74.89622497558594,89.7729721069336,29.905818939208984,139.529296875,132.0958251953125,40.604732513427734,172.0696563720703,33.52638244628906,133.4940948486328,378.4163818359375,44.946449279785156,3951.389892578125
2023-03-02,143.82638549804688,30.981414794921875,466.32696533203125,74.63762664794922,91.55831909179688,29.720922470092773,139.41954040527344,130.724365234375,42.80438995361328,173.17105102539062,33.893524169921875,134.56219482421875,381.3594055175781,45.058692932128906,3981.35009765625
2023-03-03,148.8732452392578,31.60123062133789,456.3128967285156,75.96049499511719,93.25438690185547,29.93797492980957,140.8553466796875,133.1244354248047,43.03839111328125,183.80755615234375,34.335758209228516,136.63650512695312,387.4756774902344,45.11321258544922,4045.639892578125
2023-03-06,151.63328552246094,31.536466598510742,463.821044921875,76.26882934570312,94.80167388916016,29.905824661254883,142.26373291015625,132.3460235595703,43.506404876708984,183.46031188964844,34.3023796081543,135.04739379882812,387.7440185546875,45.1068000793457,4048.419921875
2023-03-07,149.4351043701172,30.528121948242188,465.8084716796875,75.84114074707031,93.40316009521484,29.753076553344727,140.91932678222656,128.45401000976562,43.90890121459961,183.07333374023438,33.659889221191406,133.6243438720703,381.8004150390625,44.65781021118164,3986.3701171875
2023-03-08,150.68698120117188,30.121074676513672,466.6630859375,76.2190933227539,93.87926483154297,30.018369674682617,139.885986328125,127.69416046142578,44.41434860229492,183.52975463867188,33.476318359375,137.1771240234375,382.4236145019531,44.28900909423828,3992.010009765625
2023-03-09,148.43951416015625,28.25238800048828,460.4029846191406,75.9704360961914,91.90547180175781,29.519939422607422,138.31301879882812,120.78126525878906,44.22713851928711,180.27529907226562,32.92560958862305,134.4514617919922,375.36798095703125,43.990753173828125,3918.320068359375
2023-03-10,146.37936401367188,28.00261116027832,452.3570251464844,74.56800079345703,90.26891326904297,28.38641357421875,138.65133666992188,123.8485107421875,44.08674240112305,178.11224365234375,32.86720657348633,131.8528289794922,369.9515686035156,43.92661666870117,3861.590087890625
2023-03-13,148.32125854492188,26.374446868896484,453.1827392578125,75.8311996459961,90.91361236572266,27.815624237060547,139.97743225097656,121.62451934814453,43.85273742675781,179.49143981933594,33.25938034057617,131.89190673828125,369.4242858886719,44.05489730834961,3855.760009765625
2023-03-14,150.41099548339844,26.605716705322266,462.7073059082031,76.72636413574219,93.48251342773438,28.24170684814453,140.76388549804688,124.74736022949219,44.16162872314453,192.50930786132812,33.292755126953125,135.74752807617188,375.5309143066406,44.28900909423828,3919.2900390625
2023-03-15,150.8052520751953,26.355939865112305,466.2981872558594,76.34840393066406,95.76377868652344,27.16445541381836,141.15713500976562,118.85377502441406,45.200618743896484,196.2102508544922,33.60981750488281,134.16493225097656,373.1822204589844,44.78288269042969,3891.929931640625
2023-03-16,153.6244354248047,26.799985885620117,467.8343811035156,76.20915985107422,100.24699401855469,27.72719955444336,140.864501953125,121.16117858886719,44.114830017089844,203.33432006835938,33.68491744995117,139.4044952392578,379.7297668457031,44.528499603271484,3960.280029296875
2023-03-17,152.78656005859375,25.736127853393555,467.6328125,75.43333435058594,101.62565612792969,26.593671798706055,139.3555450439453,116.58348083496094,43.78721618652344,194.0869140625,33.45962905883789,138.54153442382812,375.2896728515625,44.889156341552734,3916.639892578125
2023-03-20,155.15228271484375,25.671371459960938,469.7835693359375,74.79676818847656,101.09999084472656,26.730337142944336,140.7364501953125,117.81592559814453,44.32074737548828,196.269775390625,34.05205535888672,140.00694274902344,378.8983459472656,45.3721809387207,3951.570068359375
2023-03-21,157.0054473876953,26.44845199584961,471.28125,76.10969543457031,104.97813415527344,27.277000427246094,140.7364501953125,120.97584533691406,44.70451736450195,200.5859375,33.92689895629883,140.2837371826172,383.8735046386719,45.217613220214844,4002.8701171875
2023-03-22,155.57615661621094,25.569610595703125,468.0840148925781,74.36907196044922,103.37133026123047,27.57444953918457,138.13919067382812,117.85301208496094,44.966609954833984,198.25421142578125,33.38454055786133,138.88999938964844,377.3298034667969,44.92780303955078,3936.969970703125
2023-03-23,156.66041564941406,24.949798583984375,468.3144836425781,75.30404663085938,105.39472198486328,26.915241241455078,138.2123565673828,117.53792572021484,45.4159049987793,202.68939208984375,33.52638244628906,142.6743621826172,378.34991455078125,45.29167938232422,3948.719970703125
2023-03-24,157.9615936279297,25.107065200805664,475.5251159667969,76.05001831054688,105.19634246826172,26.593671798706055,139.60244750976562,115.74949645996094,45.9119873046875,204.4059295654297,33.70161056518555,140.19973754882812,380.8326110839844,45.66199493408203,3970.989990234375
2023-03-27,156.01971435546875,26.355939865112305,473.5567626953125,75.9704360961914,102.22075653076172,27.043865203857422,140.19688415527344,119.06693267822266,45.518863677978516,201.26060485839844,33.55976104736328,138.5543670654297,381.5447082519531,46.425174713134766,3977.530029296875
2023-03-28,155.39871215820312,26.013656616210938,467.36395263671875,76.48765563964844,100.53461456298828,26.899158477783203,138.8433837890625,119.42833709716797,45.790306091308594,199.11740112304688,33.36784744262695,137.51620483398438,380.688232421875,46.24484634399414,3971.27001953125
2023-03-29,158.47415161132812,26.5224552154541,471.30047607421875,78.81510162353516,101.0702133178711,27.510141372680664,140.20602416992188,119.66925811767578,45.90263366699219,203.7510528564453,33.58479690551758,141.93655395507812,386.2215270996094,46.44449996948242,4027.81005859375
2023-03-30,160.04144287109375,26.180171966552734,471.88616943359375,81.69955444335938,100.49494171142578,27.5664119720459,140.3157958984375,119.30786895751953,45.921348571777344,206.22169494628906,33.69327163696289,144.27401733398438,388.4829406738281,46.908199310302734,4050.830078125
2023-03-31,162.54518127441406,26.45770263671875,477.0613098144531,81.59014892578125,103.15312194824219,27.43779182434082,141.7515869140625,120.75344848632812,46.211517333984375,210.2897491455078,34.04371643066406,145.16847229003906,393.95843505859375,47.48139953613281,4109.31005859375
2023-04-03,163.7970733642578,26.44845199584961,477.2149353027344,81.37132263183594,104.05571746826172,27.91210174560547,143.44345092773438,120.61447143554688,46.745052337646484,211.41098022460938,34.50263595581055,143.9149169921875,395.4596252441406,47.88069534301758,4124.509765625
2023-04-04,163.2647705078125,25.884143829345703,477.88702392578125,81.15250396728516,104.26400756835938,27.85582733154297,144.9432830810547,119.00206756591797,46.29576110839844,213.04812622070312,34.127159118652344,141.2313995361328,393.2655944824219,47.41054916381836,4100.60009765625
2023-04-05,161.42144775390625,25.569610595703125,477.3109130859375,80.68502044677734,104.09538269042969,27.887981414794922,151.45469665527344,119.17951965332031,44.985328674316406,209.83334350585938,34.669517517089844,138.78289794921875,392.23590087890625,48.1962776184082,4090.3798828125
2023-04-06,162.30862426757812,25.75463104248047,466.6054382324219,79.73016357421875,108.01321411132812,28.281906127929688,151.03402709960938,119.04876708984375,45.4159049987793,214.41737365722656,34.62779998779297,138.0679473876953,393.7659912109375,48.560150146484375,4105.02001953125
2023-04-10,159.71617126464844,25.847145080566406,474.14251708984375,80.15786743164062,106.07909393310547,28.24170684814453,150.27499389648438,119.44100952148438,45.77158737182617,213.07785034179688,34.8197135925293,140.5066375732422,394.17010498046875,48.466766357421875,4109.10986328125
2023-04-11,158.50372314453125,26.559465408325195,478.77032470703125,80.15786743164062,105.255859375,28.129154205322266,150.22923278808594,120.02938842773438,44.891719818115234,212.1848907470703,34.869773864746094,139.76882934570312,394.27606201171875,48.325077056884766,4108.93994140625
2023-04-12,157.813720703125,26.346691131591797,469.841064453125,81.31166076660156,104.36318969726562,28.209548950195312,149.9091796875,120.0107192993164,44.292667388916016,212.333740234375,34.51932907104492,137.21261596679688,392.6689453125,48.08999252319336,4091.949951171875
2023-04-13,163.19577026367188,26.420698165893555,478.0406494140625,82.49526977539062,107.30900573730469,28.675819396972656,151.9119873046875,120.46834564208984,44.03993606567383,218.63426208496094,34.60276794433594,138.3421630859375,397.8846740722656,48.1383056640625,4146.22021484375
2023-04-14,162.8507537841797,27.30879020690918,471.7132873535156,81.9283218383789,108.56867218017578,29.214445114135742,151.66505432128906,129.56484985351562,43.66553497314453,219.765380859375,34.369136810302734,138.126708984375,396.9127502441406,47.81306838989258,4137.64013671875
2023-04-17,162.8704376220703,28.095123291015625,474.2481384277344,82.27644348144531,105.55341339111328,29.005434036254883,151.5095977783203,130.5922088623047,44.75132369995117,217.1558837890625,34.36079025268555,138.126708984375,398.33697509765625,48.14796447753906,4151.31982421875
2023-04-18,164.09275817871094,28.270885467529297,477.0900573730469,83.21141052246094,104.26400756835938,28.780330657958984,147.24786376953125,132.0584716796875,44.788761138916016,216.19345092773438,33.835113525390625,138.72413635253906,398.59674072265625,48.254234313964844,4154.8701171875
2023-04-19,165.23619079589844,27.80834197998047,476.2547607421875,85.29019927978516,104.1648178100586,28.836606979370117,148.63796997070312,131.89035034179688,44.41434860229492,214.02047729492188,33.57645034790039,137.2061004638672,398.5293884277344,48.305747985839844,4154.52001953125
2023-04-20,164.2701873779297,27.66032600402832,485.4239501953125,84.5442123413086,105.03764343261719,28.884845733642578,149.59823608398438,131.50743103027344,44.74195098876953,211.41098022460938,33.251033782958984,137.07876586914062,396.3545837402344,48.61489486694336,4129.7900390625
2023-04-21,162.66346740722656,27.632570266723633,486.163330078125,86.01628875732422,105.04757690429688,28.69190216064453,148.7843017578125,131.2552947998047,44.854270935058594,211.23236083984375,33.55141830444336,136.07321166992188,396.6625671386719,48.859619140625,4133.52001953125
2023-04-24,162.96905517578125,27.530811309814453,491.0312194824219,87.31927490234375,105.91047668457031,28.820533752441406,149.68966674804688,131.4327392578125,45.15380859375,211.13311767578125,33.30109405517578,135.4627685546875,397.0762939453125,49.19129943847656,4137.0400390625
2023-04-25,161.4313507080078,26.679725646972656,483.110107421875,79.95895385742188,103.75816345214844,28.08092498779297,151.0614471435547,128.5749053955078,44.901084899902344,205.9339599609375,32.817142486572266,130.911865234375,390.7731018066406,48.808101654052734,4071.6298828125
2023-04-26,161.42144775390625,26.309688568115234,474.93939208984375,79.69039916992188,103.59944915771484,28.57935333251953,148.72027587890625,126.29609680175781,44.76067352294922,207.76956176757812,32.233055114746094,131.61050415039062,389.1180419921875,48.59557342529297,4055.989990234375
2023-04-27,166.0050506591797,26.725980758666992,481.285888671875,81.08287811279297,107.48753356933594,29.126020431518555,149.0677947998047,127.99585723876953,45.247413635253906,236.70249938964844,32.3248405456543,132.1654815673828,396.8645935058594,48.746910095214844,4135.35009765625
2023-04-28,167.25689697265625,27.086763381958008,483.1581726074219,80.90383911132812,107.33875274658203,28.98130989074707,149.70794677734375,129.10723876953125,45.518863677978516,238.44879150390625,32.45000076293945,134.54867553710938,400.251953125,48.61489486694336,4169.47998046875
2023-05-01,167.16819763183594,26.864744186401367,473.9120178222656,80.34685516357422,106.83290100097656,28.8044490814209,149.61651611328125,131.87167358398438,46.12726593017578,241.28651428222656,32.71701431274414,135.76638793945312,399.8477478027344,48.81454086303711,4167.8701171875
2023-05-02,166.13319396972656,26.050661087036133,475.0833740234375,78.03927612304688,105.11698913574219,29.801311492919922,150.92430114746094,129.7423095703125,46.27703857421875,237.37721252441406,32.59185028076172,134.79678344726562,395.3537902832031,48.6825065612793,4119.580078125
2023-05-03,165.0587615966797,25.77313232421875,470.5228271484375,79.28258514404297,105.255859375,29.793272018432617,148.9489288330078,126.99654388427734,45.80902099609375,235.1844024658203,32.08285903930664,133.2493133544922,392.64007568359375,48.5021858215332,4090.75
2023-05-04,163.42245483398438,24.96830177307129,471.7735900878906,77.84034729003906,104.353271484375,29.77719497680664,148.27218627929688,125.25940704345703,45.19124984741211,231.70175170898438,31.899293899536133,132.50172424316406,389.8590087890625,48.63794708251953,4061.219970703125
2023-05-05,171.09140014648438,25.634368896484375,480.163330078125,78.56644439697266,105.3500747680664,30.70974349975586,148.775146484375,127.70638275146484,46.080467224121094,230.96749877929688,32.11623764038086,135.44969177246094,397.0762939453125,49.05815887451172,4136.25
2023-05-08,171.02236938476562,25.615869522094727,480.163330078125,78.994140625,107.35858917236328,30.70170021057129,148.43679809570312,128.01454162597656,46.005592346191406,231.45367431640625,32.26643371582031,136.02101135253906,397.18218994140625,49.365234375,4138.1201171875
2023-05-09,169.31710815429688,25.588111877441406,481.8278503417969,75.96049499511719,107.06103515625,30.532873153686523,147.28445434570312,127.39815521240234,46.014957427978516,231.55288696289062,32.10789108276367,133.70640563964844,395.44036865234375,49.449275970458984,4119.169921875
2023-05-10,171.0814971923828,25.273584365844727,480.74066162109375,75.4930191040039,111.36569213867188,30.637392044067383,147.83322143554688,127.46350860595703,45.977508544921875,231.26513671875,31.957706451416016,135.06773376464844,397.2879638671875,49.31028747558594,4137.64013671875
2023-05-11,171.26878356933594,25.338336944580078,482.88623046875,74.58789825439453,115.94808197021484,30.507051467895508,147.2296142578125,127.06195831298828,46.014957427978516,233.95404052734375,31.696247100830078,134.1830291748047,396.59515380859375,49.49454116821289,4130.6201171875
2023-05-12,170.3409423828125,25.060806274414062,484.983642578125,74.5182876586914,116.95976257324219,30.54777717590332,147.0375518798828,125.24077606201172,46.27842712402344,231.98948669433594,31.502246856689453,134.0589599609375,396.0755615234375,49.478370666503906,4124.080078125
2023-05-15,169.847412109375,25.578861236572266,483.03057861328125,74.52820587158203,116.00758361816406,31.31351089477539,145.9126739501953,126.29609680175781,46.174922943115234,237.0001678466797,31.34199333190918,137.6990509033203,397.4420166015625,49.093719482421875,4136.27978515625
2023-05-16,169.847412109375,25.31058692932129,477.3635559082031,77.36293029785156,119.11209106445312,30.82474708557129,145.7206573486328,125.44621276855469,46.043174743652344,236.96044921875,31.21548843383789,137.441162109375,394.7859802246094,48.41490936279297,4109.89990234375
2023-05-17,170.4594268798828,26.429950714111328,476.25714111328125,79.86943054199219,120.49076843261719,30.93064308166504,145.40054321289062,129.3033905029297,46.344295501708984,240.60191345214844,30.99618911743164,140.83639526367188,399.57830810546875,48.3340950012207,4158.77001953125
2023-05-18,172.78892517089844,26.337438583374023,479.23974609375,79.26268005371094,122.51416778564453,31.15873908996582,144.93414306640625,130.28402709960938,46.41958236694336,244.9279327392578,30.768457412719727,145.28604125976562,403.4275207519531,48.96118927001953,4198.0498046875
2023-05-19,172.8975067138672,26.004405975341797,477.71954345703125,78.91456604003906,122.24635314941406,31.215755462646484,145.32736206054688,129.98512268066406,46.711299896240234,243.7273406982422,31.013063430786133,144.5384521484375,402.84051513671875,48.456932067871094,4191.97998046875
2023-05-22,171.94989013671875,26.21717643737793,473.2455749511719,78.68572235107422,124.84503936767578,31.386829376220703,144.544189453125,128.9111328125,47.03123092651367,246.38648986816406,32.68305969238281,145.03793334960938,403.00408935546875,48.03025436401367,4192.6298828125
2023-05-23,169.34397888183594,26.4392032623291,466.5106506347656,76.80516052246094,122.28604888916016,31.085418701171875,144.4888916015625,127.56621551513672,46.20315170288086,244.8188018798828,33.433712005615234,143.24563598632812,398.4812316894531,47.93974685668945,4145.580078125
2023-05-24,169.62039184570312,25.99515151977539,464.4805603027344,76.14842224121094,120.64948272705078,30.303403854370117,144.35067749023438,126.39881134033203,46.636009216308594,247.26954650878906,32.581844329833984,140.6829071044922,395.59442138671875,47.71994400024414,4115.240234375
2023-05-25,170.7555389404297,26.059913635253906,468.12701416015625,79.4618148803711,123.33740234375,30.612953186035156,142.27748107910156,126.70701599121094,46.014957427978516,250.72244262695312,31.907102584838867,150.05242919921875,399.0201721191406,47.24478530883789,4151.27978515625
2023-05-26,173.16397094726562,26.18942642211914,488.0528869628906,78.03895568847656,124.40862274169922,30.80845069885254,142.22218322753906,127.89312744140625,44.518760681152344,259.9996643066406,31.713102340698242,159.85939025878906,404.1877136230469,47.328826904296875,4205.4501953125
2023-05-30,175.00985717773438,26.143171310424805,488.79376220703125,77.57130432128906,123.62504577636719,30.482614517211914,142.24061584472656,128.37879943847656,43.2484016418457,260.4758605957031,31.21548843383789,159.72557067871094,404.34173583984375,47.21245574951172,4205.52001953125
2023-05-31,174.9604949951172,25.708375930786133,492.1900939941406,79.11357879638672,122.36539459228516,29.993846893310547,142.8763885498047,126.74441528320312,42.655582427978516,262.6587829589844,32.06734848022461,155.62515258789062,402.0995788574219,47.47427749633789,4179.830078125
2023-06-01,177.76382446289062,25.904197692871094,493.190673828125,79.43199157714844,123.35723876953125,30.482614517211914,142.397216796875,128.49085998535156,42.025108337402344,270.48736572265625,32.06734848022461,158.30213928222656,405.9198913574219,47.648826599121094,4221.02001953125
2023-06-02,178.61268615722656,26.77140235900879,493.1810607910156,79.5712890625,124.21024322509766,30.80845069885254,144.63633728027344,131.18992614746094,43.21076965332031,270.48736572265625,32.35411834716797,157.92996215820312,411.78997802734375,48.10459899902344,4282.3701171875
2023-06-05,177.26039123535156,26.612878799438477,498.62677001953125,80.08868408203125,125.59883117675781,30.735145568847656,145.88023376464844,129.90110778808594,43.42719650268555,269.2768859863281,32.598716735839844,155.4847869873047,411.00091552734375,48.4213752746582,4273.7900390625
2023-06-06,176.89520263671875,27.256284713745117,496.71209716796875,82.51652526855469,126.86841583251953,31.118009567260742,145.75123596191406,130.1345672607422,43.351924896240234,269.00897216796875,32.362552642822266,157.3619384765625,411.8958435058594,48.41490936279297,4283.85009765625
2023-06-07,175.5231170654297,27.48940658569336,491.87255859375,80.07874298095703,121.93888854980469,31.264638900756836,146.0645294189453,131.3953857421875,42.77790069580078,261.54754638671875,32.80113220214844,157.1301727294922,410.47161865234375,48.486026763916016,4267.52001953125
2023-06-08,178.2376251220703,27.256284713745117,500.3970947265625,77.36235809326172,121.67108917236328,31.321657180786133,147.66778564453125,131.4327392578125,43.060203552246094,262.5198059082031,32.96982192993164,158.73855590820312,412.9543762207031,49.18745422363281,4293.93017578125
2023-06-09,178.6226043701172,27.2935848236084,497.6934509277344,76.71558380126953,121.86947631835938,31.321657180786133,147.4374542236328,131.6942596435547,43.44601821899414,262.8869934082031,32.86861801147461,159.156982421875,413.6953125,49.484832763671875,4298.85986328125
2023-06-12,181.41604614257812,27.16303825378418,501.2437438964844,77.8797607421875,123.33740234375,31.028406143188477,147.33609008789062,131.68492126464844,43.64362716674805,268.9394836425781,33.65300750732422,164.28285217285156,417.4483642578125,49.81131362915039,4338.93017578125
2023-06-13,180.94223022460938,27.414806365966797,502.25396728515625,77.40216064453125,123.41676330566406,31.329803466796875,148.11009216308594,132.6375274658203,44.095306396484375,269.2074279785156,33.97350311279297,166.48294067382812,420.20050048828125,50.19919204711914,4369.009765625
2023-06-14,181.5739288330078,27.153717041015625,507.2378845214844,78.13846588134766,123.3671646118164,31.484577178955078,148.86566162109375,132.14254760742188,44.42466354370117,271.22161865234375,33.19755172729492,168.84645080566406,420.700927734375,50.706687927246094,4372.58984375
2023-06-15,183.60733032226562,27.3868350982666,509.1429138183594,78.70561981201172,124.76568603515625,31.810422897338867,150.8651580810547,133.63681030273438,43.229583740234375,279.6355895996094,33.5264892578125,167.45054626464844,425.9165954589844,50.98467254638672,4425.83984375
2023-06-16,182.5314178466797,27.2189884185791,503.822265625,78.25785827636719,123.04976654052734,31.916324615478516,151.3258514404297,133.7955780029297,43.44601821899414,278.8120422363281,33.78794860839844,165.90431213378906,424.4658508300781,50.27354049682617,4409.58984375
2023-06-20,182.6202392578125,26.920595169067383,500.02178955078125,78.5066146850586,122.84148406982422,32.07109832763672,151.23373413085938,133.11383056640625,43.12607955932617,282.1160888671875,33.18068313598633,164.56072998046875,422.2636413574219,49.83070755004883,4388.7099609375
2023-06-21,181.58383178710938,26.640853881835938,499.94482421875,79.2230453491211,120.27257537841797,32.11182403564453,151.00338745117188,132.91769409179688,42.98493194580078,279.447021484375,32.8095703125,160.54959106445312,420.1001281738281,49.92767333984375,4365.68994140625
2023-06-22,184.58457946777344,26.07204246520996,504.3514709472656,79.81006622314453,122.861328125,31.52531623840332,152.60665893554688,130.35873413085938,43.351924896240234,282.661865234375,32.66618728637695,161.2982177734375,421.61651611328125,50.34465789794922,4381.89013671875
2023-06-23,184.26869201660156,25.876220703125,504.5824279785156,79.42202758789062,122.01824188232422,31.14244842529297,152.4776611328125,129.6769561767578,43.41779327392578,286.4818420410156,32.30351257324219,158.4573974609375,418.4291076660156,50.250911712646484,4348.330078125
2023-06-26,182.87689208984375,26.19326400756836,503.6010437011719,77.41210174560547,118.1202392578125,31.337947845458984,150.7730255126953,129.99447631835938,43.89769744873047,276.3016662597656,31.11426544189453,158.9706573486328,416.7195129394531,50.11838912963867,4328.81982421875
2023-06-27,185.63087463378906,26.333133697509766,510.2493896484375,76.68573760986328,118.0408935546875,31.7778377532959,150.45973205566406,130.0038299560547,44.0106201171875,284.8149108886719,30.717851638793945,164.52474975585938,421.2881774902344,49.937374114990234,4378.41015625
2023-06-28,186.8054962158203,26.17461395263672,512.6258544921875,76.80516052246094,120.09403991699219,31.688232421875,150.15567016601562,129.4341278076172,44.38701629638672,283.06866455078125,30.608211517333984,163.25637817382812,421.5005798339844,50.208900451660156,4376.85986328125
2023-06-29,187.14108276367188,26.724775314331055,511.5578308105469,78.2877197265625,119.03274536132812,31.948909759521484,151.20611572265625,133.95436096191406,43.58717346191406,279.337890625,30.46482276916504,163.30213928222656,423.1619567871094,49.86948776245117,4396.43994140625
2023-06-30,191.46450805664062,26.752750396728516,517.99462890625,80.83494567871094,119.98493194580078,32.27474594116211,152.51449584960938,135.83154296875,44.227046966552734,284.7454528808594,30.937143325805664,165.8258514404297,428.155517578125,50.80689239501953,4450.3798828125
2023-07-03,189.97402954101562,27.228315353393555,520.5537719726562,80.28768920898438,119.57826232910156,32.54357147216797,150.5150146484375,136.92425537109375,44.641090393066406,283.7929382324219,30.911849975585938,167.30018615722656,428.6481628417969,51.136592864990234,4455.58984375
2023-07-05,188.8585968017578,27.11641502380371,520.6403198242188,80.24787902832031,121.63140869140625,32.23401641845703,150.01744079589844,136.0121307373047,44.26469039916992,292.077880859375,30.7515869140625,163.60289001464844,428.0106506347656,51.107505798339844,4446.81982421875
2023-07-06,189.33242797851562,26.370433807373047,517.0228271484375,78.72551727294922,119.94525909423828,31.769691467285156,148.9025115966797,134.6674346923828,44.499935150146484,289.71649169921875,30.051544189453125,161.54010009765625,424.6590270996094,50.78425598144531,4411.58984375
2023-07-07,188.21702575683594,26.60355567932129,505.1693115234375,79.2230453491211,119.16168212890625,31.989635467529297,146.73716735839844,135.7300567626953,44.38701629638672,288.267822265625,29.967199325561523,161.60877990722656,423.5869445800781,49.6141357421875,4398.9501953125
2023-07-10,186.17376708984375,26.724775314331055,507.0550231933594,80.25785827636719,115.91832733154297,31.843006134033203,146.97671508789062,136.49171447753906,44.114131927490234,291.8100280761719,30.093717575073242,164.97259521484375,424.6590270996094,50.06343460083008,4409.52978515625
2023-07-11,185.65061950683594,27.060466766357422,509.5856018066406,80.85484313964844,116.75147247314453,31.810422897338867,146.1658935546875,138.6262969970703,44.7634162902832,295.9674377441406,30.380475997924805,164.97914123535156,427.3634338378906,49.98908615112305,4439.259765625
2023-07-12,187.3188018798828,27.37751007080078,517.6288452148438,81.28270721435547,118.64592742919922,32.657615661621094,145.65908813476562,139.3127899169922,44.556396484375,306.9313659667969,30.35518455505371,168.05206298828125,430.8020324707031,50.115150451660156,4472.16015625
2023-07-13,188.078857421875,27.666574478149414,518.06201171875,80.99415588378906,123.81350708007812,33.0323371887207,146.3317413330078,139.98983764648438,44.227046966552734,310.96966552734375,30.41421890258789,171.52378845214844,434.22125244140625,49.82101058959961,4510.0400390625
2023-07-14,188.22691345214844,27.144390106201172,525.99951171875,81.41205596923828,124.67640686035156,32.87755584716797,147.30845642089844,140.8361358642578,43.7000846862793,306.4649658203125,30.633506774902344,169.3793182373047,433.9508056640625,49.9923210144043,4505.419921875
2023-07-17,191.48426818847656,27.414806365966797,532.0223999023438,80.78519439697266,124.04163360595703,33.1789665222168,146.5712890625,144.23080444335938,43.794185638427734,308.2013854980469,30.24553108215332,173.4329376220703,435.4575500488281,50.05373001098633,4522.7900390625
2023-07-18,191.2276153564453,28.627029418945312,532.628662109375,82.0588150024414,123.06961059570312,33.36631774902344,146.56207275390625,144.49411010742188,43.4836540222168,309.62030029296875,30.566038131713867,173.75331115722656,438.6932373046875,49.963233947753906,4554.97998046875
2023-07-19,192.57992553710938,29.400981903076172,533.1290283203125,81.34242248535156,121.78018188476562,33.22784423828125,146.2672576904297,145.0489044189453,44.208229064941406,313.5494384765625,30.734725952148438,171.69049072265625,439.66876220703125,49.979393005371094,4565.72021484375
2023-07-20,190.63540649414062,29.550180435180664,535.8709716796875,81.47180938720703,118.55664825439453,33.724754333496094,155.14979553222656,146.8355712890625,45.036312103271484,300.1644287109375,31.013063430786133,165.44662475585938,436.7518615722656,50.90385437011719,4534.8701171875
2023-07-21,189.4607391357422,29.82059669494629,536.737060546875,82.24819946289062,119.3302993774414,33.7003059387207,156.81759643554688,145.70716857910156,45.15864181518555,291.9687194824219,31.544418334960938,166.94058227539062,436.7518615722656,51.19154357910156,4536.33984375
2023-07-24,190.26028442382812,30.445358276367188,542.5772094726562,80.25745391845703,120.88752746582031,33.7003059387207,157.63763427734375,148.5752410888672,45.8643913269043,289.33941650390625,31.63719940185547,166.93402099609375,438.7029113769531,51.49215316772461,4554.64013671875
2023-07-25,191.11904907226562,29.979116439819336,543.789306640625,79.8393783569336,121.79011535644531,33.83879470825195,158.84469604492188,147.46560668945312,45.81734085083008,292.17718505859375,31.25765609741211,169.74215698242188,439.900634765625,51.45013427734375,4567.4599609375
2023-07-26,191.9876708984375,30.221559524536133,544.7323608398438,77.07222747802734,128.60415649414062,34.14020538330078,159.14878845214844,148.34950256347656,45.836158752441406,296.2452087402344,31.38416862487793,167.39825439453125,439.96832275390625,51.63438415527344,4566.75
2023-07-27,190.72421264648438,29.79262351989746,540.556640625,76.50486755371094,128.81246948242188,33.578121185302734,160.0425567626953,146.7133026123047,45.262149810791016,309.2829284667969,30.872467041015625,170.5463409423828,437.05133056640625,51.446895599365234,4537.41015625
2023-07-28,193.30050659179688,29.745996475219727,541.990234375,77.51020050048828,131.92686462402344,33.99357223510742,160.77049255371094,147.5502471923828,45.65737533569336,322.9456787109375,30.761598587036133,174.26980590820312,441.33013916015625,51.6893424987793,4582.22998046875
2023-07-31,193.91250610351562,29.839248657226562,539.4405517578125,77.63959503173828,132.02609252929688,34.0343017578125,154.3665771484375,148.53758239746094,45.770286560058594,316.1192321777344,30.75307273864746,174.9922637939453,442.17041015625,51.67317199707031,4588.9599609375
2023-08-01,193.08335876464844,29.484909057617188,534.4373168945312,77.33103942871094,130.81600952148438,34.384578704833984,155.61973571777344,147.80413818359375,45.67618942260742,320.1972351074219,30.369298934936523,175.10340881347656,440.9051513671875,51.430747985839844,4576.72998046875
2023-08-02,190.0924835205078,29.083940505981445,531.435546875,76.23609924316406,127.59246063232422,33.12194061279297,156.55960083007812,146.13027954101562,46.127872467041016,311.8626403808594,30.147560119628906,168.40185546875,434.7718505859375,51.46629333496094,4513.39013671875
2023-08-03,188.70068359375,29.289087295532227,536.5734252929688,75.66874694824219,127.72142028808594,33.390769958496094,157.23220825195312,147.02365112304688,46.48545455932617,310.7514343261719,29.849071502685547,167.97035217285156,433.5257873535156,51.47922897338867,4501.89013671875
2023-08-04,179.63929748535156,29.18651008605957,531.1373291015625,75.5492935180664,127.49327087402344,33.22784423828125,155.7579345703125,146.7133026123047,46.57014465332031,308.3105163574219,29.866130828857422,167.70553588867188,431.56512451171875,51.181846618652344,4478.02978515625
2023-08-07,176.53985595703125,29.727346420288086,537.26611328125,75.24072265625,130.8656005859375,33.822505950927734,159.49891662597656,147.4091796875,46.767757415771484,314.09515380859375,30.428998947143555,169.47084045410156,435.3320007324219,51.876808166503906,4518.43994140625
2023-08-08,177.47755432128906,29.158540725708008,535.0628662109375,73.58840942382812,130.76641845703125,33.325592041015625,159.57264709472656,146.58168029785156,45.986717224121094,310.2056579589844,30.39488410949707,166.77386474609375,433.43890380859375,51.928524017333984,4499.3798828125
2023-08-09,175.8883819580078,28.776226043701172,538.5072631835938,73.57844543457031,129.09017944335938,33.22784423828125,159.47129821777344,144.61634826660156,46.35371017456055,302.8335266113281,30.56545066833496,163.7140350341797,430.5412292480469,52.012569427490234,4467.7099609375
2023-08-10,175.67117309570312,28.85082244873047,540.2294311523438,71.9659423828125,129.14968872070312,33.30207443237305,158.64198303222656,144.4000701904297,46.184326171875,303.35943603515625,30.46311378479004,163.05368041992188,430.6957702636719,51.98661804199219,4468.830078125
2023-08-11,175.73049926757812,29.177188873291016,541.643798828125,71.25920867919922,129.11001586914062,33.07939147949219,160.19000244140625,145.2369842529297,46.09022903442383,299.2913513183594,30.736019134521484,159.10142517089844,430.4446105957031,52.29154968261719,4464.0498046875
2023-08-14,177.3811798095703,28.84149742126465,540.2102661132812,71.46824645996094,130.75650024414062,32.80723190307617,159.81222534179688,145.53790283203125,45.9671745300293,303.805908203125,30.761598587036133,163.691162109375,432.82073974609375,51.90228271484375,4489.72021484375
2023-08-15,175.3944091796875,27.918344497680664,537.3623657226562,70.21406555175781,129.2091827392578,31.85055923461914,159.35150146484375,141.83290100097656,45.389739990234375,299.59893798828125,30.181673049926758,160.95822143554688,427.77886962890625,51.63627624511719,4437.85986328125
2023-08-16,174.52462768554688,27.31223487854004,537.8818359375,70.34346771240234,128.05865478515625,31.330997467041016,158.84469604492188,141.2310791015625,44.509395599365234,291.99853515625,30.2584285736084,157.84283447265625,424.6397399902344,51.662235260009766,4404.330078125
2023-08-17,171.98440551757812,27.302907943725586,526.39404296875,68.07400512695312,129.39767456054688,31.281513214111328,160.33740234375,139.76414489746094,44.24435043334961,282.87017822265625,31.136842727661133,156.29983520507812,421.4040222167969,50.5041618347168,4370.35986328125
2023-08-18,172.46873474121094,27.144390106201172,524.30615234375,68.04413604736328,127.06678771972656,31.058839797973633,158.93685913085938,140.0838623046875,45.030029296875,281.0445251464844,31.2647705078125,157.13995361328125,421.6069030761719,51.23079299926758,4369.7099609375
2023-08-21,173.8031005859375,27.181690216064453,522.6417236328125,68.65132904052734,127.880126953125,31.1330623626709,154.2007293701172,140.56344604492188,44.85964584350586,287.6427307128906,31.563270568847656,161.654541015625,424.3499450683594,51.09455871582031,4399.77001953125
2023-08-22,175.17698669433594,26.51963233947754,517.9849853515625,68.61151885986328,128.6339111328125,30.827917098999023,152.97525024414062,137.64833068847656,44.49992752075195,285.3606262207031,31.418277740478516,160.22923278808594,423.20050048828125,50.93235778808594,4387.5498046875
2023-08-23,179.02194213867188,26.52895736694336,520.3806762695312,68.67122650146484,132.12525939941406,31.017601013183594,151.60231018066406,138.57928466796875,44.42420196533203,291.94891357421875,31.2647705078125,163.5048370361328,427.9140625,51.28593826293945,4436.009765625
2023-08-24,174.33685302734375,26.687477111816406,512.5436401367188,68.11382293701172,129.3579864501953,30.968120574951172,152.11831665039062,138.44766235351562,44.00769805908203,284.51727294921875,30.838350296020508,158.10108947753906,421.9835510253906,50.8934326171875,4376.31005859375
2023-08-25,176.54100036621094,26.575578689575195,514.7607421875,68.2730712890625,129.6257781982422,30.935129165649414,154.29937744140625,138.27838134765625,44.05502700805664,283.2769775390625,31.02597427368164,158.78103637695312,424.9584655761719,51.19511032104492,4405.7099609375
2023-08-28,178.1027069091797,26.818021774291992,516.8621215820312,68.98973083496094,130.71681213378906,31.306251525878906,152.48023986816406,138.7579803466797,44.14022445678711,287.9999694824219,30.880998611450195,160.79148864746094,427.6532897949219,51.487064361572266,4433.31005859375
2023-08-29,181.98715209960938,27.20033836364746,523.2049560546875,70.15433502197266,134.38671875,31.512432098388672,152.4988250732422,139.8863983154297,44.00769805908203,295.6697082519531,30.82982635498047,165.0150909423828,433.8349304199219,51.91850280761719,4497.6298828125
2023-08-30,185.4762725830078,27.079116821289062,522.7133178710938,70.06475067138672,135.81495666503906,31.347492218017578,151.9605255126953,139.32220458984375,44.036094665527344,292.80224609375,30.61662483215332,165.79315185546875,435.6217956542969,52.29154968261719,4514.8701171875
2023-08-31,185.69371032714844,26.956884384155273,529.4802856445312,70.1244888305664,136.23155212402344,30.77843475341797,150.05784606933594,137.60134887695312,43.91304016113281,293.5860900878906,30.173147201538086,166.94058227539062,434.98431396484375,52.748931884765625,4507.66015625
2023-09-01,187.26531982421875,27.24835968017578,524.6316528320312,68.93001556396484,135.68605041503906,30.968120574951172,148.94412231445312,138.06211853027344,43.524932861328125,294.0722961425781,30.514278411865234,167.37538146972656,435.795654296875,52.41157913208008,4515.77001953125
2023-09-05,187.50253295898438,26.938079833984375,525.0943603515625,67.34737396240234,135.59677124023438,30.69596290588379,149.12977600097656,136.53872680664062,42.616188049316406,297.81292724609375,30.173147201538086,167.31979370117188,433.91217041015625,51.9898681640625,4496.830078125
2023-09-06,180.7911834716797,26.693614959716797,526.9837036132812,66.67051696777344,134.26766967773438,30.49802589416504,146.6516876220703,136.31304931640625,42.74871826171875,296.8406066894531,29.31178855895996,166.11024475097656,430.9952087402344,52.37913513183594,4465.47998046875
2023-09-07,175.503173828125,26.44915008544922,528.8440551757812,65.59550476074219,135.0908966064453,30.407306671142578,148.5264892578125,135.1470184326172,43.09894943237305,296.344482421875,29.235036849975586,162.308349609375,429.67193603515625,53.02791213989258,4451.14013671875
2023-09-08,176.11598205566406,26.665407180786133,531.3215942382812,64.60012817382812,136.082763671875,30.489782333374023,149.01837158203125,135.25045776367188,44.43366622924805,295.5705261230469,29.209449768066406,161.46820068359375,430.3191223144531,53.1252326965332,4457.490234375
2023-09-11,177.28231811523438,26.778234481811523,538.637939453125,66.31218719482422,136.61837768554688,30.902143478393555,150.96743774414062,135.8428955078125,43.00429916381836,305.16522216796875,28.945072174072266,161.3766632080078,433.149169921875,53.31012725830078,4487.4599609375
2023-09-12,174.2577667236328,27.23896026611328,538.6475830078125,65.09780883789062,134.9619903564453,31.256771087646484,151.8212890625,137.61073303222656,43.240943908691406,299.3111572265625,29.124164581298828,160.00692749023438,430.7731018066406,53.3685188293457,4461.89990234375
2023-09-13,172.19198608398438,27.154335021972656,539.5825805664062,64.2318344116211,136.38034057617188,31.78458595275879,152.2018280029297,137.6765594482422,42.70138168334961,302.6847229003906,29.064468383789062,160.8274383544922,431.27532958984375,53.381492614746094,4467.43994140625
2023-09-14,173.70425415039062,27.455215454101562,544.4120483398438,65.69503784179688,137.8582000732422,32.46910095214844,151.96981811523438,140.34716796875,43.3450813293457,309.2928466796875,29.124164581298828,161.97816467285156,434.9939270019531,53.60532760620117,4505.10009765625
2023-09-15,172.98268127441406,27.116724014282227,536.3051147460938,66.1230697631836,137.173828125,32.386634826660156,149.84439086914062,139.9334259033203,43.84677505493164,297.9716796875,29.05594253540039,157.3034210205078,429.75299072265625,53.40745162963867,4450.31982421875
2023-09-18,175.9084014892578,27.041505813598633,542.4358520507812,65.97374725341797,137.8284454345703,32.18045425415039,150.79107666015625,140.2248992919922,44.05502700805664,300.1941833496094,28.689224243164062,157.8395538330078,430.0050354003906,53.01169204711914,4453.52978515625
2023-09-19,176.9956817626953,26.938079833984375,544.0071411132812,65.81451416015625,137.6995086669922,32.53507995605469,150.54049682617188,140.04627990722656,43.629051208496094,302.6946105957031,28.987716674804688,156.5090789794922,429.11328125,52.99871826171875,4443.9501953125
2023-09-20,173.45716857910156,26.844051361083984,543.5059814453125,64.7096176147461,133.4940185546875,32.25468063354492,151.199462890625,139.45384216308594,43.7142448425293,297.336669921875,28.672164916992188,153.93955993652344,425.16827392578125,53.1706428527832,4402.2001953125
2023-09-21,171.91519165039062,26.373931884765625,535.0713500976562,63.594791412353516,130.29029846191406,32.378387451171875,150.03927612304688,138.36300659179688,43.26934814453125,293.4273376464844,28.015485763549805,151.0987548828125,418.1409606933594,52.525108337402344,4330.0
2023-09-22,172.7652587890625,25.988428115844727,538.454833984375,64.03276824951172,130.18121337890625,32.60930252075195,148.96270751953125,137.03712463378906,43.222015380859375,296.7512512207031,27.879032135009766,152.35736083984375,417.20074462890625,52.66460037231445,4320.06005859375
2023-09-25,174.04031372070312,25.950820922851562,538.4837646484375,66.17282104492188,131.0937042236328,32.510337829589844,148.7399444580078,137.7141571044922,43.26934814453125,298.48760986328125,28.126354217529297,153.4720916748047,418.95513916015625,52.898162841796875,4337.43994140625
2023-09-26,169.96804809570312,25.546518325805664,533.0276489257812,65.9040756225586,128.39588928222656,32.139217376708984,147.589111328125,136.2848358154297,42.7392463684082,296.6322021484375,27.631710052490234,150.68545532226562,412.8002014160156,52.7132568359375,4273.52978515625
2023-09-27,168.45574951171875,25.64053726196289,543.2166137695312,67.96450805664062,130.3895263671875,32.2959098815918,145.81639099121094,137.08413696289062,42.105018615722656,295.421630859375,27.37586212158203,152.01416015625,412.9649353027344,52.46022415161133,4274.509765625
2023-09-28,168.71275329589844,25.913209915161133,548.1328735351562,69.45758056640625,132.04591369628906,32.724761962890625,145.60293579101562,138.78616333007812,42.68244934082031,301.5932312011719,27.367334365844727,154.82901000976562,415.3591003417969,52.726234436035156,4299.7001953125
2023-09-29,169.2267608642578,25.743968963623047,544.5950927734375,67.72562408447266,130.77633666992188,32.5433235168457,144.5541534423828,136.36947631835938,42.36060333251953,297.8724365234375,28.28839111328125,155.38998413085938,414.35101318359375,51.879573822021484,4288.0498046875
2023-10-02,171.73728942871094,25.104597091674805,550.7161254882812,67.52652740478516,134.06932067871094,32.18045425415039,143.9972686767578,135.1940460205078,41.67904281616211,304.43096923828125,28.945072174072266,156.174072265625,414.1862487792969,51.93471908569336,4288.39013671875
2023-10-03,170.40292358398438,24.36180305480957,544.6722412109375,66.67051696777344,132.2145233154297,32.42786407470703,144.17361450195312,134.19728088378906,41.90623474121094,298.59674072265625,28.91095733642578,152.9425811767578,408.64190673828125,51.60708236694336,4229.4501953125
2023-10-04,171.64833068847656,24.390010833740234,551.1886596679688,67.56635284423828,135.16033935546875,32.419620513916016,144.34068298339844,134.7991180419922,42.54045486450195,303.20062255859375,28.407791137695312,154.9733428955078,411.61767578125,52.22666931152344,4263.75
2023-10-05,172.88388061523438,24.502840042114258,548.9909057617188,67.28765869140625,134.8826446533203,32.80723190307617,145.84423828125,135.36746215820312,41.79264831542969,302.4167785644531,28.544246673583984,154.22206115722656,411.4625244140625,51.60384750366211,4258.18994140625
2023-10-06,175.43399047851562,24.512237548828125,537.4329223632812,68.1436767578125,137.60031127929688,33.38453674316406,146.30828857421875,137.45150756835938,41.13001251220703,312.9739685058594,28.25428009033203,157.53558349609375,416.3477783203125,50.73772430419922,4308.5
2023-10-09,176.91661071777344,24.737899780273438,538.8211059570312,67.48673248291016,138.36404418945312,32.790740966796875,147.14358520507812,137.138916015625,42.237545013427734,315.8811340332031,28.313980102539062,157.1418914794922,419.0133361816406,50.55282211303711,4335.66015625
2023-10-10,176.32357788085938,25.396074295043945,541.8286743164062,67.87492370605469,138.0664825439453,33.425777435302734,146.9765167236328,137.97251892089844,42.44579315185547,319.3340148925781,28.28839111328125,159.15623474121094,421.1941833496094,51.12375259399414,4358.240234375
2023-10-11,177.7172088623047,25.40547752380371,545.1349487304688,67.46681213378906,140.54611206054688,33.673187255859375,144.95323181152344,138.44615173339844,41.83050537109375,325.26751708984375,28.23722267150879,160.3536834716797,422.9195251464844,51.32810592651367,4376.9501953125
2023-10-12,178.61669921875,25.292646408081055,543.457763671875,66.20269775390625,139.14759826660156,33.23609161376953,145.0924530029297,138.12408447265625,41.89676284790039,321.6359558105469,28.075180053710938,160.76376342773438,420.3411865234375,51.561676025390625,4349.60986328125
2023-10-13,176.77825927734375,25.161012649536133,546.4074096679688,66.80986785888672,137.45152282714844,32.78248596191406,145.57508850097656,140.19863891601562,41.80210876464844,312.23968505859375,27.3843936920166,156.38726806640625,418.2475280761719,51.847137451171875,4327.77978515625
2023-10-16,176.6497344970703,25.377269744873047,551.6127319335938,66.57098388671875,139.34597778320312,33.06290054321289,146.20619201660156,140.05654907226562,41.925167083740234,318.6493835449219,28.37367820739746,158.60179138183594,422.64813232421875,52.294795989990234,4373.6298828125
2023-10-17,175.0979461669922,25.96962547302246,553.6370239257812,66.49134826660156,139.84188842773438,33.06290054321289,144.8697052001953,139.75340270996094,42.11448669433594,321.4772033691406,27.930204391479492,157.44371032714844,422.6287536621094,52.3629150390625,4373.2001953125
2023-10-18,173.8031005859375,25.67814826965332,553.92626953125,64.9286117553711,138.1458282470703,32.716522216796875,141.75123596191406,138.21881103515625,41.868370056152344,314.501953125,26.787410736083984,154.6059112548828,416.9971618652344,52.40184020996094,4314.60009765625
2023-10-19,173.42750549316406,25.349061965942383,545.2410278320312,65.17755889892578,137.84828186035156,32.25468063354492,141.37071228027344,137.6315155029297,42.12395095825195,310.3743591308594,26.59978675842285,152.22410583496094,413.3332214355469,52.152061462402344,4278.0
2023-10-20,170.8773956298828,24.737899780273438,532.9988403320312,63.783390045166016,135.62652587890625,31.08357810974121,142.00184631347656,135.4148406982422,41.773712158203125,306.2467346191406,26.139257431030273,150.02276611328125,408.2542419433594,51.50003433227539,4224.16015625
2023-10-23,170.99598693847656,24.0421199798584,532.3818359375,63.72364044189453,136.77706909179688,31.08357810974121,140.50753784179688,133.567626953125,41.0069580078125,311.56500244140625,26.301298141479492,149.1697998046875,407.5466003417969,52.22991180419922,4217.0400390625
2023-10-24,171.43089294433594,23.94809341430664,531.9481201171875,64.40079498291016,138.97897338867188,31.075334548950195,140.3590545654297,133.7286376953125,41.28147888183594,310.1163330078125,25.95163917541504,151.1939697265625,410.6192626953125,52.956546783447266,4247.68017578125
2023-10-25,169.1179656982422,24.023313522338867,530.1646728515625,64.24147033691406,125.63851928710938,30.99285888671875,140.6746063232422,132.9992218017578,41.925167083740234,297.1977233886719,26.207483291625977,145.0820770263672,404.72601318359375,52.79759979248047,4186.77001953125
2023-10-26,164.95677185058594,24.559253692626953,527.8610229492188,63.64397430419922,122.434814453125,30.745439529418945,138.2893524169922,133.3402557373047,42.37954330444336,286.10479736328125,26.574203491210938,144.21923828125,399.87957763671875,52.4764518737793,4137.22998046875
2023-10-27,166.27139282226562,23.66602325439453,523.4557495117188,62.83734893798828,122.3951416015625,30.275354385375977,135.13377380371094,128.53753662109375,42.05769729614258,294.41961669921875,25.678726196289062,145.77101135253906,398.0670166015625,52.28181838989258,4117.3701171875
2023-10-30,168.3173828125,24.15494728088379,534.8785400390625,62.907047271728516,124.72601318359375,29.706300735473633,136.46099853515625,130.17633056640625,42.549930572509766,300.30340576171875,26.053974151611328,143.81900024414062,402.8262023925781,52.88194274902344,4166.81982421875
2023-10-31,168.7918243408203,24.7661075592041,532.5264892578125,66.29290008544922,124.27967834472656,29.961965560913086,137.6768035888672,131.72987365722656,42.9474983215332,298.9241943359375,26.062501907348633,145.13453674316406,405.3560485839844,53.00844955444336,4193.7998046875
2023-11-01,171.9547576904297,24.822525024414062,536.729248046875,67.99578094482422,126.53118896484375,29.90423011779785,138.00164794921875,131.6162109375,42.966434478759766,309.4217834472656,26.019859313964844,148.54974365234375,409.6790771484375,53.4820671081543,4237.85986328125
2023-11-02,175.51307678222656,25.96962547302246,536.9127197265625,68.96173858642578,127.532958984375,30.5310115814209,139.44020080566406,133.9654998779297,42.97590255737305,308.449462890625,26.011335372924805,151.92556762695312,417.53033447265625,53.692909240722656,4317.77978515625
2023-11-03,174.60369873046875,26.721824645996094,541.6738891601562,71.27207946777344,129.30841064453125,30.877395629882812,140.4611358642578,135.46218872070312,42.9474983215332,312.150390625,26.659486770629883,155.9181671142578,421.3396301269531,53.413936614990234,4358.33984375
2023-11-06,177.15379333496094,26.637203216552734,550.2880859375,70.7940902709961,130.37960815429688,31.281513214111328,140.7952880859375,136.48529052734375,42.74871826171875,313.34100341796875,26.591257095336914,155.62950134277344,422.3088684082031,53.48530578613281,4365.97998046875
2023-11-07,179.71380615234375,26.477357864379883,551.6883544921875,70.40570068359375,131.32183837890625,31.08357810974121,140.0527801513672,136.4189453125,42.70138168334961,316.3375549316406,26.650957107543945,156.62026977539062,423.5107421875,53.735084533691406,4378.3798828125
2023-11-08,180.77142333984375,26.22348976135254,547.931640625,69.69866180419922,132.17483520507812,31.00110626220703,139.54232788085938,137.091552734375,41.527591705322266,317.2900390625,26.28424072265625,156.77772521972656,423.8210144042969,53.29715347290039,4382.77978515625
2023-11-09,180.2969970703125,25.885005950927734,543.9625244140625,68.02565002441406,130.6176300048828,30.900806427001953,136.8229217529297,136.6842041015625,41.5465202331543,318.0540771484375,25.653278350830078,156.0264434814453,420.5156555175781,53.17388916015625,4347.35009765625
2023-11-10,184.4834747314453,26.026037216186523,557.3377075195312,69.23062896728516,132.96832275390625,30.950958251953125,136.66517639160156,138.7113800048828,41.5465202331543,326.2101135253906,25.48041343688965,162.31883239746094,427.0777587890625,53.91025161743164,4415.240234375
2023-11-13,182.8999481201172,26.044845581054688,558.4097290039062,69.71858215332031,132.5517578125,31.276931762695312,137.01783752441406,138.09567260742188,41.82103729248047,326.6267395019531,25.048250198364258,160.7375030517578,426.670654296875,54.39358901977539,4411.5498046875
2023-11-14,185.51278686523438,27.47402000427246,570.548828125,71.90941619873047,134.32716369628906,31.661422729492188,137.0457000732422,140.61544799804688,42.154544830322266,333.69134521484375,25.290264129638672,166.68214416503906,434.9483947753906,54.38386154174805,4495.7001953125
2023-11-15,186.07691955566406,27.85011863708496,576.3239135742188,71.2222900390625,135.2694549560547,32.15456008911133,138.10372924804688,141.84693908691406,42.411808013916016,330.11944580078125,26.094087600708008,167.89273071289062,435.8692321777344,55.07481002807617,4502.8798828125
2023-11-16,187.7594757080078,27.774900436401367,558.7477416992188,71.6206283569336,137.570556640625,31.795146942138672,139.31027221679688,143.46676635742188,40.649024963378906,331.58782958984375,25.731069564819336,167.97471618652344,436.40234375,50.61770248413086,4508.240234375
2023-11-17,187.73968505859375,28.188610076904297,557.3668212890625,72.69612121582031,135.82489013671875,32.24650192260742,139.02256774902344,144.7646026611328,40.43939208984375,332.4312438964844,25.8607177734375,169.15577697753906,436.94512939453125,50.39386749267578,4514.02001953125
2023-11-20,189.4815673828125,28.216814041137695,560.8916625976562,73.0247573852539,136.79689025878906,32.3802375793457,140.2481689453125,145.20977783203125,40.896766662597656,337.3228759765625,25.91257667541504,171.64913940429688,440.30853271484375,50.37765121459961,4547.3798828125
2023-11-21,188.67990112304688,27.88772964477539,564.2716064453125,73.07453918457031,137.49118041992188,32.23814392089844,141.380126953125,144.90667724609375,40.98252487182617,334.35614013671875,26.189165115356445,168.44056701660156,439.3489990234375,50.55931091308594,4538.18994140625
2023-11-22,189.34300231933594,27.859519958496094,568.887939453125,73.29364013671875,138.8798065185547,31.795146942138672,141.0994873046875,145.24766540527344,41.754337310791016,338.8310241699219,26.206449508666992,168.97865295410156,441.045166015625,50.173282623291016,4556.6201171875
2023-11-24,188.0167999267578,27.953548431396484,571.0897216796875,73.40318298339844,137.09445190429688,32.27992630004883,142.67123413085938,145.44662475585938,42.09736633300781,335.596435546875,26.362028121948242,169.1000213623047,441.31658935546875,50.62418746948242,4559.33984375
2023-11-27,187.83863830566406,27.793703079223633,574.5084228515625,70.84387969970703,136.92584228515625,32.27157974243164,141.52984619140625,145.11509704589844,42.011619567871094,332.0939636230469,26.05086898803711,168.86380004882812,440.52178955078125,50.85450744628906,4550.43017578125
2023-11-28,188.44235229492188,27.765499114990234,573.6392822265625,67.8464126586914,137.49118041992188,32.254859924316406,141.85728454589844,145.44662475585938,41.84962463378906,336.35052490234375,25.661924362182617,167.87631225585938,440.95794677734375,51.46110916137695,4554.89013671875
2023-11-29,187.42295837402344,28.498889923095703,567.7096557617188,67.42814636230469,135.2892608642578,31.786794662475586,142.3063507080078,146.1855010986328,41.58281707763672,329.61334228515625,25.999008178710938,169.6970977783203,440.6477966308594,50.63067626953125,4550.580078125
2023-11-30,187.9969940185547,28.89694595336914,572.4224243164062,68.17504119873047,132.8294677734375,32.12112045288086,144.6920166015625,147.8527069091797,42.183128356933594,324.6026916503906,26.336097717285156,168.5127716064453,442.3827819824219,50.5041618347168,4567.7998046875
2023-12-01,189.2737274169922,29.342388153076172,575.8121337890625,69.12107849121094,132.23435974121094,32.3133659362793,148.17222595214844,148.5726776123047,42.4975700378418,322.2908020019531,24.987747192382812,169.3034210205078,444.9999084472656,50.06624221801758,4594.6298828125
2023-12-04,187.48233032226562,29.209699630737305,578.545166015625,69.08124542236328,129.56625366210938,32.05425262451172,148.64002990722656,149.66204833984375,42.564266204833984,317.5281982421875,25.307546615600586,167.4071807861328,442.6639099121094,50.05326843261719,4569.77978515625
2023-12-05,191.43128967285156,28.982242584228516,584.6001586914062,67.64723205566406,131.31195068359375,31.92051887512207,148.33128356933594,149.64308166503906,42.411808013916016,315.8116760253906,25.143327713012695,166.45578002929688,442.57672119140625,50.51713943481445,4567.18017578125
2023-12-06,190.34262084960938,28.934856414794922,586.6088256835938,67.7667465209961,130.35971069335938,32.19635009765625,146.5256805419922,148.0706024169922,42.44040298461914,314.97821044921875,24.884029388427734,165.42889404296875,440.79327392578125,49.96892547607422,4549.33984375
2023-12-07,192.27256774902344,29.058063507080078,590.00830078125,67.10948181152344,137.3225860595703,32.44709777832031,145.3843231201172,148.52529907226562,42.688140869140625,324.04705810546875,24.74573516845703,169.86441040039062,444.1566162109375,49.64006805419922,4585.58984375
2023-12-08,193.69778442382812,29.342388153076172,589.843994140625,68.23478698730469,135.52734375,32.773075103759766,144.4674530029297,150.1641082763672,42.478511810302734,330.1590881347656,24.875385284423828,171.20623779296875,446.0661315917969,49.119117736816406,4604.3701171875
2023-12-11,191.1938018798828,29.23813819885254,602.4757080078125,70.83390808105469,133.60311889648438,32.59755325317383,145.0662078857422,150.7135467529297,42.96446990966797,322.7472229003906,24.754375457763672,177.0458221435547,447.8011474609375,49.24284744262695,4622.43994140625
2023-12-12,192.70806884765625,29.133880615234375,607.9224243164062,71.75009155273438,132.5517578125,32.81486892700195,145.07557678222656,152.05870056152344,42.164066314697266,331.6176452636719,24.702518463134766,178.32205200195312,449.8463439941406,49.281925201416016,4643.7001953125
2023-12-13,195.9246368408203,30.365962982177734,619.9940185546875,73.87123107910156,132.87908935546875,32.998756408691406,145.7491455078125,152.57020568847656,42.61191177368164,332.1335754394531,23.043006896972656,181.06796264648438,456.0498046875,50.15776824951172,4707.08984375
2023-12-14,196.0730743408203,32.16668701171875,609.1585083007812,75.60397338867188,132.11534118652344,33.13248062133789,146.7595672607422,155.34576416015625,41.535179138183594,330.5758361816406,22.58491325378418,186.08746337890625,457.5133972167969,49.54564666748047,4719.5498046875
2023-12-15,195.5386505126953,31.844451904296875,636.2373657226562,74.69776916503906,132.7501220703125,32.472171783447266,145.15975952148438,156.52041625976562,42.03067398071289,332.3122253417969,23.017078399658203,186.77969360351562,456.7601623535156,49.73123550415039,4719.18994140625
2023-12-18,193.8759307861328,31.68333625793457,657.8888549804688,74.74754333496094,136.07284545898438,32.639347076416016,145.42173767089844,157.4676971435547,43.383724212646484,341.9366455078125,23.38873863220215,186.26133728027344,459.3294372558594,50.457313537597656,4740.56005859375
2023-12-19,194.91514587402344,31.7591552734375,654.5087890625,75.37493896484375,136.97543334960938,32.931888580322266,146.37599182128906,159.5706787109375,42.945411682128906,347.6319274902344,24.33949851989746,187.2553253173828,462.12261962890625,50.63964080810547,4768.3701171875
2023-12-20,192.8268280029297,31.25684928894043,638.3426513671875,75.12599182128906,138.52273559570312,32.67277526855469,143.39158630371094,157.7708282470703,42.87871551513672,346.56036376953125,23.88140106201172,181.70433044433594,455.7187805175781,50.04706573486328,4698.35009765625
2023-12-21,192.6783447265625,31.465351104736328,642.3600463867188,76.86869812011719,140.6453094482422,33.1993522644043,144.86038208007812,158.6707763671875,42.897769927978516,351.3329162597656,24.46915054321289,186.73370361328125,460.0398864746094,50.40195846557617,4746.75
2023-12-22,191.6094970703125,31.68333625793457,648.5794067382812,77.25707244873047,141.55783081054688,33.6590576171875,145.4404754638672,158.57603454589844,43.01211166381836,350.6383972167969,24.546939849853516,187.33193969726562,460.9644470214844,51.004310607910156,4754.6298828125
2023-12-26,191.0651397705078,32.09087371826172,651.4956665039062,77.81472778320312,141.65699768066406,33.89309310913086,146.0766143798828,159.51385498046875,43.08834457397461,352.0671691894531,24.55558204650879,190.64210510253906,462.9108581542969,50.92616653442383,4774.75
2023-12-27,191.16407775878906,32.07191467285156,658.5872802734375,77.34669494628906,140.2882537841797,34.04354476928711,146.2730712890625,160.47059631347656,43.07881164550781,355.0437927246094,24.72844886779785,191.13192749023438,463.747802734375,51.40479278564453,4781.580078125
2023-12-28,191.5896759033203,32.10982131958008,654.9329223632812,77.21723175048828,140.12954711914062,33.868019104003906,146.48825073242188,161.3231964111328,43.04069519042969,355.5300598144531,24.884029388427734,190.7736053466797,463.92303466796875,51.303855895996094,4783.35009765625
2023-12-29,190.55044555664062,31.910795211791992,651.9501953125,76.99815368652344,139.7823944091797,33.884735107421875,146.63795471191406,161.1337127685547,43.555240631103516,351.2038879394531,24.884029388427734,189.373291015625,462.5799255371094,51.32990646362305,4769.830078125
2024-01-02,183.7313232421875,32.128780364990234,642.6362915039062,76.05210876464844,138.42355346679688,33.53368377685547,149.65975952148438,163.0093536376953,44.088844299316406,343.5936279296875,25.69649314880371,182.55242919921875,459.9912414550781,51.86388397216797,4742.830078125
2024-01-03,182.35560607910156,31.77810287475586,636.7496948242188,75.79319763183594,139.217041015625,33.433387756347656,150.59532165527344,162.29888916015625,44.327056884765625,341.787841796875,25.69649314880371,178.630859375,456.2345886230469,51.86713409423828,4704.81005859375
2024-01-04,180.03964233398438,32.03400421142578,640.364501953125,76.25127410888672,136.91592407226562,33.6924934387207,150.2772216796875,163.37591552734375,43.73628616333008,344.417236328125,25.143327713012695,177.1285858154297,454.7650451660156,51.36572265625,4688.68017578125
2024-01-05,179.31716918945312,32.6310920715332,647.9302978515625,76.30106353759766,136.271240234375,34.051902770996094,150.74501037597656,164.1956024169922,43.87921905517578,349.2095947265625,25.471769332885742,178.1114501953125,455.3879089355469,51.02384948730469,4697.240234375
2024-01-08,183.65213012695312,32.37519454956055,653.540283203125,77.03799438476562,139.38565063476562,34.628631591796875,151.1192169189453,163.95729064941406,43.80298614501953,355.8673400878906,25.56684684753418,183.91331481933594,461.8890075683594,51.5252571105957,4763.5400390625
2024-01-09,183.23646545410156,31.872888565063477,658.962646484375,76.34089660644531,141.39913940429688,33.91817855834961,151.21278381347656,162.6610565185547,44.06026077270508,354.6468505859375,25.41126823425293,183.97576904296875,461.1882629394531,51.870391845703125,4756.5
2024-01-10,184.27566528320312,31.844451904296875,664.4739990234375,75.85293579101562,142.62905883789062,33.96831512451172,151.43731689453125,163.0041961669922,43.964969635009766,367.58538818359375,25.056894302368164,183.3577423095703,463.7965087890625,52.51506423950195,4783.4501953125
2024-01-11,183.6818084716797,31.417964935302734,665.2838745117188,75.9325942993164,142.5000762939453,32.94860076904297,150.76370239257812,162.31793212890625,43.68864059448242,366.7915954589844,24.546939849853516,184.03492736816406,463.59210205078125,52.45647048950195,4780.240234375
2024-01-12,184.0084228515625,31.086252212524414,674.8248901367188,75.8827896118164,143.06544494628906,32.91516876220703,151.9237823486328,161.1265411376953,43.86015319824219,371.5740966796875,24.806238174438477,183.22300720214844,463.9132995605469,52.524837493896484,4783.830078125
2024-01-16,181.74195861816406,30.44178009033203,673.0963745117188,74.68731689453125,142.90676879882812,31.71992301940918,150.17431640625,160.11622619628906,44.22224426269531,364.5988464355469,24.477794647216797,185.81985473632812,462.2100830078125,52.690887451171875,4765.97998046875
2024-01-17,180.80174255371094,30.138500213623047,675.76318359375,72.47567749023438,141.72640991210938,31.41066551208496,150.09011840820312,159.25839233398438,44.336585998535156,365.5017395019531,24.33085823059082,184.1171112060547,459.640869140625,52.44343948364258,4739.2099609375
2024-01-18,186.69058227539062,30.07215690612793,678.8447875976562,73.2427978515625,143.809326171875,31.669775009155273,150.81983947753906,159.5729217529297,43.97450256347656,373.2012939453125,24.27899932861328,190.195068359375,463.72833251953125,53.14997482299805,4780.93994140625
2024-01-19,189.59042358398438,30.536558151245117,686.4103393554688,73.83056640625,146.76504516601562,31.75336456298828,151.25953674316406,162.3274688720703,43.7744026184082,380.4643249511719,24.443222045898438,197.63389587402344,469.50927734375,52.86996841430664,4839.81005859375
2024-01-22,191.896484375,30.849313735961914,683.980712890625,74.35855102539062,146.50718688964844,32.03753662109375,151.9986114501953,162.13685607910156,43.76487731933594,378.8073425292969,24.46915054321289,198.28147888183594,470.50201416015625,52.87322235107422,4850.43017578125
2024-01-23,193.1732177734375,31.057817459106445,679.121337890625,73.39221954345703,147.4692840576172,32.12112045288086,149.51010131835938,161.0693359375,44.069793701171875,382.2007141113281,24.57286834716797,199.59632873535156,471.8741760253906,53.006717681884766,4864.60009765625
2024-01-24,192.5001983642578,31.25684928894043,678.0546264648438,71.28022003173828,149.1256866455078,32.388587951660156,148.71487426757812,162.50856018066406,43.92686080932617,387.6578674316406,24.48643684387207,202.502197265625,472.3900146484375,52.25784683227539,4868.5498046875
2024-01-25,192.17361450195312,31.645421981811523,671.5260620117188,72.59524536132812,152.38890075683594,32.59755325317383,149.27621459960938,164.834228515625,44.24130630493164,390.1185607910156,24.10041046142578,201.9401092529297,474.95928955078125,53.019737243652344,4894.16015625
2024-01-26,190.4415740966797,31.68333625793457,678.4199829101562,72.87418365478516,152.53765869140625,33.14084243774414,149.22006225585938,164.2051544189453,44.117431640625,391.07110595703125,24.10041046142578,196.4965362548828,474.3558654785156,53.4853401184082,4890.97021484375
2024-01-29,189.75868225097656,31.85392951965332,685.4622192382812,74.09954833984375,153.5791473388672,33.165916442871094,149.08908081054688,164.634033203125,44.336585998535156,397.8974914550781,24.10918426513672,198.54116821289062,478.1125183105469,53.736045837402344,4927.93017578125
2024-01-30,186.1066131591797,32.97228240966797,692.1093139648438,73.72098541259766,151.80372619628906,33.316368103027344,148.537109375,168.00811767578125,44.450931549072266,396.9449768066406,23.705608367919922,195.47422790527344,477.74273681640625,53.915122985839844,4924.97021484375
2024-01-31,182.5040283203125,32.2330322265625,686.3214721679688,73.08338928222656,140.6453094482422,32.87337875366211,148.6587371826172,166.1876678466797,43.964969635009766,387.1022033691406,23.75824737548828,192.6439971923828,469.9471740722656,53.804420471191406,4845.64990234375
2024-02-01,184.9387664794922,31.79706573486328,696.8261108398438,74.06964111328125,141.54791259765625,33.015472412109375,148.1535186767578,165.58717346191406,44.50811004638672,391.7061462402344,23.942487716674805,193.59725952148438,476.0979309082031,54.80073547363281,4906.18994140625
2024-02-02,183.93914794921875,31.72124671936035,701.771728515625,73.63131713867188,142.37112426757812,32.89009094238281,146.5163116455078,166.54029846191406,43.964969635009766,471.2915344238281,23.626646041870117,196.0692138671875,481.1099853515625,55.21098709106445,4958.60986328125
2024-02-05,185.7503204345703,31.266324996948242,703.4334716796875,73.13320922851562,143.7498321533203,32.88174057006836,145.75852966308594,166.3210906982422,43.82204818725586,455.83282470703125,23.310806274414062,198.74826049804688,479.3582458496094,54.91469955444336,4942.81005859375
2024-02-06,187.35366821289062,31.3137149810791,703.0675659179688,81.65095520019531,144.2259063720703,33.425025939941406,147.8728485107422,166.89295959472656,42.86919021606445,451.1793518066406,24.12672996520996,196.43081665039062,480.7499694824219,55.289119720458984,4954.22998046875
2024-02-07,187.46253967285156,31.4464054107666,711.9598388671875,81.52144622802734,145.4855499267578,33.391597747802734,147.79803466796875,167.20748901367188,42.516632080078125,465.9335632324219,24.17936897277832,199.4352569580078,484.7596435546875,55.14912414550781,4995.06005859375
2024-02-08,186.3837890625,31.3895320892334,716.292236328125,81.7505874633789,146.02117919921875,32.8065071105957,146.31985473632812,166.60702514648438,43.297969818115234,466.3403625488281,24.18814468383789,202.86378479003906,484.9737548828125,55.1458625793457,4997.91015625
2024-02-09,187.1468048095703,31.34214210510254,715.5406494140625,81.03329467773438,148.99673461914062,32.62262725830078,146.65664672851562,166.8071746826172,43.26939392089844,464.4651184082031,24.17936897277832,206.90370178222656,487.7765808105469,55.11656188964844,5026.60986328125
2024-02-12,185.46214294433594,31.863399505615234,714.561279296875,82.85639953613281,147.5188751220703,32.45545959472656,147.67640686035156,167.5506134033203,43.67911911010742,465.2489929199219,24.26710319519043,206.52894592285156,487.56243896484375,55.448665618896484,5021.83984375
2024-02-13,183.3711700439453,31.038864135742188,706.489990234375,81.99964141845703,145.17808532714844,32.30501174926758,146.38536071777344,166.0923309326172,43.42184066772461,456.5373229980469,23.661739349365234,202.2852325439453,480.84722900390625,55.070987701416016,4953.169921875
2024-02-14,182.48919677734375,31.399011611938477,714.333740234375,82.85639953613281,145.94183349609375,32.83994674682617,145.702392578125,167.7793731689453,43.81501770019531,469.5948791503906,23.784568786621094,206.85438537597656,485.2170104980469,54.89515686035156,5000.6201171875
2024-02-15,182.20181274414062,32.28990173339844,716.6384887695312,85.30712127685547,142.7678985595703,33.324729919433594,147.74188232421875,171.43939208984375,44.94659423828125,480.2611389160156,24.135501861572266,206.6571807861328,488.5648498535156,55.11981964111328,5029.72998046875
2024-02-16,180.66578674316406,32.3088493347168,716.1240234375,85.69564819335938,140.6056365966797,33.70085144042969,147.57220458984375,170.63876342773438,45.68498992919922,469.6346130371094,24.232009887695312,205.4869384765625,486.1319274902344,55.468204498291016,5005.56982421875
2024-02-20,179.92254638671875,32.185646057128906,717.8056030273438,86.06426239013672,141.0420684814453,34.14384841918945,148.80709838867188,171.30592346191406,46.03022384643555,468.0768127441406,24.205686569213867,202.0288543701172,483.45550537109375,57.258975982666016,4975.509765625
2024-02-21,180.6757354736328,31.939231872558594,715.1647338867188,84.65958404541016,142.668701171875,31.10976791381836,149.580078125,172.42112731933594,45.8480224609375,464.87841796875,24.275876998901367,201.56533813476562,483.8934020996094,56.55569076538086,4981.7998046875
2024-02-22,182.7071990966797,31.85392951965332,726.4210815429688,87.3095474243164,144.13665771484375,31.51932144165039,151.24855041503906,174.4894256591797,45.87678909301758,482.8565673828125,24.170595169067383,211.4991455078125,493.90789794921875,57.11246109008789,5087.02978515625
2024-02-23,180.8739013671875,32.14773178100586,729.91259765625,88.7341537475586,144.10687255859375,31.928882598876953,152.558837890625,175.3662872314453,46.23160171508789,480.7707214355469,24.354835510253906,209.21788024902344,494.2484436035156,57.161293029785156,5088.7998046875
2024-02-26,179.52615356445312,31.85392951965332,737.2520751953125,90.2783203125,137.6201629638672,31.828577041625977,151.56903076171875,174.7658233642578,45.32058334350586,478.49615478515625,23.84598159790039,211.2821807861328,492.4382629394531,58.21622085571289,5069.52978515625
2024-02-27,180.98289489746094,32.488922119140625,736.6190795898438,92.171142578125,138.9591522216797,32.06261444091797,151.74818420410156,174.8515625,46.385040283203125,483.7703857421875,23.591550827026367,211.0718231201172,493.3531188964844,58.20644760131836,5078.18017578125
2024-02-28,179.7838134765625,32.51736068725586,739.833740234375,92.66925811767578,136.31089782714844,32.17127990722656,152.28546142578125,175.7379913330078,46.53846740722656,480.7607421875,23.723155975341797,208.698486328125,492.70111083984375,58.235755920410156,5069.759765625
2024-02-29,179.11985778808594,32.94684982299805,735.8079223632812,90.93579864501953,138.6417694091797,32.74800109863281,152.12522888183594,177.33924865722656,47.574153900146484,486.8296813964844,23.302034378051758,214.35240173339844,494.4722900390625,57.249210357666016,5096.27001953125
2024-03-01,178.0396728515625,32.78459167480469,741.2975463867188,92.37039947509766,136.95559692382812,32.58082962036133,152.82278442382812,176.6053466796875,47.14262008666992,498.9176330566406,23.328351974487305,223.4742889404297,499.11456298828125,57.39572525024414,5137.080078125
2024-03-04,173.52084350585938,33.54814147949219,750.9318237304688,92.38035583496094,133.10719299316406,32.413665771484375,150.6735382080078,177.93019104003906,47.3440055847168,494.8353576660156,22.71422004699707,225.6700897216797,498.57928466796875,57.92318344116211,5130.9501953125
2024-03-05,168.5857391357422,33.77719497680664,751.6934814453125,91.46382904052734,132.69061279296875,32.539039611816406,150.79608154296875,179.71255493164062,47.449485778808594,486.91900634765625,22.88091278076172,221.24559020996094,493.5964050292969,58.6460075378418,5078.64990234375
2024-03-06,167.59475708007812,33.80583190917969,764.8389892578125,92.74895477294922,131.4805450439453,32.789794921875,150.2022247314453,180.6466064453125,48.41804122924805,492.7495422363281,23.854755401611328,226.68255615234375,496.09759521484375,59.1636962890625,5104.759765625
2024-03-07,167.47584533691406,34.006263732910156,777.0548706054688,92.31062316894531,134.1387176513672,32.96384048461914,149.75917053222656,179.06442260742188,53.20326614379883,508.7411193847656,23.503820419311523,234.4566650390625,501.0220642089844,58.95857238769531,5157.35986328125
2024-03-08,169.19021606445312,33.977630615234375,717.6770629882812,93.51605224609375,135.18017578125,32.58094024658203,150.37188720703125,179.3980255126953,53.67316436767578,502.5431213378906,23.881074905395508,224.96995544433594,498.0148010253906,58.72413635253906,5123.68994140625
2024-03-11,171.19203186035156,34.25441360473633,706.3218383789062,92.64933013916016,137.80862426757812,32.31117630004883,151.98382568359375,179.46473693847656,52.733375549316406,480.3337097167969,24.890010833740234,221.9818878173828,497.58660888671875,59.25161361694336,5117.93994140625
2024-03-12,171.66766357421875,34.321224212646484,728.8740844726562,91.47377014160156,138.48306274414062,33.076969146728516,153.40725708007812,180.9420928955078,53.04024887084961,496.3848876953125,24.574169158935547,226.5872039794922,502.9393310546875,59.98419189453125,5175.27001953125
2024-03-13,169.58665466308594,34.43575668334961,726.2232055664062,88.1463851928711,139.6237030029297,33.059566497802734,151.8612823486328,182.409912109375,53.778648376464844,492.2330322265625,24.75840950012207,221.06475830078125,502.1509704589844,59.85721206665039,5165.31005859375
2024-03-14,171.43975830078125,34.06352615356445,723.9977416992188,87.99694061279297,143.1646270751953,32.659263610839844,150.0796661376953,179.1597442626953,53.23202896118164,488.5181884765625,24.6794490814209,217.287841796875,501.1583251953125,59.806243896484375,5150.47998046875
2024-03-15,171.0631866455078,33.796295166015625,717.7462768554688,89.07286071777344,141.01229858398438,33.25101089477539,149.10873413085938,181.38052368164062,53.759464263916016,480.8402404785156,24.51275634765625,215.729736328125,497.7170715332031,59.47301483154297,5117.08984375
2024-03-18,172.1532440185547,34.36893844604492,723.5921630859375,90.2683334350586,147.2709197998047,33.433753967285156,147.77015686035156,183.62991333007812,53.884132385253906,493.633544921875,24.319740295410156,215.56207275390625,500.675048828125,59.64943313598633,5149.419921875
2024-03-19,174.49197387695312,34.38803482055664,724.2152709960938,90.43769836425781,146.7154541015625,33.50336837768555,147.25173950195312,184.70692443847656,54.1622314453125,492.89849853515625,24.240781784057617,213.75743103027344,503.4573669433594,59.65922546386719,5178.509765625
2024-03-20,177.05862426757812,35.07522201538086,732.6723022460938,90.54728698730469,148.4611358642578,33.990692138671875,146.8275146484375,187.1278839111328,54.49786376953125,502.1159973144531,24.302196502685547,217.39630126953125,508.11407470703125,60.03166961669922,5224.6201171875
2024-03-21,169.824462890625,35.80058670043945,734.492431640625,90.85610961914062,147.52880859375,34.373592376708984,146.81809997558594,189.72991943359375,54.68006896972656,504.3409423828125,24.26710319519043,222.28765869140625,509.793212890625,60.22769546508789,5241.52978515625
2024-03-22,170.72622680664062,35.36154556274414,726.8167114257812,89.39167022705078,150.5341339111328,34.3909912109375,146.32791137695312,187.40428161621094,54.22935485839844,506.14862060546875,24.003902435302734,222.55418395996094,508.8268127441406,59.65922546386719,5234.18017578125
2024-03-25,169.3091278076172,35.180206298828125,723.0183715820312,87.94713592529297,149.91915893554688,34.3909912109375,146.3184814453125,185.6886749267578,53.6635627746582,499.6328125,24.065317153930664,221.6855010986328,507.4208984375,59.36520004272461,5218.18994140625
2024-03-26,168.17942810058594,35.39973068237305,723.0381469726562,88.7341537475586,150.4646759033203,34.547630310058594,146.83694458007812,186.55601501464844,54.07592010498047,492.5509033203125,24.205686569213867,220.01719665527344,506.48370361328125,59.3063850402832,5203.580078125
2024-03-27,171.7469482421875,36.0869140625,724.1262817382812,89.96947479248047,150.70272827148438,33.92978286743164,148.9013671875,190.1683807373047,54.56499481201172,490.5345458984375,24.37238121032715,222.78121948242188,510.7401123046875,59.51221466064453,5248.490234375
2024-03-28,169.9334716796875,36.19190216064453,724.6702270507812,90.56720733642578,151.02012634277344,34.251766204833984,149.1181640625,190.9118194580078,54.785552978515625,482.3102722167969,24.3460636138916,223.0181427001953,510.64251708984375,58.97315216064453,5254.35009765625
2024-04-01,168.49652099609375,35.81013107299805,713.4041137695312,89.19241333007812,155.2256317138672,34.208248138427734,148.73170471191406,189.6155548095703,54.65130615234375,488.0414123535156,24.319740295410156,225.36758422851562,509.754150390625,58.80653762817383,5243.77001953125
2024-04-02,167.31729125976562,35.600154876708984,703.572021484375,87.77777099609375,154.60072326660156,34.216949462890625,148.68453979492188,189.539306640625,55.447242736816406,494.0208740234375,24.170595169067383,221.89279174804688,506.5130615234375,57.983245849609375,5205.81005859375
2024-04-03,168.11996459960938,35.7337760925293,698.0230102539062,88.69429016113281,155.09666442871094,34.92182540893555,145.4135284423828,189.00555419921875,55.38970184326172,503.3277893066406,23.881074905395508,222.51470947265625,507.06939697265625,58.24787139892578,5211.490234375
2024-04-04,167.2974395751953,35.23747253417969,697.2216796875,87.62834167480469,150.70272827148438,34.956634521484375,143.75448608398438,187.56752014160156,55.08283615112305,507.4797058105469,23.380992889404297,216.21665954589844,500.880126953125,58.31647872924805,5147.2099609375
2024-04-05,168.05059814453125,35.41881561279297,705.9656372070312,88.13642120361328,152.68646240234375,35.43525695800781,143.6507568359375,189.2931671142578,54.958168029785156,523.7890625,23.389766693115234,218.78326416015625,506.1127014160156,58.659515380859375,5204.33984375
2024-04-08,166.93077087402344,35.791038513183594,704.076416015625,87.37928771972656,154.86851501464844,35.68761444091797,142.8966522216797,190.28062438964844,53.097782135009766,515.7535400390625,23.319580078125,219.34596252441406,506.395751953125,58.590911865234375,5202.39013671875
2024-04-09,168.1397705078125,36.01055908203125,710.7828979492188,86.61219787597656,156.8522491455078,35.818145751953125,143.5565185546875,189.00555419921875,53.145729064941406,513.41943359375,23.495046615600586,221.70523071289062,506.9816589355469,58.600711822509766,5209.91015625
2024-04-10,166.26683044433594,34.97978210449219,714.7294921875,85.06802368164062,156.37619018554688,36.383792877197266,141.58636474609375,187.3949737548828,54.27729797363281,516.3297119140625,23.09147071838379,217.65789794921875,501.9051208496094,59.41420364379883,5160.64013671875
2024-04-11,173.4613494873047,34.693450927734375,724.3931884765625,87.87739562988281,159.4806671142578,35.63540267944336,140.25723266601562,187.35658264160156,53.84577178955078,519.6372680664062,23.109018325805664,222.5739288330078,505.6929626464844,58.89474868774414,5199.06005859375
2024-04-12,174.95774841308594,34.15897750854492,723.364501953125,85.95466613769531,157.8937225341797,35.356937408447266,139.06007385253906,175.23876953125,52.93475341796875,508.4530334472656,22.687898635864258,215.2689971923828,498.712890625,58.943748474121094,5123.41015625
2024-04-15,171.13255310058594,34.31167984008789,710.4761962890625,85.80522918701172,155.05697631835938,35.304718017578125,139.12603759765625,175.33465576171875,53.08819580078125,496.8616943359375,22.731765747070312,212.54441833496094,492.46490478515625,58.7379264831543,5061.81982421875
2024-04-16,167.8524169921875,33.09955596923828,708.191162109375,85.55619049072266,154.7296905517578,34.504119873046875,136.1660919189453,173.33099365234375,53.011470794677734,496.39483642578125,22.538753509521484,214.1534881591797,491.5667724609375,58.649715423583984,5051.41015625
2024-04-17,166.48484802246094,33.62449645996094,707.4197387695312,84.86878967285156,155.60252380371094,34.79129409790039,136.46775817871094,172.64071655273438,52.99229431152344,490.8424377441406,22.301870346069336,207.6580352783203,488.65753173828125,58.4635009765625,5022.2099609375
2024-04-18,165.53350830078125,34.13988494873047,703.5225219726562,84.67943572998047,156.17779541015625,35.1480827331543,137.3821563720703,173.76242065429688,53.289573669433594,498.4210510253906,22.275548934936523,203.97592163085938,487.6520080566406,58.08125305175781,5011.1201171875
2024-04-19,163.5119171142578,35.28519821166992,701.8013916015625,84.20106506347656,154.4519805908203,35.26121139526367,139.4276885986328,178.1244354248047,54.248538970947266,477.8306884765625,22.810728073120117,195.84176635742188,483.3956604003906,58.345882415771484,4967.22998046875
2024-04-22,164.34429931640625,36.01055908203125,707.6868286132812,84.02168273925781,156.66378784179688,36.218448638916016,140.5683135986328,181.58529663085938,54.5937614440918,478.4862060546875,23.03883171081543,199.06976318359375,487.8472900390625,58.943748474121094,5010.60009765625
2024-04-23,165.394775390625,36.62139892578125,714.8283081054688,85.9450912475586,158.6177520751953,36.45340347290039,140.98306274414062,184.2025146484375,53.347110748291016,492.7594299316406,23.09147071838379,203.2256622314453,493.6363830566406,57.914634704589844,5070.5498046875
2024-04-24,167.49566650390625,36.57366943359375,716.0253295898438,86.4234390258789,159.7881622314453,36.27936553955078,140.01214599609375,185.10369873046875,53.84577178955078,490.1769714355469,23.047607421875,205.86138916015625,493.402099609375,58.67912673950195,5071.6298828125
2024-04-25,168.3577880859375,36.18235778808594,715.163330078125,85.65608978271484,156.66378784179688,36.383792877197266,138.40020751953125,185.3817138671875,53.615623474121094,438.4079284667969,22.1614990234375,209.68170166015625,491.5277099609375,59.01235580444336,5048.419921875
2024-04-26,167.7731170654297,36.10600662231445,722.4154663085938,85.9450912475586,172.275634765625,36.46211624145508,137.7592010498047,185.4967803955078,53.212860107421875,440.3050842285156,22.284324645996094,214.11399841308594,496.18438720703125,58.96335220336914,5099.9599609375
2024-04-29,171.9352569580078,35.83876419067383,719.591796875,88.63585662841797,166.5327606201172,36.705772399902344,138.40020751953125,185.29544067382812,53.289573669433594,429.7068786621094,22.49488639831543,215.74281311035156,497.94158935546875,59.04176712036133,5116.169921875
2024-04-30,168.7938232421875,35.32337188720703,716.1937255859375,75.97928619384766,163.29931640625,37.9240837097168,136.29808044433594,183.81907653808594,53.10736846923828,427.2734375,22.477338790893555,211.24139404296875,490.0535888671875,58.169464111328125,5035.68994140625
2024-05-01,167.7731170654297,35.266109466552734,715.5198974609375,77.99237060546875,164.22177124023438,37.98499298095703,142.51016235351562,183.93409729003906,52.52239990234375,436.2326354980469,23.84598159790039,204.10426330566406,488.46234130859375,57.679405212402344,5018.39013671875
2024-05-02,171.46949768066406,35.19929885864258,725.6452026367188,77.56385803222656,167.08824157714844,38.73337936401367,141.3224334716797,183.74237060546875,52.82927322387695,438.70587158203125,24.302196502685547,208.6945343017578,493.0310974121094,58.522300720214844,5064.2001953125
2024-05-03,181.72613525390625,35.552433013916016,736.9989013671875,79.19823455810547,167.6138916015625,38.68115997314453,140.70970153808594,182.63986206054688,52.5319938659668,448.9166564941406,24.398700714111328,213.39337158203125,499.1423645019531,58.6301155090332,5127.7900390625
2024-05-06,180.07119750976562,35.972381591796875,749.4324340820312,79.527099609375,168.44708251953125,38.96833801269531,140.0592803955078,184.0682830810547,52.973121643066406,462.5443115234375,24.705768585205078,217.8257293701172,504.29693603515625,58.67912673950195,5180.740234375
2024-05-07,180.75498962402344,36.11555099487305,764.154541015625,81.15153503417969,171.5714111328125,39.14238357543945,140.19125366210938,183.82864379882812,53.04024887084961,465.0870361328125,24.363609313964844,215.90077209472656,504.8533630371094,59.41420364379883,5187.7001953125
2024-05-08,181.0919189453125,35.99147415161133,756.327880859375,80.83262634277344,169.76622009277344,39.50787353515625,140.40806579589844,187.56752014160156,53.10736846923828,469.4176940917969,24.80228042602539,216.10806274414062,504.9021911621094,59.100563049316406,5187.669921875
2024-05-09,182.90541076660156,36.53549575805664,771.8128662109375,82.44709777832031,170.18280029296875,39.18352127075195,141.25645446777344,189.3411102294922,52.74295425415039,472.2187194824219,25.096162796020508,215.29859924316406,507.8114013671875,59.442832946777344,5214.080078125
2024-05-10,181.64515686035156,36.69774627685547,779.8872680664062,83.11479949951172,168.90330505371094,39.28262710571289,141.3130340576172,190.5586395263672,53.60603332519531,472.9934387207031,24.94476890563965,217.4111328125,508.46551513671875,59.48217010498047,5222.68017578125
2024-05-13,184.85035705566406,36.46868896484375,767.9589233398438,80.7529067993164,169.50836181640625,39.615989685058594,142.54786682128906,190.52027893066406,52.93475341796875,464.8586120605469,25.32771110534668,217.8651885986328,508.53375244140625,59.41332244873047,5221.419921875
2024-05-14,185.99154663085938,36.73592758178711,770.6834716796875,80.24465942382812,170.5299530029297,40.29172134399414,142.69873046875,193.18544006347656,53.29144287109375,468.6727600097656,25.274276733398438,221.48805236816406,510.8669738769531,58.872398376464844,5246.68017578125
2024-05-15,188.2639617919922,37.136783599853516,779.7385864257812,81.6299057006836,172.46408081054688,40.33676528930664,143.9147186279297,193.7606658935547,52.4238166809082,478.2974853515625,25.666126251220703,227.70713806152344,517.1930541992188,58.8428955078125,5308.14990234375
2024-05-16,188.38304138183594,37.43265914916992,785.7125854492188,81.03193664550781,174.00146484375,40.03044128417969,145.43240356445312,194.1057891845703,52.48166275024414,470.04345703125,25.75518226623535,226.59165954589844,516.1289672851562,62.95392990112305,5297.10009765625
2024-05-17,188.41281127929688,37.49946594238281,788.4271850585938,81.58007049560547,175.8463134765625,40.129547119140625,145.77175903320312,196.3299560546875,52.25029373168945,468.7323303222656,25.505826950073242,225.30836486816406,516.870849609375,63.58338165283203,5303.27001953125
2024-05-20,189.57382202148438,37.05088424682617,785.6433715820312,81.47044372558594,177.0067901611328,39.81420135498047,143.74765014648438,187.5004119873047,51.95144271850586,465.68304443359375,25.40786361694336,230.2638702392578,517.4664916992188,63.121116638183594,5308.1298828125
2024-05-21,190.873779296875,37.84305953979492,793.4996948242188,81.65979766845703,178.07798767089844,40.165584564208984,143.71917724609375,191.2776641845703,51.7297248840332,461.50140380859375,25.434579849243164,229.5235137939453,518.7354736328125,64.07510375976562,5321.41015625
2024-05-22,189.4348907470703,37.94804763793945,794.4210815429688,80.34431457519531,176.55052185058594,39.83222579956055,145.86676025390625,190.11764526367188,51.98036575317383,464.6301574707031,26.360769271850586,232.21844482421875,517.2418823242188,64.17346954345703,5307.009765625
2024-05-23,185.44578552246094,37.38493347167969,788.952392578125,79.05872344970703,173.63446044921875,39.46281814575195,142.2557373046875,188.78506469726562,51.392311096191406,462.64361572265625,25.55035400390625,230.91539001464844,513.4639282226562,63.77022171020508,5267.83984375
2024-05-24,188.52195739746094,37.89078903198242,802.2182006835938,79.57693481445312,174.89413452148438,39.985389709472656,139.6614990234375,192.4185028076172,51.08382797241211,474.9998474121094,25.719560623168945,235.49581909179688,516.8612670898438,64.30132293701172,5304.72021484375
2024-05-28,188.5319061279297,37.52810287475586,805.6262817382812,78.48070526123047,176.57037353515625,39.787174224853516,137.20028686523438,191.2584991455078,50.428279876708984,476.6883544921875,25.203031539916992,239.47402954101562,517.2223510742188,63.96694564819336,5306.0400390625
2024-05-29,188.82957458496094,36.9554443359375,799.0379638671875,78.18173217773438,175.95542907714844,39.40876388549805,137.25729370117188,189.92593383789062,50.02339172363281,471.16583251953125,24.77556037902832,234.52841186523438,513.6005249023438,63.848907470703125,5266.9501953125
2024-05-30,189.8218994140625,36.86954879760742,807.776123046875,78.30132293701172,172.14669799804688,39.92232894897461,138.05552673339844,191.0955047607422,50.11015701293945,463.905029296875,25.113977432250977,232.8995819091797,510.1933898925781,63.81941223144531,5235.47998046875
2024-05-31,190.77455139160156,38.16756820678711,802.3765869140625,77.7332763671875,172.54344177246094,40.22865676879883,139.3764190673828,194.25917053222656,50.486122131347656,463.6865234375,25.523635864257812,231.00424194335938,514.84033203125,64.675048828125,5277.509765625
2024-06-03,192.5408935546875,38.062583923339844,807.8256225585938,76.88617706298828,172.99969482421875,40.435882568359375,140.39321899414062,193.48263549804688,49.99447250366211,474.2747497558594,26.10250473022461,231.37936401367188,515.260009765625,64.73406219482422,5283.39990234375
2024-06-04,192.8584442138672,37.87169647216797,819.7142944335938,77.25491333007812,173.70391845703125,40.129547119140625,140.45021057128906,190.9325408935547,50.167999267578125,473.7781066894531,26.262807846069336,229.5728759765625,515.8361206054688,65.5011978149414,5291.33984375
2024-06-05,194.3667449951172,38.13893508911133,826.5601806640625,76.69682312011719,175.6280975341797,39.778167724609375,138.7112274169922,189.1110076904297,49.82094955444336,491.7264709472656,26.316238403320312,239.6122283935547,521.9669189453125,65.98310852050781,5354.02978515625
2024-06-06,192.9874267578125,37.89078903198242,834.8228759765625,76.73668670654297,176.89768981933594,40.129547119140625,139.13885498046875,188.77548217773438,50.08123779296875,490.4351806640625,25.6483154296875,237.6478271484375,521.9571533203125,66.04212188720703,5352.9599609375
2024-06-07,195.37893676757812,38.198055267333984,837.7355346679688,76.07894134521484,174.5172119140625,40.03044128417969,139.76602172851562,191.68988037109375,50.11015701293945,489.640625,25.452392578125,236.93704223632812,521.3226318359375,64.79307556152344,5346.990234375
2024-06-10,191.6378631591797,38.092430114746094,840.4700317382812,75.52084350585938,175.39105224609375,40.102516174316406,139.81353759765625,191.36392211914062,49.78239059448242,499.2156982421875,24.99820327758789,240.3526153564453,522.9334106445312,65.85525512695312,5360.7900390625
2024-06-11,205.5601806640625,37.31464767456055,841.430908203125,74.48440551757812,176.94012451171875,39.03035354614258,139.46192932128906,186.33082580566406,49.522090911865234,504.0528564453125,24.96257972717285,240.55029296875,524.1928100585938,65.6290512084961,5375.31982421875
2024-06-12,211.43478393554688,37.842777252197266,839.9448852539062,75.710205078125,178.3004913330078,39.52588653564453,138.1790771484375,183.61770629882812,48.36526107788086,505.4136657714844,24.633068084716797,247.33079528808594,528.4979858398438,65.21598815917969,5421.02978515625
2024-06-13,212.5957794189453,37.69873809814453,838.112060546875,76.72671508789062,175.5002899169922,38.931243896484375,138.21710205078125,185.65975952148438,48.70267105102539,500.7055969238281,24.62416648864746,250.019287109375,529.5620727539062,65.59954071044922,5433.740234375
2024-06-14,210.85922241210938,37.679534912109375,847.7320556640625,76.22842407226562,177.11883544921875,38.94025421142578,138.30259704589844,185.7747802734375,48.56771469116211,501.2623596191406,24.517297744750977,249.11981201171875,529.8842163085938,65.91426086425781,5431.60009765625
2024-06-17,215.0071258544922,37.93879699707031,859.8583984375,77.28480529785156,177.52593994140625,39.37272644042969,138.69219970703125,186.92520141601562,49.21360397338867,503.71820068359375,24.027484893798828,253.0537109375,534.1016235351562,66.30766296386719,5473.22998046875
2024-06-18,212.6453857421875,38.39971160888672,862.6719970703125,78.0023422241211,175.21231079101562,39.3907470703125,138.4071502685547,188.8617706298828,50.11015701293945,496.61920166015625,24.410429000854492,256.2759704589844,535.45849609375,66.48469543457031,5487.02978515625
2024-06-20,208.07077026367188,38.39971160888672,854.4390869140625,79.16834259033203,176.4635009765625,39.91331481933594,140.43121337890625,190.4627685546875,48.471309661865234,498.8165283203125,24.704315185546875,249.31752014160156,534.00390625,66.887939453125,5473.169921875
2024-06-21,205.89759826660156,37.919593811035156,840.440185546875,78.8992691040039,178.9955596923828,39.192527770996094,141.3529815673828,188.19068908691406,48.40382385253906,491.936279296875,24.704315185546875,246.88601684570312,533.2880249023438,66.78958129882812,5464.6201171875
2024-06-24,206.54261779785156,38.42851257324219,840.2916870117188,78.58035278320312,179.5218505859375,39.706085205078125,141.70458984375,190.6641082763672,48.22066116333008,496.0425109863281,25.256467819213867,239.838623046875,531.5545043945312,67.76324462890625,5447.8701171875
2024-06-25,207.46546936035156,37.81396484375,847.5734252929688,78.54048919677734,184.27825927734375,39.48984909057617,139.87054443359375,189.88755798339844,48.02785110473633,507.6653747558594,24.926956176757812,243.52542114257812,533.6015014648438,66.30766296386719,5469.2998046875
2024-06-26,211.61338806152344,37.449073791503906,848.8911743164062,77.7332763671875,184.06973266601562,39.381736755371094,139.51895141601562,189.27398681640625,47.60368728637695,510.1708984375,24.419334411621094,242.5765380859375,534.2674560546875,67.163330078125,5477.89990234375
2024-06-27,212.4568634033203,37.68913269042969,842.728759765625,78.55046844482422,185.54928588867188,39.39975357055664,138.5496826171875,190.942138671875,47.59404754638672,516.5738525390625,24.757749557495117,241.33114624023438,535.109619140625,66.76007080078125,5482.8701171875
2024-06-28,209.0035400390625,38.18846130371094,842.1046752929688,77.65352630615234,182.1334228515625,39.192527770996094,138.89178466796875,193.90444946289062,48.13389587402344,501.3220520019531,24.91805076599121,243.7725372314453,533.0040283203125,66.59288024902344,5460.47998046875
2024-07-01,215.08651733398438,38.41891098022461,837.8246459960938,75.99922180175781,183.19590759277344,39.47183609008789,139.15785217285156,196.96266174316406,48.741233825683594,501.7793884277344,25.131786346435547,243.76263427734375,534.1008911132812,66.36668395996094,5475.08984375
2024-07-02,218.57949829101562,39.30232620239258,851.3876342773438,76.06897735595703,185.30105590820312,39.71509552001953,138.7682342529297,200.2030487060547,48.61590576171875,506.5716552734375,24.784465789794922,247.19241333007812,537.6953735351562,66.94694519042969,5509.009765625
2024-07-03,219.8496856689453,39.273521423339844,854.6571044921875,76.97586059570312,186.0755615234375,39.552921295166016,138.44515991210938,200.06881713867188,48.92440414428711,507.029052734375,24.6686954498291,251.3141326904297,540.0948486328125,67.1141357421875,5537.02001953125
2024-07-05,224.6029052734375,38.80300521850586,877.4535522460938,76.7964859008789,190.613525390625,39.11144256591797,139.19586181640625,197.41781616210938,49.975189208984375,536.806884765625,24.980390548706055,251.8083038330078,543.2092895507812,68.88444519042969,5567.18994140625
2024-07-08,226.07156372070312,39.00465393066406,872.6685180664062,76.08890533447266,189.14389038085938,39.039363861083984,138.24557495117188,197.78416442871094,50.07159423828125,526.2777709960938,24.87352180480957,256.5823669433594,543.8361206054688,68.5303726196289,5572.85009765625
2024-07-09,226.92495727539062,39.77284240722656,878.6226806640625,76.60713958740234,189.10415649414062,38.72401809692383,139.73751831054688,200.1555938720703,49.99447250366211,526.953857421875,24.686504364013672,256.4637451171875,544.3649291992188,68.74675750732422,5576.97998046875
2024-07-10,231.1919403076172,40.08012008666992,876.1063232421875,78.86936950683594,191.30862426757812,38.922237396240234,141.99916076660156,200.31947326660156,51.08382797241211,531.6168823242188,25.247560501098633,262.4139709472656,549.7515869140625,69.24833679199219,5633.91015625
2024-07-11,225.823486328125,40.147335052490234,838.7362060546875,79.66663360595703,185.98619079589844,39.0663948059082,142.2557373046875,199.98207092285156,50.85245895385742,509.7532653808594,25.523635864257812,253.78517150878906,545.0112915039062,68.64839935302734,5584.5400390625
2024-07-12,228.77066040039062,39.93607711791992,835.0803833007812,80.0054702758789,185.4698486328125,39.444801330566406,142.4268035888672,197.56243896484375,50.601806640625,496.00274658203125,25.75518226623535,256.87890625,548.4490356445312,68.09764099121094,5615.35009765625
2024-07-15,232.60107421875,40.224151611328125,840.8563232421875,79.91578674316406,186.8699493408203,38.96728515625,141.81861877441406,202.48849487304688,50.245113372802734,493.308349609375,25.915483474731445,257.16552734375,549.9573364257812,68.46154022216797,5631.22021484375
2024-07-16,233.01783752441406,42.37507629394531,842.87744140625,82.35740661621094,184.19882202148438,39.21955490112305,143.50057983398438,205.92996215820312,51.67188262939453,486.9750061035156,26.271711349487305,258.7568359375,553.2185668945312,68.83526611328125,5667.2001953125
2024-07-17,227.1234130859375,42.23103713989258,838.4290771484375,82.18797302246094,181.33901977539062,39.192527770996094,148.79360961914062,209.06295776367188,52.828712463378906,459.3347473144531,26.743711471557617,240.35260009765625,545.4619750976562,69.85810852050781,5588.27001953125
2024-07-18,222.45950317382812,41.29961013793945,831.5831909179688,80.70307159423828,177.962890625,38.760066986083984,147.6912841796875,202.42100524902344,52.83835220336914,473.1150817871094,26.458730697631836,241.0741424560547,541.2700805664062,69.65158081054688,5544.58984375
2024-07-19,222.58847045898438,41.19398880004883,830.354736328125,80.19464111328125,178.13168334960938,38.61590576171875,146.9976043701172,202.2281951904297,52.54914474487305,474.0496826171875,26.690279006958008,233.7006072998047,537.6757202148438,69.58273315429688,5505.0
2024-07-22,222.24119567871094,40.61784362792969,839.5584716796875,80.98222351074219,182.06390380859375,39.165496826171875,146.5699920654297,202.710205078125,52.88655471801758,484.5987243652344,26.360769271850586,243.38705444335938,543.2190551757812,69.21882629394531,5564.41015625
2024-07-23,223.28314208984375,40.723472595214844,844.2050170898438,80.5734634399414,182.31216430664062,38.94926452636719,144.7739715576172,202.75839233398438,51.90324401855469,485.88128662109375,26.271711349487305,239.7595672607422,542.3670043945312,69.484375,5555.740234375
2024-07-24,216.86279296875,40.51222229003906,823.112548828125,79.44690704345703,173.1468963623047,38.62491226196289,148.508544921875,201.08102416992188,52.231014251708984,458.6188659667969,26.699182510375977,227.00901794433594,530.0756225585938,69.4352035522461,5427.1298828125
2024-07-25,215.82083129882812,40.022499084472656,808.3804321289062,79.67622375488281,167.9734649658203,38.59788513183594,151.70144653320312,201.15814208984375,51.392311096191406,450.8040466308594,26.87729835510254,221.94834899902344,527.313720703125,68.86476135253906,5399.22021484375
2024-07-26,216.2872314453125,40.01289367675781,811.168212890625,80.25444793701172,167.49679565429688,38.99431228637695,152.65171813964844,204.59963989257812,52.31777572631836,463.0234069824219,27.78946304321289,226.71249389648438,533.219482421875,68.62872314453125,5459.10009765625
2024-07-29,216.56507873535156,39.455963134765625,809.144287109375,81.79972076416016,169.9296112060547,39.01233673095703,150.67515563964844,203.2596893310547,52.25029373168945,463.0333557128906,27.744306564331055,226.23806762695312,533.5328979492188,68.47138214111328,5463.5400390625
2024-07-30,217.1207733154297,39.638404846191406,803.6578369140625,82.39788818359375,170.6544952392578,39.21955490112305,153.30740356445312,207.4434356689453,52.73230743408203,460.52783203125,28.349407196044922,218.02435302734375,530.8297119140625,68.04846954345703,5436.43994140625
2024-07-31,220.37564086914062,38.70698165893555,815.5337524414062,84.37185668945312,171.93545532226562,40.679141998291016,150.00045776367188,205.13951110839844,52.53950500488281,472.1009521484375,27.581745147705078,232.65286254882812,539.4581909179688,67.50753784179688,5522.2998046875
2024-08-01,216.6841583251953,37.929195404052734,810.4639892578125,83.14559936523438,171.2403564453125,38.255516052246094,152.76573181152344,200.47372436523438,53.10828399658203,494.8792724609375,27.68108558654785,215.8893585205078,531.8189697265625,68.6385726928711,5446.68017578125
2024-08-02,218.1726531982422,36.08554458618164,815.6130981445312,83.18548583984375,167.21876525878906,37.21037292480469,155.9776611328125,191.97122192382812,52.37561798095703,485.3344421386719,27.482398986816406,204.41387939453125,521.9173583984375,67.33052062988281,5346.56005859375
2024-08-05,207.66392517089844,35.19253158569336,795.5223999023438,81.27133178710938,159.51321411132812,36.417518615722656,153.23138427734375,187.8838348388672,51.961090087890625,472.99578857421875,26.859235763549805,200.80618286132812,506.7171936035156,66.474853515625,5186.330078125
2024-08-06,205.6395721435547,35.4517936706543,810.4539794921875,81.3012466430664,159.4138946533203,36.606727600097656,151.0647735595703,193.12802124023438,52.18281173706055,491.2502746582031,26.479917526245117,202.62484741210938,511.3888854980469,66.62238311767578,5240.02978515625
2024-08-07,208.209716796875,35.816680908203125,803.92578125,79.09797668457031,159.62242126464844,36.75088119506836,150.99826049804688,193.18585205078125,51.961090087890625,486.1099853515625,26.055448532104492,196.98101806640625,507.97076416015625,65.80608367919922,5199.5
2024-08-08,211.67291259765625,36.690494537353516,832.82666015625,82.06890106201172,162.69076538085938,37.13829803466797,152.2526092529297,196.71408081054688,52.3659782409668,506.700927734375,25.974163055419922,210.57168579101562,519.7137451171875,66.54370880126953,5319.31005859375
2024-08-09,214.5804443359375,36.75770568847656,848.2046508789062,83.14559936523438,164.22988891601562,37.44463348388672,152.63272094726562,198.39146423339844,51.98036575317383,514.7941284179688,25.784503936767578,209.3262939453125,522.0053100585938,66.82892608642578,5344.16015625
2024-08-12,216.1103973388672,36.65208053588867,856.7766723632812,82.11874389648438,162.79998779296875,37.35453796386719,151.92950439453125,198.76742553710938,51.32483673095703,512.984619140625,25.694190979003906,210.53216552734375,522.27978515625,67.5665512084961,5344.39013671875
2024-08-13,219.82598876953125,36.93054962158203,858.016845703125,83.91325378417969,164.76609802246094,37.841064453125,150.5135955810547,200.4544219970703,50.71748733520508,525.5022583007812,26.055448532104492,219.08192443847656,530.8689575195312,67.00595092773438,5434.43017578125
2024-08-14,220.27305603027344,37.266639709472656,855.9235229492188,83.21539306640625,160.8934783935547,38.00323486328125,150.59910583496094,202.67164611816406,50.804256439208984,523.7324829101562,26.082538604736328,218.52842712402344,532.543701171875,67.52720642089844,5455.2099609375
2024-08-15,223.25344848632812,37.47788619995117,870.4482421875,85.03981018066406,162.02545166015625,38.58887481689453,151.1787872314453,203.93446350097656,51.29891586303711,534.2418212890625,25.92900276184082,229.03526306152344,541.6715698242188,71.97264099121094,5543.22021484375
2024-08-16,224.5747833251953,37.77555847167969,863.741455078125,84.54133605957031,163.58447265625,38.98086929321289,151.4638671875,206.26736450195312,51.58988571166992,524.3887329101562,25.558719635009766,228.55093383789062,542.8860473632812,72.44408416748047,5554.25
2024-08-19,224.41583251953125,38.092430114746094,865.4876098632812,85.32891845703125,167.21876525878906,39.6463508605957,151.6919403076172,207.694091796875,51.17282485961914,526.238037109375,26.010286331176758,232.4354248046875,548.0767211914062,72.71039581298828,5608.25
2024-08-20,225.0317840576172,37.151405334472656,869.3073120117188,83.68395233154297,167.7748565673828,38.94441223144531,152.1956024169922,206.79754638671875,50.474483489990234,523.7025756835938,26.100601196289062,229.3614501953125,547.185546875,73.5191650390625,5597.1201171875
2024-08-21,224.92250061035156,37.20901870727539,874.4862060546875,84.22230529785156,166.4541778564453,39.37286376953125,153.40243530273438,206.8746795654297,51.124324798583984,532.0841064453125,26.2180118560791,232.6133270263672,549.0659790039062,74.20957946777344,5620.85009765625
2024-08-22,223.06471252441406,37.679534912109375,870.6565551757812,84.1126480102539,164.3291778564453,39.22700500488281,154.2766876220703,208.83160400390625,50.64906692504883,528.8728637695312,25.992225646972656,224.66648864746094,544.7566528320312,74.54490661621094,5570.64013671875
2024-08-23,225.35963439941406,38.18846130371094,872.2936401367188,84.52139282226562,166.2555694580078,39.792213439941406,155.96817016601562,210.45114135742188,50.38719177246094,524.9652709960938,26.100601196289062,230.68594360351562,550.5448608398438,74.66326904296875,5634.60986328125
2024-08-26,225.6973876953125,38.33248519897461,885.4889526367188,84.23226928710938,166.75205993652344,39.83779525756836,156.42430114746094,211.28016662597656,51.18252182006836,518.1248168945312,26.118661880493164,224.89382934570312,549.2325439453125,74.98876190185547,5616.83984375
2024-08-27,226.54185485839844,38.092430114746094,901.7501220703125,84.15252685546875,165.2129364013672,40.26625442504883,156.0221405029297,212.25381469726562,51.134033203125,516.1165161132812,26.028350830078125,227.38462829589844,549.986572265625,75.0873794555664,5625.7998046875
2024-08-28,225.0119171142578,38.36130142211914,881.0640869140625,83.67398834228516,163.34613037109375,40.06570053100586,156.95089721679688,213.3238525390625,51.657779693603516,513.809814453125,25.965131759643555,223.28268432617188,546.7938232421875,75.03807067871094,5592.18017578125
2024-08-29,228.29039001464844,38.57255172729492,879.6553344726562,83.82352447509766,162.2538299560547,40.21156311035156,157.24771118164062,214.2107391357422,50.92064666748047,515.2415771484375,25.93803596496582,222.64022827148438,546.8427734375,75.37342071533203,5591.9599609375
2024-08-30,227.5055389404297,39.129486083984375,885.3599853515625,84.56127166748047,163.95184326171875,40.53062057495117,158.80844116210938,216.70750427246094,51.609291076660156,518.3138427734375,26.199947357177734,228.4619903564453,552.0629272460938,76.17233276367188,5648.39990234375
2024-09-03,221.3162078857422,39.08147430419922,871.65869140625,84.54133605957031,157.4974365234375,39.58253860473633,160.05316162109375,212.36949157714844,52.08454513549805,508.8186950683594,25.558719635009766,211.02638244628906,540.7020874023438,76.11314392089844,5528.93017578125
2024-09-04,219.4087371826172,38.889427185058594,883.0186157226562,87.28294372558594,156.70306396484375,39.7010498046875,160.24465942382812,211.43441772460938,51.75477600097656,509.7930908203125,25.64000129699707,211.71826171875,539.5952758789062,76.18218231201172,5520.06982421875
2024-09-05,220.92874145507812,38.543739318847656,879.0103759765625,87.02373504638672,157.48753356933594,40.05657958984375,157.97543334960938,209.7956085205078,51.764469146728516,513.8893432617188,25.74837875366211,210.5815887451172,538.2828979492188,75.90601348876953,5503.41015625
2024-09-06,219.37893676757812,37.46126937866211,869.7835693359375,84.8304443359375,151.06289672851562,39.08115005493164,157.39137268066406,204.8117218017578,50.69756317138672,497.39471435546875,25.793533325195312,201.56724548339844,529.2235107421875,75.59040069580078,5408.419921875
2024-09-09,219.4683380126953,38.14748001098633,889.4376831054688,84.8603515625,148.68653869628906,39.874263763427734,159.52655029296875,209.005126953125,50.406593322753906,501.8887634277344,26.561199188232422,205.55055236816406,535.1488037109375,76.28080749511719,5471.0498046875
2024-09-10,218.67355346679688,37.96385192871094,887.2550048828125,85.28904724121094,149.1538543701172,39.2452392578125,160.26380920410156,198.1601104736328,50.72665786743164,501.8887634277344,26.859235763549805,207.71517944335938,537.4798583984375,77.73068237304688,5495.52001953125
2024-09-11,221.2069091796875,37.69322967529297,893.3170166015625,86.92404174804688,151.28163146972656,39.217891693115234,157.81265258789062,199.76998901367188,49.950721740722656,508.88824462890625,26.786985397338867,217.3621063232422,542.9937744140625,77.76025390625,5554.1298828125
2024-09-12,221.3162078857422,37.48059844970703,907.8318481445312,87.19322204589844,154.65228271484375,39.50048828125,157.64028930664062,199.1626739501953,53.5394172668457,522.5791625976562,26.33541488647461,216.40333557128906,547.5675048828125,78.56904602050781,5595.759765625
2024-09-13,221.04794311523438,37.354957580566406,908.7942504882812,86.6448974609375,157.4661407470703,39.78309631347656,158.48287963867188,196.9647674560547,54.22806167602539,521.6048583984375,26.434762954711914,220.26803588867188,550.4273681640625,79.49616241455078,5626.02001953125
2024-09-16,214.90829467773438,37.789878845214844,900.7282104492188,86.37572479248047,158.08261108398438,39.81956100463867,159.89041137695312,200.37730407714844,54.499637603759766,530.7208862304688,27.157270431518555,217.3324432373047,551.240234375,79.45672607421875,5633.08984375
2024-09-17,215.37522888183594,38.22480010986328,890.2116088867188,86.52525329589844,159.36524963378906,39.81956100463867,159.9669647216797,201.71728515625,53.38423538208008,533.7462158203125,26.940515518188477,217.5993194580078,551.4655151367188,77.52355194091797,5634.580078125
2024-09-18,219.24977111816406,38.29245376586914,885.4989624023438,88.25994873046875,159.8922119140625,40.02923583984375,159.0861053466797,200.05918884277344,52.976871490478516,535.368408203125,26.868267059326172,215.19749450683594,549.8299560546875,77.94767761230469,5618.259765625
2024-09-19,227.3763885498047,39.500572204589844,893.6542358398438,90.34358978271484,162.30836486816406,40.75852966308594,157.81265258789062,202.90298461914062,53.18054962158203,556.4169311523438,26.786985397338867,224.3600616455078,559.2124633789062,76.97122955322266,5713.64013671875
2024-09-20,226.71075439453125,38.920677185058594,899.8451538085938,90.00460815429688,163.70034790039062,40.26625442504883,157.1807403564453,203.4910430908203,53.72370147705078,558.6561279296875,26.570232391357422,221.0785369873047,558.2459106445312,77.97725677490234,5702.5498046875
2024-09-23,224.99203491210938,38.534080505371094,909.86572265625,90.602783203125,162.1393280029297,41.08671188354492,156.28067016601562,203.8284454345703,54.451141357421875,561.701416015625,26.47088623046875,221.93844604492188,559.6408081054688,79.22987365722656,5718.56982421875
2024-09-24,225.8861541748047,38.128150939941406,894.447998046875,91.92871856689453,162.70603942871094,41.22345733642578,155.859375,203.9730224609375,54.37355422973633,560.626708984375,26.642480850219727,224.62693786621094,561.2420654296875,79.5652084350586,5732.93017578125
2024-09-25,224.89271545410156,37.93485641479492,901.2738647460938,92.72628021240234,162.05978393554688,40.722068786621094,153.77206420898438,202.62342834472656,54.897300720214844,565.5827026367188,26.127695083618164,226.17462158203125,560.0043334960938,80.28520965576172,5722.259765625
2024-09-26,226.0352020263672,38.1958122253418,894.3487548828125,92.2078628540039,162.89498901367188,41.85246658325195,154.52845764160156,202.2281951904297,53.801300048828125,565.114990234375,26.163820266723633,234.25967407226562,562.2244873046875,78.82548522949219,5745.3701171875
2024-09-27,226.3034210205078,38.079833984375,878.6532592773438,91.70938873291016,164.34664916992188,41.58810043334961,154.5380401611328,202.92225646972656,54.81970977783203,564.6372680664062,26.272197723388672,230.5441131591797,561.4090576171875,78.6874008178711,5738.169921875
2024-09-30,231.4794464111328,38.35044860839844,879.546142578125,93.563720703125,166.23580932617188,41.19610595703125,155.1699981689453,203.26931762695312,55.57624816894531,569.69287109375,26.136728286743164,228.4733123779297,563.6588134765625,79.64411926269531,5762.47998046875
2024-10-01,224.73373413085938,37.90585708618164,870.47802734375,91.39036560058594,167.4587860107422,40.649139404296875,155.1029815673828,199.58682250976562,55.00399398803711,573.7035522460938,25.89288330078125,222.07260131835938,558.6093139648438,80.15699005126953,5708.75
2024-10-02,225.30003356933594,37.915523529052734,871.6190185546875,90.7623062133789,166.35513305664062,41.0684814453125,154.3178253173828,199.82781982421875,54.402645111083984,570.0610961914062,25.838693618774414,225.06488037109375,558.8450927734375,79.3284912109375,5709.5400390625
2024-10-03,224.197265625,37.93485641479492,868.781494140625,89.6058349609375,166.2556915283203,41.18698501586914,153.6763153076172,197.8419952392578,53.94678497314453,579.973388671875,25.594844818115234,225.86744689941406,557.8233642578125,79.3284912109375,5699.93994140625
2024-10-04,225.3199005126953,38.76604080200195,876.1629638671875,91.14112854003906,167.59799194335938,41.80689239501953,153.47523498535156,204.8641357421875,54.20866394042969,593.080078125,25.811599731445312,228.9588165283203,562.8925170898438,79.83151245117188,5751.06982421875
2024-10-07,220.24325561523438,38.621063232421875,866.7178344726562,89.78528594970703,163.45179748535156,41.63368606567383,152.74755859375,204.58285522460938,54.276554107666016,581.9737548828125,26.371543884277344,228.3345947265625,557.8037109375,78.01670837402344,5695.93994140625
2024-10-08,224.296630859375,38.592071533203125,883.41552734375,90.41336822509766,164.75430297851562,40.03834915161133,152.9007568359375,204.40826416015625,54.31535339355469,590.0447998046875,26.353479385375977,230.58375549316406,563.0791015625,78.61835479736328,5751.1298828125
2024-10-09,228.04200744628906,38.84335708618164,901.9484252929688,90.49312591552734,162.12937927246094,40.26625442504883,153.81993103027344,206.9979248046875,54.46084213256836,587.6762084960938,27.26564598083496,232.99143981933594,566.9793701171875,79.29891204833984,5792.0400390625
2024-10-10,227.54527282714844,38.630733489990234,886.6002197265625,89.97471618652344,162.24868774414062,40.36653137207031,153.6858673095703,206.4353790283203,53.54911804199219,581.0282592773438,26.49797821044922,231.35659790039062,565.9871215820312,78.51972961425781,5780.0498046875
2024-10-11,226.06500244140625,40.54438018798828,882.0364379882812,90.7523193359375,163.58103942871094,40.43034362792969,154.5955047607422,215.60101318359375,53.69460678100586,587.1189575195312,26.33541488647461,233.29859924316406,569.3764038085938,79.00302124023438,5815.02978515625
2024-10-14,229.79055786132812,40.5057258605957,882.7607421875,91.34053802490234,165.40060424804688,40.43946075439453,154.7295379638672,214.8153839111328,53.6073112487793,587.5866088867188,26.263164520263672,237.59878540039062,574.032958984375,79.19042205810547,5859.85009765625
2024-10-15,232.32388305664062,40.72801971435547,887.572509765625,90.43330383300781,165.94744873046875,39.95630645751953,157.12326049804688,215.69801330566406,54.451141357421875,583.4564819335938,26.588294982910156,225.27294921875,569.5728149414062,80.53179168701172,5815.259765625
2024-10-16,230.26739501953125,41.365901947021484,880.3993530273438,89.94479370117188,165.78839111328125,40.20244216918945,157.2956085205078,216.910400390625,54.94580078125,574.02197265625,26.7960147857666,225.27294921875,572.0484619140625,80.10768127441406,5842.47021484375
2024-10-17,230.63497924804688,41.17259979248047,878.3258056640625,90.54296875,163.57110595703125,40.44857406616211,157.4775390625,217.6669158935547,54.839111328125,574.1613159179688,26.434762954711914,227.04652404785156,572.09765625,79.7822036743164,5841.47021484375
2024-10-18,233.4663848876953,40.90198516845703,882.5621948242188,91.09147644042969,164.10801696777344,40.76764678955078,158.0998992919922,218.5883331298828,54.829410552978516,573.7035522460938,26.389604568481445,227.2545928955078,574.2981567382812,80.19644165039062,5864.669921875
2024-10-21,234.93670654296875,40.36075210571289,879.7942504882812,89.55567169189453,164.853759765625,40.27537155151367,155.90725708007812,216.28965759277344,54.64512634277344,572.3997802734375,26.127695083618164,226.82855224609375,573.3550415039062,79.70329284667969,5853.97998046875
2024-10-22,234.3207550048828,40.88265609741211,886.4613037109375,89.06698608398438,165.867919921875,40.67647933959961,156.50088500976562,217.37594604492188,54.732418060302734,579.217041015625,26.046415328979492,225.98635864257812,573.0504760742188,80.89671325683594,5851.2001953125
2024-10-23,229.25404357910156,40.92131805419922,892.0966186523438,89.04705047607422,163.541259765625,40.27537155151367,158.80844116210938,216.68731689453125,55.88662338256836,560.9849243164062,26.064476013183594,223.96505737304688,567.8143310546875,82.12960052490234,5797.419921875
2024-10-24,229.0653076171875,41.22093200683594,886.391845703125,88.65811157226562,163.5909881591797,40.56708908081055,156.71153259277344,218.21006774902344,54.984596252441406,565.0553588867188,25.865787506103516,225.21353149414062,569.0422973632812,81.90275573730469,5809.85986328125
2024-10-25,229.8998260498047,40.486392974853516,884.2091674804688,88.17940521240234,166.03692626953125,40.43946075439453,154.0401611328125,215.6204071044922,55.644142150878906,570.4989624023438,25.694190979003906,227.4725799560547,568.8458251953125,81.38002014160156,5808.1201171875
2024-10-28,231.87681579589844,41.19193649291992,883.9512329101562,85.69619750976562,167.37924194335938,41.17787170410156,154.7295379638672,218.7144317626953,55.39196014404297,575.3854370117188,26.064476013183594,227.61129760742188,570.6043701171875,81.6167221069336,5823.52001953125
2024-10-29,232.14505004882812,41.104949951171875,880.012451171875,85.03797912597656,170.16326904296875,42.33562469482422,153.28375244140625,216.19264221191406,54.30565643310547,590.4329833984375,25.703222274780273,233.2094268798828,571.52783203125,80.58110809326172,5832.919921875
2024-10-30,228.59837341308594,40.8923225402832,872.1746215820312,86.96273803710938,175.1347198486328,42.14419174194336,153.78163146972656,217.6572265625,54.06318283081055,588.9599609375,25.75741195678711,224.9856414794922,569.7987670898438,80.27535247802734,5813.669921875
2024-10-31,224.43572998046875,40.418739318847656,867.30322265625,87.11233520507812,171.70440673828125,42.053035736083984,153.0635223388672,215.2421417236328,54.09227752685547,564.856201171875,25.558719635009766,216.25648498535156,558.6290283203125,80.82767486572266,5705.4501953125
2024-11-01,221.4552764892578,40.36075210571289,871.565185546875,86.71340942382812,171.6646270751953,42.098609924316406,153.32205200195312,216.23146057128906,54.868202209472656,564.4381713867188,25.369062423706055,218.55520629882812,560.9867553710938,81.06439971923828,5728.7998046875
2024-11-04,220.56114196777344,39.94516372680664,880.2677612304688,86.75331115722656,169.70587158203125,42.5179557800293,151.51239013671875,213.1665496826172,54.57722854614258,557.9893798828125,25.071027755737305,217.29684448242188,559.7783203125,81.32083129882812,5712.68994140625
2024-11-05,221.9917449951172,40.47673416137695,884.3409423828125,87.93009185791016,170.43173217773438,43.09227752685547,151.6177215576172,214.8250732421875,55.66353988647461,569.6829223632812,25.27874755859375,219.83335876464844,566.547119140625,82.53398895263672,5782.759765625
2024-11-06,221.2665252685547,43.888450622558594,893.3614501953125,86.54387664794922,177.31222534179688,42.88260269165039,151.16769409179688,239.6256561279297,58.001041412353516,569.3047485351562,24.70977210998535,226.24395751953125,580.6345825195312,82.29727935791016,5929.0400390625
2024-11-07,225.99545288085938,43.269893646240234,907.9453735351562,88.08966827392578,181.23968505859375,43.17432403564453,150.0666046142578,229.2670440673828,57.52578353881836,588.8605346679688,24.800086975097656,230.96026611328125,585.1242065429688,82.70166015625,5973.10009765625
2024-11-08,225.7269287109375,43.617835998535156,937.6197509765625,85.7061538696289,178.83349609375,41.423763275146484,148.8601837158203,229.84898376464844,58.107730865478516,586.5117797851562,24.506593704223633,229.2362518310547,587.6587524414062,83.6682357788086,5995.5400390625
2024-11-11,223.01173400878906,44.53600311279297,926.771240234375,85.15766143798828,180.9314422607422,41.75544738769531,148.44842529296875,232.08944702148438,57.80705642700195,580.3713989257812,24.066354751586914,223.4993896484375,588.2186889648438,83.05673217773438,6001.35009765625
2024-11-12,223.01173400878906,44.3233757019043,926.2745971679688,84.68893432617188,182.2737579345703,41.11050033569336,146.15049743652344,232.35133361816406,57.88465118408203,582.013427734375,24.020496368408203,221.0619659423828,586.3914794921875,83.8260498046875,5983.990234375
2024-11-13,223.89691162109375,44.333038330078125,927.61572265625,83.95095825195312,179.4599151611328,41.46061325073242,146.72499084472656,233.9031982421875,57.78765869140625,577.2166137695312,24.506593704223633,216.365478515625,586.6763305664062,84.32907104492188,5985.3798828125
2024-11-14,226.9800567626953,44.36203384399414,917.8401489257812,82.69438934326172,176.3378143310547,41.40533447265625,145.4132080078125,234.59182739257812,57.30270004272461,574.3902587890625,23.864582061767578,216.23666381835938,582.9039916992188,83.31317901611328,5949.169921875
2024-11-15,223.77755737304688,45.18354797363281,901.1302490234375,81.53753662109375,172.89755249023438,42.142417907714844,147.45266723632812,237.92832946777344,56.5810546875,551.4210205078125,22.745641708374023,209.2711944580078,575.437744140625,83.09617614746094,5870.6201171875
2024-11-18,226.7811737060547,45.15456008911133,913.4888305664062,82.49491882324219,175.7909698486328,42.796566009521484,148.18992614746094,237.65670776367188,56.620059967041016,551.7395629882812,22.800670623779297,211.97613525390625,577.7955322265625,82.92851257324219,5893.6201171875
2024-11-19,227.0397491455078,44.854942321777344,924.0591430664062,82.29546356201172,178.55508422851562,42.63993835449219,146.4951934814453,235.7751007080078,56.65906524658203,558.3973999023438,23.02079200744629,212.3824005126953,579.9075927734375,85.41400146484375,5916.97998046875
2024-11-20,227.75584411621094,44.51667404174805,922.002685546875,84.66899108886719,176.31793212890625,42.5938720703125,146.6005096435547,233.5346221923828,56.18122100830078,562.8060913085938,22.87404441833496,210.75746154785156,580.1040649414062,85.98605346679688,5917.10986328125
2024-11-21,227.27845764160156,44.90327072143555,949.3921508789062,81.77688598632812,168.2740936279297,42.676795959472656,148.88888549804688,237.3948516845703,57.127166748046875,560.3878173828125,23.048303604125977,214.0965118408203,583.21826171875,87.17948150634766,5948.7099609375
2024-11-22,228.62109375,45.4251708984375,957.6974487304688,82.21568298339844,165.61936950683594,42.326683044433594,148.5729217529297,241.07080078125,57.75128936767578,556.4566650390625,23.52522850036621,214.18565368652344,585.0259399414062,89.20140838623047,5969.33984375
2024-11-25,231.6048126220703,45.908424377441406,954.5978393554688,82.43508911132812,168.46299743652344,42.83342742919922,149.15699768066406,242.75845336914062,58.59971618652344,562.3980102539062,24.002155303955078,216.2763214111328,587.0103759765625,88.27427673339844,5987.3701171875
2024-11-26,233.78292846679688,46.150047302246094,965.1383666992188,82.28550720214844,169.64622497558594,42.676795959472656,149.1376953125,242.44808959960938,59.067806243896484,570.78759765625,23.635292053222656,213.4722900390625,590.0753784179688,90.05949401855469,6021.6298828125
2024-11-27,233.6536102294922,46.169376373291016,955.2536010742188,82.77416229248047,169.8450927734375,43.008480072021484,149.98703002929688,242.27349853515625,58.999549865722656,566.468505859375,23.690319061279297,210.6088104248047,588.2874755859375,90.62168884277344,5998.740234375
2024-11-29,236.04058837890625,45.91808319091797,965.515869140625,82.99356842041016,169.5169677734375,43.201961517333984,149.61061096191406,242.2056121826172,59.56515884399414,571.5638427734375,24.038841247558594,213.42274475097656,591.9419555664062,91.23320007324219,6032.3798828125
2024-12-02,238.2882843017578,45.463836669921875,968.6154174804688,82.85395812988281,171.9927520751953,43.312522888183594,149.40794372558594,238.84002685546875,58.65822982788086,589.985107421875,23.681148529052734,219.03076171875,593.0029296875,91.37127685546875,6047.14990234375
2024-12-03,241.3316650390625,45.25120544433594,975.7186889648438,82.3453369140625,172.03253173828125,43.7363395690918,147.05291748046875,237.45306396484375,58.48269271850586,610.7051391601562,23.442686080932617,217.79226684570312,593.2780151367188,92.2293701171875,6049.8798828125
2024-12-04,241.68971252441406,44.8162841796875,984.4312133789062,82.78414154052734,175.0850067138672,43.62578201293945,145.228759765625,236.07579040527344,58.42417907714844,610.8345336914062,23.14002227783203,220.67555236816406,596.9619750976562,93.15648651123047,6086.490234375
2024-12-05,241.71954345703125,45.4251708984375,975.8279418945312,81.34307098388672,173.31517028808594,44.27994155883789,144.31185913085938,238.0931854248047,59.2043342590332,606.0078735351562,23.571088790893555,216.50418090820312,595.9795532226562,93.99486541748047,6075.10986328125
2024-12-06,241.52064514160156,45.43488693237305,986.110107421875,81.0189437866211,175.4827423095703,43.84690475463867,144.10916137695312,239.91665649414062,57.761043548583984,620.7765502929688,23.598602294921875,217.8120880126953,597.109375,94.38937377929688,6090.27001953125
2024-12-09,245.40939331054688,44.61852264404297,981.3911743164062,81.67716217041016,176.28904724121094,44.1785888671875,144.3890838623047,236.47344970703125,56.33725357055664,610.62548828125,23.937955856323242,216.76182556152344,594.0344848632812,92.54499053955078,6052.85009765625
2024-12-10,246.42384338378906,44.4630241394043,986.89501953125,82.13590240478516,185.67584228515625,44.24308395385742,144.0319366455078,235.5520477294922,59.223838806152344,616.3479614257812,23.45185661315918,211.6095428466797,592.1875,93.255126953125,6034.91015625
2024-12-11,245.15081787109375,44.78374099731445,988.176513671875,82.52484893798828,195.80923461914062,44.72218704223633,141.53216552734375,236.20188903808594,59.808963775634766,629.643798828125,23.14002227783203,216.9302520751953,596.7655029296875,93.65951538085938,6084.18994140625
2024-12-12,246.61282348632812,44.78374099731445,981.9177856445312,81.40789031982422,192.74331665039062,44.57476806640625,141.1461181640625,234.2620391845703,61.730098724365234,627.7628173828125,23.26842498779297,215.24586486816406,593.690673828125,92.80142211914062,6051.25
2024-12-13,246.7819061279297,44.385276794433594,982.8714599609375,80.87934875488281,190.50363159179688,44.7774658203125,141.51287841796875,232.7198944091797,60.52085494995117,617.3729858398438,23.461029052734375,221.25022888183594,593.57275390625,93.1651840209961,6051.08984375
2024-12-16,249.6761016845703,44.19090270996094,986.3685302734375,80.07154083251953,197.25259399414062,44.80510330200195,138.83935546875,232.3707275390625,60.481849670410156,621.7454223632812,23.158363342285156,225.3522186279297,596.1072998046875,93.7780532836914,6074.080078125
2024-12-17,252.1028289794922,43.782711029052734,975.6491088867188,79.03436279296875,196.2173309326172,44.81431579589844,141.3101806640625,231.18743896484375,59.652923583984375,616.964599609375,24.240615844726562,222.16468811035156,593.6513061523438,94.32171630859375,6050.60986328125
2024-12-18,246.70233154296875,42.27631759643555,958.4225463867188,76.8802490234375,189.2792510986328,44.16016387939453,139.70799255371094,223.43788146972656,59.3798713684082,594.8035278320312,23.74534797668457,213.94776916503906,575.9583740234375,92.47325134277344,5872.16015625
2024-12-19,248.43289184570312,42.15969467163086,948.5476684570312,77.21931457519531,188.83131408691406,44.36286163330078,138.57875061035156,225.94993591308594,59.44813537597656,593.1900024414062,23.635292053222656,210.3553466796875,575.7815551757812,92.32498168945312,5867.080078125
2024-12-20,253.1073455810547,42.92747116088867,947.822509765625,78.69529724121094,192.07640075683594,44.473419189453125,139.437744140625,230.4503173828125,60.316062927246094,582.9112548828125,24.176416397094727,213.18362426757812,582.697265625,91.1783218383789,5930.85009765625
2024-12-23,253.88311767578125,42.65534591674805,943.6896362304688,79.06427764892578,195.09251403808594,44.860389709472656,140.20989990234375,231.216552734375,59.44813537597656,597.452880859375,24.49742317199707,219.63412475585938,586.1866455078125,89.3100814819336,5974.06982421875
2024-12-24,256.79718017578125,43.13156509399414,952.5414428710938,79.1440658569336,196.665283203125,45.3763427734375,140.76968383789062,235.01858520507812,60.29656219482422,605.3213500976562,24.524938583374023,221.89675903320312,592.7020874023438,91.6132583618164,6040.0400390625
2024-12-26,257.61273193359375,43.29677963256836,949.87890625,79.49311065673828,196.19744873046875,45.38555145263672,140.5090789794922,235.8236083984375,61.203495025634766,600.9389038085938,24.35984992980957,221.82728576660156,592.7415161132812,91.72200012207031,6037.58984375
2024-12-27,254.2013702392578,43.092689514160156,933.5465698242188,79.29366302490234,193.1514434814453,45.4131965637207,139.99752807617188,233.91290283203125,60.79391098022461,597.4130249023438,24.41487693786621,219.95169067382812,586.5020751953125,90.6050033569336,5970.83984375
2024-12-30,250.8297882080078,42.67478561401367,916.171142578125,78.38613891601562,191.8076171875,45.61588668823242,138.34710693359375,232.11856079101562,59.71144104003906,588.877197265625,24.2314453125,215.62489318847656,579.8091430664062,89.52754974365234,5906.93994140625
2024-12-31,249.05946350097656,42.71365737915039,910.27001953125,77.96727752685547,189.56793212890625,45.56982421875,139.58251953125,232.496826171875,59.633426666259766,583.170166015625,24.33233642578125,213.84852600097656,577.6997680664062,89.3100814819336,5881.6298828125
2025-01-02,242.52516174316406,43.04409408569336,903.852294921875,78.16674041748047,189.75704956054688,44.851173400878906,139.00343322753906,232.77809143066406,60.40383529663086,596.8453369140625,24.40570831298828,215.16839599609375,576.2803344726562,88.96410369873047,5868.5498046875
2025-01-03,242.03782653808594,43.54946517944336,910.5780029296875,80.30091857910156,192.24560546875,45.21049880981445,139.1675262451172,235.95941162109375,59.935733795166016,602.2138061523438,24.38736343383789,220.7753448486328,583.4857788085938,89.73512268066406,5942.47021484375
2025-01-06,243.6688995361328,44.12287139892578,916.6679077148438,81.49765014648438,197.05349731445312,45.39476776123047,138.6559600830078,234.80899047851562,59.11656951904297,627.681640625,24.662511825561523,227.1663055419922,586.8470458984375,90.37764739990234,5975.3798828125
2025-01-07,240.89405822753906,44.78374099731445,915.3366088867188,83.1431655883789,195.80923461914062,45.0078010559082,141.1364288330078,237.07080078125,57.673274993896484,615.4207763671875,24.882631301879883,224.070068359375,580.2133178710938,89.76477813720703,5909.02978515625
2025-01-08,241.38140869140625,44.91008377075195,921.29736328125,86.02529907226562,194.49525451660156,45.486900329589844,137.3144073486328,237.0318145751953,57.43922424316406,608.2794189453125,24.634998321533203,221.8372039794922,581.0609741210938,90.7433853149414,5918.25
2025-01-10,235.56320190429688,43.841026306152344,930.8046875,84.52937316894531,192.28541564941406,45.46847152709961,137.1116943359375,233.8535614013672,57.653770446777344,613.3988647460938,24.506593704223633,216.5378875732422,572.189697265625,91.92958068847656,5827.0400390625
2025-01-13,233.1265106201172,43.79243469238281,918.6448364257812,85.12774658203125,191.40945434570312,45.145999908447266,139.437744140625,238.084716796875,58.01459884643555,605.8989868164062,24.579965591430664,215.8730010986328,573.076904296875,90.47649383544922,5836.22021484375
2025-01-14,232.01258850097656,44.492183685302734,911.2237548828125,83.93550109863281,190.1751251220703,45.46847152709961,139.70799255371094,241.26296997070312,58.433929443359375,591.875244140625,24.222274780273438,217.29209899902344,573.8653564453125,89.7450180053711,5842.91015625
2025-01-15,236.57763671875,45.775047302246094,917.4526977539062,83.46659851074219,196.07798767089844,46.10420608520508,139.9203338623047,246.0205535888672,57.23443603515625,614.6538696289062,24.048011779785156,221.5097198486328,584.303955078125,90.2886734008789,5949.91015625
2025-01-16,227.0198516845703,45.32798767089844,913.7272338867188,84.8034896850586,193.51974487304688,46.81364440917969,142.62281799316406,247.8924102783203,57.16617202758789,608.857177734375,24.29564666748047,221.8372039794922,583.1802368164062,90.24915313720703,5937.33984375
2025-01-17,228.7305145263672,45.2210807800293,937.013671875,84.54410552978516,196.64537048339844,46.64780044555664,141.90859985351562,252.65975952148438,56.91262435913086,610.3212280273438,24.12138557434082,227.989990234375,589.035400390625,90.88177490234375,5996.66015625
2025-01-21,221.4303741455078,45.3474235534668,941.5239868164062,87.13807678222656,198.71585083007812,47.44015884399414,142.98956298828125,256.4326477050781,57.57575607299805,613.9965209960938,24.4332218170166,230.6793212890625,594.4270629882812,92.00865936279297,6049.240234375
2025-01-22,222.61392211914062,44.50189971923828,938.5138549804688,87.12811279296875,199.11402893066406,46.90578079223633,140.20989990234375,256.2474670410156,57.302696228027344,621.0083618164062,23.85540771484375,234.01373291015625,597.7686157226562,92.15692901611328,6086.3701171875
2025-01-23,222.4448699951172,45.085018157958984,935.9904174804688,87.95619201660156,198.66607666015625,47.36644744873047,141.53216552734375,259.2794494628906,57.117408752441406,633.9066772460938,24.249788284301758,233.57708740234375,601.0313110351562,92.73025512695312,6118.7099609375
2025-01-24,221.5696258544922,45.21136474609375,933.5266723632812,88.46499633789062,200.9754638671875,47.255889892578125,141.7058868408203,258.1972961425781,57.24419021606445,644.9025268554688,24.324377059936523,228.88314819335938,599.2767333984375,93.66931915283203,6101.240234375
2025-01-27,228.61117553710938,45.76532745361328,958.9293212890625,88.78427124023438,192.8826904296875,48.00217819213867,147.56446838378906,259.18194580078125,58.98004150390625,657.2429809570312,25.042266845703125,210.93092346191406,590.7996826171875,96.27893829345703,6012.27978515625
2025-01-28,236.9655303955078,45.52235794067383,952.392333984375,87.57706451416016,196.16757202148438,47.873191833496094,145.1418914794922,260.4396057128906,58.87276840209961,671.63525390625,24.93971061706543,211.87367248535156,595.8760375976562,96.17019653320312,6067.7001953125
2025-01-29,238.05953979492188,45.43488693237305,957.7074584960938,87.64690399169922,196.27706909179688,48.057464599609375,145.88507080078125,259.89361572265625,59.54566192626953,673.78662109375,24.818506240844727,212.7469940185547,593.2048950195312,96.37777709960938,6039.31005859375
2025-01-30,236.2991485595703,45.40573501586914,972.5992431640625,89.34297943115234,201.7021026611328,48.527347564697266,147.54515075683594,261.50225830078125,59.52615737915039,684.254638671875,25.08888053894043,217.07376098632812,596.3885498046875,97.5145492553711,6071.169921875
2025-01-31,234.71780395507812,44.9975471496582,973.4634399414062,88.09587097167969,204.65850830078125,48.30622482299805,146.85025024414062,260.5956115722656,60.11127471923828,686.4259033203125,24.725276947021484,216.4684295654297,593.2146606445312,97.03018951416016,6040.52978515625
2025-02-03,226.7711944580078,44.91008377075195,999.2435302734375,87.30769348144531,201.71205139160156,47.26510238647461,146.57998657226562,260.11785888671875,61.759361267089844,694.6728515625,24.42693328857422,212.56832885742188,589.2225952148438,98.39430236816406,5994.56982421875
2025-02-04,231.53518676757812,45.396018981933594,1015.1685180664062,86.72903442382812,206.75885009765625,47.836334228515625,148.14356994628906,261.21954345703125,62.39323806762695,701.3759765625,24.119264602661133,214.7515869140625,593.17529296875,99.61013793945312,6037.8798828125
2025-02-05,231.2069854736328,45.78476333618164,1036.0511474609375,86.96847534179688,192.41482543945312,48.10352325439453,149.30177307128906,263.6470642089844,63.79751968383789,702.05322265625,24.65068817138672,218.90966796875,595.5803833007812,101.28069305419922,6061.47998046875
2025-02-06,231.9529266357422,46.39704132080078,1044.10791015625,88.34529113769531,192.42478942871094,48.822181701660156,148.16285705566406,269.9548034667969,63.3001708984375,709.144775390625,24.081968307495117,218.6219024658203,597.6503295898438,101.66619873046875,6083.56982421875
2025-02-07,226.39329528808594,46.066612243652344,1038.1207275390625,87.43739318847656,186.2830352783203,48.92352294921875,147.78643798828125,268.88238525390625,63.387939453125,711.6646118164062,23.99806022644043,215.21800231933594,592.1796875,99.98577117919922,6025.990234375
2025-02-10,226.662109375,45.357139587402344,1056.1319580078125,87.29771423339844,187.3381805419922,49.62375259399414,148.86744689941406,264.2417907714844,63.66099166870117,714.5331420898438,24.119264602661133,218.0264434814453,596.2013549804688,101.73539733886719,6066.43994140625
2025-02-11,231.61053466796875,45.4737663269043,1052.5712890625,86.82881164550781,186.21336364746094,50.3055419921875,150.6916046142578,268.0926818847656,63.436710357666016,716.9235229492188,23.802274703979492,218.2249298095703,596.65478515625,101.29058074951172,6068.5
2025-02-12,235.84210205078125,44.91008377075195,1059.3143310546875,85.701416015625,184.5808563232422,50.747798919677734,149.85189819335938,268.5411376953125,64.16809844970703,722.4812622070312,23.74633026123047,218.46310424804688,594.732666015625,102.41744995117188,6051.97021484375
2025-02-13,240.48187255859375,45.02670669555664,1070.9903564453125,93.2638931274414,187.0196533203125,50.84914016723633,151.7725830078125,269.3893127441406,64.0023193359375,725.6486206054688,23.904829025268555,221.1425323486328,601.0115966796875,103.84088134765625,6115.06982421875
2025-02-14,243.53857421875,45.638980865478516,1066.0076904296875,91.996826171875,186.01426696777344,50.75701141357422,150.71090698242188,269.652587890625,63.82592010498047,733.72607421875,23.802274703979492,221.3708038330078,600.9819946289062,102.84251403808594,6114.6298828125
2025-02-18,243.40911865234375,45.2210807800293,1050.2740478515625,92.45576477050781,184.94915771484375,52.406219482421875,150.7887420654297,272.9283142089844,63.95331954956055,713.5072631835938,23.830242156982422,225.0326690673828,602.7463989257812,102.58549499511719,6129.580078125
2025-02-19,243.80735778808594,44.71570587158203,1056.7486572265625,92.30609893798828,186.27308654785156,52.47992706298828,153.61012268066406,272.245849609375,64.13951873779297,700.9576416015625,24.137910842895508,228.77395629882812,604.1658325195312,102.80297088623047,6144.14990234375
2025-02-20,244.76321411132812,44.02568054199219,1029.1895751953125,91.8770980834961,185.7853240966797,51.56779479980469,155.3516082763672,260.10809326171875,63.100738525390625,692.063232421875,24.147232055664062,229.3098602294922,601.6522827148438,96.09111022949219,6117.52001953125
2025-02-21,244.48443603515625,43.54946517944336,1029.388427734375,90.8794174194336,180.74850463867188,51.66914367675781,157.9005889892578,257.6123352050781,63.75732421875,680.818359375,24.520160675048828,222.2738494873047,591.361572265625,93.68907928466797,6013.1298828125
2025-02-24,246.0277099609375,43.209312438964844,1029.9554443359375,90.3606185913086,180.3602752685547,51.319026947021484,159.3015594482422,254.7850341796875,63.5809211730957,665.4600219726562,24.846477508544922,217.0539093017578,588.6705932617188,92.59185791015625,5983.25
2025-02-25,245.96795654296875,42.70393753051758,1049.9061279296875,90.60005187988281,176.5577850341797,53.22622299194336,161.58786010742188,250.94386291503906,64.15911865234375,654.8724975585938,24.93038558959961,212.57827758789062,585.7430419921875,96.56559753417969,5955.25
2025-02-26,239.31695556640625,42.70393753051758,1026.3450927734375,90.50028228759766,173.90000915527344,53.65924835205078,158.659423828125,252.29904174804688,62.522552490234375,671.0077514648438,24.632041931152344,216.27984619140625,586.038818359375,95.0927505493164,5956.06005859375
2025-02-27,236.27023315429688,42.87887191772461,1016.14111328125,89.1933364868164,169.4305877685547,53.61318588256836,159.2918243408203,252.552490234375,62.64995193481445,655.6095581054688,24.333698272705078,203.6865234375,576.6844482421875,95.67595672607422,5861.56982421875
2025-02-28,240.79052734375,44.80317306518555,1042.8946533203125,87.14806365966797,171.43136596679688,55.197898864746094,160.54684448242188,258.0120544433594,63.52212905883789,665.52978515625,24.641366958618164,206.93162536621094,585.6838989257812,97.47501373291016,5954.5
2025-03-03,236.9970703125,44.27836608886719,1041.14404296875,86.2501449584961,167.88768005371094,55.58487319946289,162.74560546875,254.0831298828125,61.630775451660156,652.4323120117188,24.473548889160156,199.6177520751953,575.4227905273438,96.46674346923828,5849.72021484375
2025-03-04,234.9061737060547,41.469661712646484,1031.218505859375,84.11508178710938,171.819580078125,55.677001953125,160.93601989746094,243.97320556640625,61.91496658325195,637.4424438476562,24.007383346557617,200.72923278808594,568.611572265625,93.87689971923828,5778.14990234375
2025-03-05,234.71701049804688,41.10035705566406,1042.0390625,84.56404876708984,174.18870544433594,56.73655319213867,160.64414978027344,245.2211151123047,61.27798080444336,653.8465576171875,24.184524536132812,205.05604553222656,574.7229614257812,94.87528228759766,5842.6298828125
2025-03-06,234.3087921142578,40.293704986572266,1021.0243530273438,85.21255493164062,173.41226196289062,54.8662109375,161.3348846435547,240.3562774658203,62.502952575683594,625.4207153320312,24.464223861694336,196.5314483642578,564.5209350585938,93.55069732666016,5738.52001953125
2025-03-07,238.03256225585938,40.48930740356445,959.053955078125,86.37983703613281,174.9451904296875,55.1417350769043,162.17160034179688,236.203125,65.36448669433594,623.1597900390625,24.921062469482422,202.2971954345703,567.6849975585938,90.66431427001953,5770.2001953125
2025-03-10,226.4928436279297,38.95384216308594,929.31689453125,85.16266632080078,167.2318572998047,52.947086334228516,163.15420532226562,226.3954620361328,66.36407470703125,595.6002807617188,24.8371524810791,192.9390106201172,552.5643920898438,86.80919647216797,5614.56005859375
2025-03-11,219.8816680908203,38.73868179321289,925.4183349609375,85.39212036132812,165.4081573486328,52.70956802368164,161.3640899658203,223.39271545410156,65.21748352050781,603.2894287109375,24.231142044067383,190.65655517578125,547.9710693359375,86.4335708618164,5572.06982421875
2025-03-12,216.03843688964844,39.032081604003906,922.02685546875,83.5962905883789,168.41775512695312,52.95658874511719,158.43568420410156,222.18380737304688,63.68872833251953,617.0841064453125,23.970090866088867,194.58636474609375,550.8788452148438,84.21934509277344,5599.2998046875
2025-03-13,208.77008056640625,38.797359466552734,885.7655639648438,81.26170349121094,164.16246032714844,52.852081298828125,158.57188415527344,219.5417938232422,64.77649688720703,588.2796630859375,23.867534637451172,193.6138458251953,543.5353393554688,83.52741241455078,5521.52001953125
2025-03-14,212.56356811523438,39.99052429199219,898.9931030273438,81.78050231933594,167.04251098632812,54.22017288208008,158.39675903320312,226.60992431640625,63.7965202331543,605.7102661132812,23.979413986206055,199.58798217773438,554.7625122070312,84.36762237548828,5638.93994140625
2025-03-17,213.0713653564453,40.528419494628906,911.6139526367188,82.27934265136719,165.9961395263672,54.93272018432617,158.4259490966797,228.06256103515625,65.06068420410156,603.0186767578125,24.287084579467773,202.88270568847656,559.0403442382812,86.4533462524414,5675.1201171875
2025-03-18,211.7670440673828,40.73380661010742,893.1550903320312,81.95011138916016,162.10955810546875,55.74977493286133,159.7977294921875,229.07647705078125,64.668701171875,580.5487670898438,24.52948570251465,200.19090270996094,552.9981079101562,84.60486602783203,5614.66015625
2025-03-19,214.30596923828125,41.281490325927734,899.1223754882812,82.20950317382812,165.70713806152344,55.91128158569336,158.57188415527344,233.1126251220703,64.1689224243164,582.2435913085938,24.43625259399414,201.8204803466797,559.0206298828125,85.33634185791016,5675.2900390625
2025-03-20,213.17091369628906,41.54554748535156,890.5195922851562,81.62086486816406,164.4813690185547,54.733211517333984,158.60105895996094,233.01513671875,63.424129486083984,584.1774291992188,24.417606353759766,200.21078491210938,557.4041137695312,84.82232666015625,5662.89013671875
2025-03-21,217.3228302001953,41.53577423095703,904.3040771484375,81.3016128540039,165.67724609375,54.942222595214844,159.19454956054688,235.5694122314453,64.09051513671875,594.3956298828125,24.50151824951172,198.1141815185547,557.5880126953125,85.2237777709961,5667.56005859375
2025-03-24,219.7721405029297,42.12256622314453,920.992431640625,81.51112365722656,169.34457397460938,55.0847282409668,158.86373901367188,241.83816528320312,64.09051513671875,616.92529296875,24.370990753173828,203.99658203125,567.5736083984375,86.72048950195312,5767.56982421875
2025-03-25,222.77903747558594,42.32794952392578,925.1895751953125,82.26937103271484,172.1947021484375,55.45525360107422,156.65528869628906,244.83116149902344,63.05174255371094,624.3621826171875,23.820919036865234,202.8936309814453,568.9379272460938,84.01449584960938,5776.64990234375
2025-03-26,220.56866455078125,41.87806701660156,924.6823120117188,80.81275177001953,166.5641632080078,55.43625259399414,157.33631896972656,244.73365783691406,64.70789337158203,609.0797729492188,23.503929138183594,197.20994567871094,562.1458129882812,84.46054077148438,5712.2001953125
2025-03-27,222.87863159179688,41.62379455566406,933.63330078125,81.4712142944336,163.51470947265625,55.4267578125,158.70809936523438,241.89663696289062,64.8156967163086,600.7059936523438,23.317466735839844,193.32476806640625,560.6528930664062,84.87684631347656,5693.31005859375
2025-03-28,216.95440673828125,40.34260177612305,924.5927734375,79.82502746582031,155.52232360839844,54.88521957397461,159.2723846435547,236.75885009765625,65.38409423828125,574.9463500976562,23.503929138183594,187.48208618164062,549.3623046875,84.40106964111328,5580.93994140625
2025-03-31,221.16607666015625,40.81204605102539,940.625,80.52340698242188,155.69174194335938,54.56219482421875,161.34463500976562,239.1473846435547,66.33467864990234,574.5675048828125,23.625131607055664,186.975341796875,553.0501098632812,87.01785278320312,5611.85009765625
2025-04-01,222.22146606445312,40.577327728271484,949.197998046875,79.38604736328125,158.33262634277344,54.40068054199219,149.09591674804688,237.5485076904297,66.77565002441406,584.1774291992188,22.8792724609375,187.07472229003906,554.6121215820312,88.0487060546875,5633.06982421875
2025-04-02,222.91842651367188,40.92940902709961,959.81982421875,79.17652893066406,158.3126983642578,55.075233459472656,151.14869689941406,239.6543426513672,65.92306518554688,582.1138916015625,23.028444290161133,188.27700805664062,558.1219482421875,88.97052001953125,5670.97021484375
2025-04-03,202.30825805664062,36.40126037597656,961.808837890625,71.83354187011719,152.10415649414062,50.82844161987305,155.48780822753906,222.95399475097656,69.32359313964844,529.9666137695312,22.646190643310547,169.2783966064453,530.6172485351562,86.49251556396484,5396.52001953125
2025-04-04,187.56253051757812,33.63350296020508,911.484619140625,60.3701057434082,147.23101806640625,47.35120391845703,149.086181640625,206.26849365234375,65.83486938476562,503.1603088378906,21.41551971435547,156.62924194335938,499.5533447265625,82.45831298828125,5074.080078125
2025-04-07,180.6725616455078,34.79733657836914,903.18017578125,60.849002838134766,148.72584533691406,46.00210952758789,146.5371856689453,210.34913635253906,65.12928771972656,514.6444091796875,21.098526000976562,160.24612426757812,498.66357421875,83.09268188476562,5062.25
2025-04-08,171.67178344726562,34.25942611694336,903.7967529296875,58.61417770385742,146.07501220703125,44.34900665283203,145.9340057373047,212.7327423095703,65.04109191894531,508.86248779296875,20.361989974975586,153.8768310546875,490.85308837890625,81.07062530517578,4982.77001953125
2025-04-09,197.98709106445312,36.33279800415039,959.9291381835938,64.82977294921875,160.50511169433594,46.9046745300293,146.87770080566406,229.86949157714844,64.51190948486328,583.9482421875,20.96800422668457,182.4542236328125,542.402099609375,88.81192779541016,5456.89990234375
2025-04-10,189.59365844726562,35.0613899230957,959.053955078125,62.13601303100586,154.834716796875,45.812103271484375,144.65951538085938,222.7774200439453,66.54046630859375,544.5910034179688,20.128910064697266,167.5395050048828,518.6346435546875,89.81304931640625,5268.0498046875
2025-04-11,197.29013061523438,35.15919494628906,958.1588134765625,62.664791107177734,158.85081481933594,47.39870834350586,147.61709594726562,231.69400024414062,66.85405731201172,541.8794555664062,20.42725372314453,171.1663360595703,527.8885498046875,91.9837875366211,5363.35986328125
2025-04-14,201.64117431640625,35.86334991455078,973.9821166992188,64.24113464355469,160.91371154785156,48.49128723144531,150.17581176757812,230.24224853515625,67.69684600830078,529.8270874023438,20.6230411529541,172.29910278320312,533.0098266601562,93.89681243896484,5405.97021484375
2025-04-15,201.26280212402344,37.15431594848633,971.59521484375,62.95412063598633,158.13331604003906,49.58385467529297,149.45587158203125,228.68258666992188,66.77565002441406,519.8980712890625,20.92138671875,173.00460815429688,531.5169677734375,93.14349365234375,5396.6298828125
2025-04-16,193.42697143554688,36.50883865356445,962.4751586914062,61.33787155151367,154.96426391601562,49.38434600830078,149.73802185058594,225.229736328125,67.62824249267578,500.7477722167969,20.5484561920166,166.32725524902344,519.7023315429688,90.38795471191406,5275.7001953125
2025-04-17,196.1251983642578,36.58707809448242,989.0794067382812,62.22581100463867,152.8316650390625,49.87837600708008,153.20150756835938,227.534912109375,69.79399108886719,499.92041015625,20.641691207885742,165.4925994873047,520.44384765625,92.40010070800781,5282.7001953125
2025-04-21,192.32177734375,36.107852935791016,952.5496215820312,60.340179443359375,149.3437042236328,49.507850646972656,152.66641235351562,224.62156677246094,70.8621597290039,483.1526794433594,20.5484561920166,162.60108947753906,508.05584716796875,91.59721374511719,5158.2001953125
2025-04-22,198.8732452392578,37.47705841064453,973.8926391601562,61.507476806640625,153.36978149414062,51.31297302246094,153.4739227294922,231.0956573486328,71.51875305175781,498.7240905761719,21.00529670715332,165.76089477539062,521.2743530273438,94.01575469970703,5287.759765625
2025-04-23,203.71212768554688,37.89759826660156,970.5211791992188,64.73998260498047,157.1766357421875,53.21310043334961,151.1681671142578,236.28472900390625,70.5583724975586,518.6520385742188,20.87476921081543,171.97122192382812,529.3517456054688,94.12478637695312,5375.85986328125
2025-04-24,207.4657745361328,38.7093391418457,970.1630859375,66.9249267578125,160.91371154785156,52.918582916259766,150.73036193847656,239.97299194335938,69.92138671875,531.4918823242188,21.238378524780273,181.86798095703125,540.4940795898438,94.99703979492188,5484.77001953125
2025-04-25,208.37181091308594,38.81692123413086,971.8338623046875,68.2974624633789,163.28549194335938,53.1941032409668,150.38986206054688,238.90380859375,68.5984115600586,545.5679931640625,21.3689022064209,183.6366729736328,544.3992919921875,94.2536392211914,5525.2099609375
2025-04-28,209.2281036376953,38.904937744140625,973.206298828125,67.94808959960938,161.8604278564453,53.52662658691406,151.13897705078125,238.580078125,68.96101379394531,548.0302734375,21.49010467529297,183.30877685546875,544.6068725585938,94.38250732421875,5528.75
2025-04-29,210.29345703125,39.11032485961914,986.294677734375,67.96804809570312,161.5016632080078,54.60020065307617,151.68380737304688,239.953369140625,69.9507827758789,552.7156982421875,22.18002700805664,181.3512725830078,548.0375366210938,95.1952896118164,5560.830078125
2025-04-30,211.57785034179688,39.00274658203125,989.0794067382812,70.20404815673828,160.335693359375,53.27960968017578,152.0729522705078,239.953369140625,70.76416015625,547.2926025390625,22.758068084716797,182.67282104492188,548.2550659179688,96.3946533203125,5569.06005859375
2025-05-01,212.39430236816406,39.28636169433594,993.5946655273438,67.5488052368164,162.22914123535156,52.377044677734375,150.2731170654297,242.18008422851562,70.7347640991211,570.430419921875,22.3105525970459,182.42440795898438,552.1404418945312,96.5532455444336,5604.14013671875
2025-05-02,204.4589080810547,40.16656494140625,1004.1107177734375,70.40367889404297,165.23873901367188,53.688133239746094,151.8881072998047,247.69287109375,70.57796478271484,595.1632080078125,22.562278747558594,188.8235321044922,560.3365478515625,97.88146209716797,5686.669921875
2025-05-05,198.0269012451172,40.2154655456543,1010.67333984375,69.24575805664062,165.47792053222656,53.849647521972656,150.7984619140625,247.74191284179688,71.42074584960938,597.40625,22.25461196899414,187.372802734375,557.1233520507812,98.45635223388672,5650.3798828125
2025-05-06,197.6485595703125,39.941627502441406,1006.3016357421875,66.96984100341797,164.63084411621094,53.79264450073242,150.28282165527344,244.49505615234375,71.50894927978516,585.4834594726562,21.331607818603516,185.58424377441406,552.466796875,97.68321990966797,5606.91015625
2025-05-07,195.3983612060547,40.02964782714844,1002.965576171875,68.69674682617188,152.27357482910156,53.46961975097656,153.03611755371094,244.6323699951172,70.93075561523438,594.953857421875,21.24770164489746,188.83346557617188,554.7901000976562,97.96074676513672,5631.27978515625
2025-05-08,196.63299560546875,40.684906005859375,1003.523193359375,70.37374114990234,155.2134246826172,53.85914611816406,151.44058227539062,248.63453674316406,70.3721694946289,596.150146484375,21.41551971435547,190.5226593017578,558.6558227539062,96.57306671142578,5663.93994140625
2025-05-09,197.66847229003906,40.870723724365234,1003.9016723632812,69.74485778808594,153.84812927246094,54.40549850463867,150.0396270751953,248.2519989013672,70.43097686767578,590.6473999023438,21.16849136352539,192.7086944580078,557.9439697265625,96.10110473632812,5659.91015625
2025-05-12,210.15048217773438,42.40618896484375,1011.9281616210938,73.9772720336914,159.03021240234375,55.8241081237793,149.96177673339844,255.0889892578125,67.65763092041016,637.4413452148438,21.938079833984375,206.55026245117188,576.382568359375,96.13090515136719,5844.18994140625
2025-05-13,212.28399658203125,43.30595397949219,994.8792724609375,73.6977767944336,160.335693359375,55.91996383666992,144.41629028320312,257.9925842285156,66.138671875,653.98974609375,21.72905731201172,212.40286254882812,580.18896484375,95.26647186279297,5886.5498046875
2025-05-14,211.6858367919922,43.75583267211914,987.4203491210938,72.70954132080078,166.2353057861328,55.84327697753906,142.39266967773438,260.5724182128906,65.0116958618164,657.3093872070312,20.92146110534668,213.42633056640625,580.9304809570312,96.21039581298828,5892.580078125
2025-05-15,210.80850219726562,43.403751373291016,1006.271728515625,72.7794189453125,164.8301544189453,56.37046432495117,145.5545654296875,262.3870544433594,66.56756591796875,641.8775634765625,21.47252655029297,212.0550994873047,583.7679443359375,95.73346710205078,5916.93017578125
2025-05-16,210.6190643310547,43.706932067871094,1021.5679321289062,72.9990234375,166.85316467285156,56.427974700927734,147.2279510498047,262.45574951171875,67.79847717285156,638.3485107421875,21.691051483154297,211.77687072753906,587.465576171875,97.61136627197266,5958.3798828125
2025-05-19,208.14659118652344,43.78517532348633,1030.04248046875,72.96908569335938,167.29164123535156,57.19478988647461,148.35650634765625,259.826904296875,67.90679168701172,638.438232421875,21.852571487426758,210.5050048828125,588.1082153320312,97.49214172363281,5963.60009765625
2025-05-20,206.232421875,43.706932067871094,1032.51220703125,71.72132110595703,164.75045776367188,57.50151824951172,149.49478149414062,260.6116027832031,68.43854522705078,635.1185913085938,22.346628189086914,210.19696044921875,586.1307983398438,97.1741943359375,5940.4599609375
2025-05-21,201.47689819335938,42.298606872558594,1021.0402221679688,69.45539093017578,169.47412109375,56.878482818603516,149.02781677246094,256.06011962890625,67.84770965576172,633.5234985351562,21.89057731628418,206.35153198242188,576.2540893554688,95.81295776367188,5844.60986328125
2025-05-22,200.7490997314453,42.35729217529297,1013.8999633789062,69.31563568115234,171.3874969482422,56.94557571411133,148.47323608398438,255.69720458984375,66.91221618652344,634.5902099609375,21.89057731628418,204.4437255859375,576.4815063476562,95.31615447998047,5842.009765625
2025-05-23,194.67758178710938,42.24971008300781,1004.3099365234375,69.03614044189453,169.00572204589844,56.78262710571289,148.7943115234375,255.73643493652344,67.54244232177734,625.1097412109375,22.156606674194336,201.2739715576172,572.5465087890625,95.7235336303711,5802.81982421875
2025-05-27,199.60260009765625,43.24727249145508,1013.561279296875,70.88282012939453,173.38059997558594,56.6676025390625,150.3740997314453,260.22906494140625,66.79405212402344,640.3223266601562,22.432140350341797,207.96124267578125,584.4501342773438,96.95559692382812,5921.5400390625
2025-05-28,199.8119659423828,43.090797424316406,1008.9306640625,71.02256774902344,172.78268432617188,56.2650260925293,149.56947326660156,258.46337890625,66.65618896484375,641.5784301757812,22.023591995239258,206.91790771484375,581.0689086914062,96.61776733398438,5888.5498046875
2025-05-29,199.3433837890625,43.2668342590332,1004.5488891601562,71.40188598632812,172.3641357421875,56.74428939819336,150.69789123535156,259.3266296386719,65.927490234375,643.0438842773438,22.280122756958008,207.76251220703125,583.362548828125,96.47867584228516,5912.169921875
2025-05-30,200.24066162109375,43.15925598144531,1035.8583984375,70.41366577148438,172.25450134277344,56.82096481323242,152.2973175048828,258.96368408203125,67.18794250488281,645.4762573242188,22.318124771118164,203.6388702392578,582.7101440429688,98.08831024169922,5911.68994140625
2025-06-02,201.08807373046875,43.110355377197266,1052.458984375,70.02436828613281,169.7830352783203,57.50151824951172,152.48373413085938,259.611083984375,67.15839385986328,668.8134765625,22.289621353149414,206.70924377441406,585.992431640625,99.13157653808594,5935.93994140625
2025-06-03,202.6533203125,43.667816162109375,1051.2042236328125,71.03255462646484,167.13221740722656,56.897647857666016,151.5221405029297,261.1903381347656,66.05550384521484,664.7760620117188,22.185110092163086,212.26376342773438,589.3341674804688,99.34024047851562,5970.3701171875
2025-06-04,202.2046661376953,43.38418960571289,1047.3204345703125,71.00260925292969,168.80641174316406,56.84972381591797,150.3446502685547,259.1794738769531,65.32679748535156,685.8104858398438,22.223114013671875,215.423583984375,589.1759643554688,98.71426391601562,5970.81005859375
2025-06-05,200.0213165283203,43.403751373291016,1006.6103515625,71.42185974121094,169.2249755859375,57.12769317626953,150.77638244628906,256.95281982421875,65.22833251953125,682.49072265625,21.966585159301758,214.51934814453125,586.3285522460938,97.33316802978516,5939.2998046875
2025-06-06,203.30133056640625,44.239952087402344,1010.72314453125,71.49172973632812,174.31736755371094,57.50151824951172,152.12069702148438,260.66064453125,65.13970184326172,695.5401000976562,22.185110092163086,215.96014404296875,592.349609375,96.84630584716797,6000.35986328125
2025-06-09,200.8388214111328,44.14157485961914,1001.99951171875,71.54164123535156,177.23081970214844,57.79865646362305,152.31692504882812,261.6513977050781,64.48978424072266,691.9014282226562,22.774179458618164,221.04763793945312,592.8834228515625,96.82642364501953,6005.8798828125
2025-06-10,202.0551300048828,44.35800552368164,1003.0850219726562,73.78761291503906,179.60543823242188,57.089351654052734,153.51405334472656,263.4759216308594,64.43070220947266,700.2155151367188,23.08771514892578,225.87680053710938,596.2449340820312,96.69725799560547,6038.81005859375
2025-06-11,198.1769256591797,44.003849029541016,992.6386108398438,73.26854705810547,178.38819885253906,56.95515823364258,152.3463592529297,263.0345153808594,63.633079528808594,691.981201171875,23.25873565673828,225.12159729003906,594.5443725585938,95.1869888305664,6022.240234375
2025-06-12,198.5956573486328,43.895633697509766,998.5440673828125,72.97905731201172,176.57229614257812,57.67404556274414,153.7200927734375,263.1227722167969,64.06635284423828,691.20361328125,23.60077667236328,225.4296417236328,596.9072875976562,94.22319030761719,6045.259765625
2025-06-13,195.85400390625,43.37424087524414,986.095947265625,72.12059783935547,175.48475646972656,56.72511672973633,154.15185546875,259.89556884765625,64.5587158203125,680.7462768554688,23.315744400024414,219.55715942382812,590.2338256835938,93.835693359375,5976.97021484375
2025-06-16,197.81802368164062,43.68904113769531,980.2702026367188,72.72950744628906,177.5401153564453,57.12769317626953,152.30711364746094,265.2023010253906,65.0018539428711,700.4749145507812,23.182729721069336,226.49111938476562,595.8494873046875,93.68665313720703,6033.10986328125
2025-06-17,195.04644775390625,43.511966705322266,973.6577758789062,71.01258850097656,176.8317108154297,56.09249496459961,149.52041625976562,264.37835693359375,64.94275665283203,695.5963134765625,22.802682876586914,224.69862365722656,590.7578125,93.64690399169922,5982.72021484375
2025-06-18,195.98361206054688,44.3284912109375,970.8495483398438,71.76124572753906,173.58900451660156,56.73469924926758,147.9013671875,268.733642578125,64.51932525634766,694.1398315429688,22.688669204711914,225.61477661132812,590.6688232421875,94.48152160644531,5980.8701171875
2025-06-20,200.39019775390625,44.761348724365234,976.2171020507812,71.15233612060547,167.35305786132812,56.0062255859375,146.97900390625,269.75384521484375,70.87081909179688,680.751220703125,22.774179458618164,224.1708526611328,589.2816162109375,95.50494384765625,5967.83984375
2025-06-23,200.888671875,45.548362731933594,1000.3065795898438,71.03255462646484,165.6369171142578,56.48548889160156,148.48031616210938,272.96142578125,72.86981964111328,696.8933715820312,22.831186294555664,225.5649871826172,595.1022338867188,97.24374389648438,6025.169921875
2025-06-24,199.69232177734375,45.90251541137695,997.7572631835938,71.85108184814453,167.363037109375,58.201236724853516,149.333984375,275.8943786621094,72.29867553710938,710.5313110351562,23.097217559814453,234.11917114257812,601.676513671875,97.37290954589844,6092.18017578125
2025-06-25,200.948486328125,46.08943176269531,982.441162109375,72.61969757080078,171.10459899902344,58.555885314941406,149.42230224609375,278.6409606933594,71.11699676513672,707.01953125,23.049713134765625,236.22036743164062,602.0136108398438,96.63764953613281,6092.16015625
2025-06-26,200.39019775390625,46.68952941894531,978.8262329101562,74.7259292602539,174.0380096435547,57.97119140625,149.1573486328125,283.24151611328125,70.19136047363281,724.3887939453125,23.030710220336914,238.0725860595703,606.7236328125,95.40557098388672,6141.02001953125
2025-06-27,200.469970703125,46.35505294799805,981.0469970703125,74.24678802490234,177.86936950683594,58.297080993652344,149.5498504638672,281.6328125,70.3292236328125,731.9110717773438,22.983205795288086,237.86346435546875,609.7380981445312,96.64757537841797,6173.06982421875
2025-06-30,204.54754638671875,46.55180358886719,985.8270263671875,73.93733978271484,176.99134826660156,58.26832962036133,149.8834686279297,284.37939453125,70.63448333740234,736.3607177734375,23.030710220336914,237.70413208007812,612.6533813476562,97.1543197631836,6204.9501953125
2025-07-01,207.18951416015625,47.36833190917969,981.8635864257812,75.81396484375,176.51243591308594,57.769901275634766,152.99398803710938,284.869873046875,70.26028442382812,717.5348510742188,23.79079818725586,236.62864685058594,612.455078125,97.61136627197266,6198.009765625
2025-07-02,211.7954864501953,47.91923904418945,978.2785034179688,75.98367309570312,179.35601806640625,58.13414001464844,152.6407470703125,286.4295349121094,69.15739440917969,711.8980712890625,24.05682945251465,241.12979125976562,615.2315063476562,96.98540496826172,6227.419921875
2025-07-03,212.90211486816406,48.13566970825195,982.919189453125,75.93375396728516,180.1442413330078,58.15330505371094,153.08229064941406,291.75201416015625,68.76350402832031,717.3253784179688,24.11383628845215,242.3247833251953,620.0803833007812,97.73060607910156,6279.35009765625
2025-07-07,209.3130340576172,47.87004852294922,988.0577392578125,74.47637176513672,177.1609649658203,58.402523040771484,152.35618591308594,287.77984619140625,70.3587646484375,716.6668701171875,23.980819702148438,237.78379821777344,615.4595336914062,98.71426391601562,6229.97998046875
2025-07-08,209.37286376953125,46.38456344604492,981.7440795898438,75.0653076171875,174.766357421875,59.01597595214844,152.8664093017578,278.72174072265625,68.67488098144531,718.9813842773438,24.341867446899414,242.3247833251953,615.1224365234375,96.4687271118164,6225.52001953125
2025-07-09,210.4994354248047,46.07959747314453,978.0096435546875,75.37477111816406,177.26075744628906,59.49523162841797,153.34722900390625,279.0962829589844,69.18693542480469,731.0631103515625,24.28485679626465,243.1015167236328,618.8110961914062,96.19052124023438,6263.259765625
2025-07-10,211.76559448242188,46.20748519897461,966.13916015625,76.36299896240234,178.29840087890625,60.17578125,154.73077392578125,284.05413818359375,69.63006591796875,725.5360107421875,24.493881225585938,245.52139282226562,620.5563354492188,94.25299835205078,6280.4599609375
2025-07-11,210.5193634033203,45.971378326416016,966.298583984375,74.99543762207031,180.90252685546875,59.150169372558594,153.95559692382812,282.7431640625,69.5020523071289,715.8289184570312,24.370365142822266,245.14297485351562,618.3748168945312,93.79594421386719,6259.75
2025-07-14,207.98707580566406,46.30585861206055,976.8345947265625,74.31665802001953,182.39915466308594,59.91697692871094,153.87710571289062,284.55682373046875,71.1662368774414,719.2308349609375,24.0853328704834,242.812744140625,619.5548095703125,95.1671142578125,6268.56005859375
2025-07-15,208.47560119628906,45.40079879760742,963.6595458984375,74.25676727294922,182.6885223388672,59.25560760498047,152.258056640625,282.4376525878906,70.78219604492188,708.7255859375,23.38224983215332,245.2325897216797,616.9072875976562,94.77960968017578,6243.759765625
2025-07-16,209.52239990234375,45.282745361328125,947.4172973632812,75.31485748291016,183.3570098876953,59.94573974609375,161.68771362304688,281.7181396484375,70.8117446899414,701.2630004882812,23.38224983215332,244.5653839111328,618.9697265625,94.54114532470703,6263.7001953125
2025-07-17,209.38282775878906,46.25667190551758,949.9467163085938,76.10344696044922,184.284912109375,60.626285552978516,159.92149353027344,285.73956298828125,71.11699676513672,699.7665405273438,23.353748321533203,245.50148010253906,622.7576293945312,94.48152160644531,6297.35986328125
2025-07-18,210.539306640625,46.55180358886719,946.9990234375,75.82395935058594,185.5221405029297,60.21412658691406,160.6279754638672,287.08990478515625,70.29969024658203,702.6298828125,23.249235153198242,245.7006378173828,622.3014526367188,94.4417953491211,6296.7900390625
2025-07-21,211.8353729248047,46.709205627441406,943.6231689453125,74.02718353271484,190.7204132080078,60.96176528930664,161.27560424804688,286.7942199707031,70.92005157470703,711.2994384765625,23.049713134765625,245.9197235107422,623.4815063476562,95.05781555175781,6305.60009765625
2025-07-22,213.74952697753906,46.99449920654297,937.6978759765625,76.35299682617188,191.67825317382812,61.402679443359375,164.77859497070312,287.2475891113281,71.50104522705078,703.1585693359375,23.88580894470215,242.52395629882812,623.5707397460938,95.23666381835938,6309.6201171875
2025-07-23,213.50030517578125,47.358489990234375,937.2796020507812,77.11164855957031,191.07960510253906,62.42829895019531,165.92665100097656,292.5011291503906,71.76691436767578,711.9080810546875,24.09483528137207,241.0501251220703,628.8757934570312,95.0677490234375,6358.91015625
2025-07-24,213.11148071289062,47.60443115234375,929.9202880859375,76.63250732421875,192.76580810546875,62.28452682495117,166.3780059814453,292.2940979003906,71.2745590209961,713.125244140625,24.0853328704834,240.5522003173828,629.0839233398438,95.98186492919922,6363.35009765625
2025-07-25,213.2311248779297,47.66345977783203,931.59326171875,77.50634002685547,193.6438446044922,62.22700881958008,165.14166259765625,294.33441162109375,70.36860656738281,711.0101318359375,23.959688186645508,240.5322723388672,631.7413940429688,96.84630584716797,6388.64013671875
2025-07-28,213.40061950683594,47.44702911376953,930.1094970703125,77.63616180419922,192.98532104492188,61.80526351928711,163.10069274902344,293.9992980957031,68.26129150390625,715.9486083984375,23.495763778686523,244.7247314453125,631.5828247070312,96.98540496826172,6389.77001953125
2025-07-29,210.62904357910156,47.17157745361328,930.6870727539062,77.6161880493164,195.98854064941406,62.36119842529297,164.95521545410156,292.7771301269531,68.2416000366211,698.35986328125,23.486099243164062,245.16290283203125,629.9169311523438,97.70079803466797,6370.85986328125
2025-07-30,208.415771484375,47.18141174316406,923.6563720703125,71.54430389404297,196.9962921142578,58.92970657348633,164.1211700439453,295.3299255371094,68.2416000366211,693.5811157226562,23.012510299682617,246.91554260253906,629.1236572265625,96.96553039550781,6362.89990234375
2025-07-31,206.94027709960938,46.50261306762695,935.7360229492188,71.22473907470703,192.42657470703125,58.75717544555664,161.6484832763672,291.9885559082031,69.02938842773438,771.6278076171875,22.509929656982422,239.02859497070312,626.763671875,97.35303497314453,6339.39013671875
2025-08-01,201.76600646972656,44.91875076293945,949.876708984375,69.75669860839844,189.5231170654297,58.82426834106445,164.1898651123047,285.2171936035156,70.27013397216797,748.2527465820312,22.703229904174805,236.250244140625,616.4907836914062,97.85977172851562,6238.009765625
2025-08-04,202.7330780029297,45.10566711425781,952.71875,70.54564666748047,195.3101043701172,59.22684860229492,167.83023071289062,290.0369873046875,70.49662017822266,774.5509643554688,22.74188995361328,239.3970489501953,625.8612670898438,98.95272827148438,6329.93994140625
2025-08-05,202.3043670654297,44.820377349853516,941.0112915039062,70.6455078125,194.8810577392578,59.45689392089844,167.53587341308594,287.1884460449219,70.65418243408203,761.6712036132812,23.9210262298584,237.7340087890625,622.688232421875,98.67453002929688,6299.18994140625
2025-08-06,212.60302734375,44.682647705078125,965.8721313476562,69.8665542602539,196.4774627685547,60.089515686035156,167.388671875,287.16876220703125,72.60394287109375,770.1812133789062,23.128494262695312,235.94151306152344,627.457763671875,102.6986083984375,6345.06005859375
2025-08-07,219.36245727539062,44.19076156616211,974.7374877929688,71.0050277709961,196.83663940429688,60.33872985839844,168.31105041503906,282.8220520019531,72.63347625732422,760.0449829101562,23.41844367980957,239.835205078125,626.9321899414062,102.46015167236328,6340.0
2025-08-08,228.6541748046875,45.26306915283203,978.2576904296875,71.9038314819336,201.63583374023438,61.067203521728516,170.0772705078125,284.6159362792969,73.10615539550781,767.49755859375,23.75672149658203,241.85675048828125,631.82080078125,103.06625366210938,6389.4501953125
2025-08-11,226.747802734375,45.41063690185547,985.99609375,72.90249633789062,201.1768798828125,61.53687286376953,170.55809020996094,285.4044189453125,73.21446990966797,764.0755615234375,23.75672149658203,241.39866638183594,630.5713500976562,103.26496887207031,6373.4501953125
2025-08-12,229.21310424804688,46.728885650634766,988.4991455078125,74.31061553955078,203.70118713378906,62.27493667602539,169.53759765625,288.6472473144531,72.42668914794922,788.1489868164062,23.824377059936523,249.1163330078125,637.284423828125,102.95694732666016,6445.759765625
2025-08-13,232.88612365722656,46.473106384277344,976.133544921875,75.22938537597656,202.57371520996094,62.27493667602539,171.14678955078125,286.36053466796875,69.25587463378906,778.2523193359375,24.31729507446289,252.82081604003906,639.4658813476562,100.3437728881836,6466.580078125
2025-08-14,232.337158203125,46.93547058105469,972.6832275390625,73.56160736083984,203.36196899414062,63.041751861572266,171.44117736816406,289.93841552734375,68.17267608642578,780.2974243164062,24.268970489501953,253.07972717285156,639.5254516601562,100.20466613769531,6468.5400390625
2025-08-15,231.1494140625,46.17797088623047,969.3424072265625,73.30196380615234,204.44949340820312,61.689544677734375,173.32516479492188,286.32110595703125,68.97435760498047,783.3901977539062,24.297964096069336,247.2840118408203,638.0281372070312,99.59217834472656,6449.7998046875
2025-08-18,230.4507598876953,47.142059326171875,976.6321411132812,73.07227325439453,203.8308868408203,61.747501373291016,172.94247436523438,287.34619140625,69.02383422851562,765.572021484375,24.230308532714844,248.01095581054688,637.8892822265625,100.28932189941406,6449.14990234375
2025-08-19,230.1213836669922,47.299468994140625,978.1280517578125,73.87120056152344,202.0349578857422,61.66057205200195,174.46337890625,286.4886779785156,69.9937744140625,749.71923828125,24.471935272216797,244.12721252441406,634.4286499023438,100.87691497802734,6411.3701171875
2025-08-20,225.5800323486328,47.56507873535156,991.8099975585938,73.77133178710938,199.7401123046875,63.128684997558594,175.48385620117188,288.0459899902344,71.0923843383789,745.9680786132812,24.529926300048828,242.72312927246094,632.7429809570312,102.15170288085938,6395.77978515625
2025-08-21,224.47215270996094,47.47654342651367,966.989013671875,73.05229949951172,200.16912841796875,63.03209686279297,175.57217407226562,287.28704833984375,70.68658447265625,737.3682250976562,24.87786865234375,241.348876953125,630.2044677734375,97.56050109863281,6370.169921875
2025-08-22,227.3267059326172,48.676734924316406,955.8798828125,75.1195297241211,206.25543212890625,63.4377555847168,175.9254150390625,291.9885559082031,68.8456802368164,753.021484375,25.013179779052734,248.05079650878906,639.88232421875,96.43510437011719,6466.91015625
2025-08-25,226.72784423828125,48.676734924316406,938.9669799804688,74.49036407470703,208.68994140625,62.99346160888672,175.0619354248047,290.6678161621094,69.41973114013672,751.5349731445312,24.297964096069336,247.47320556640625,637.0662841796875,95.67820739746094,6439.31982421875
2025-08-26,228.87376403808594,49.43423843383789,938.7277221679688,73.99103546142578,207.482666015625,63.25423812866211,174.44911193847656,294.28515625,68.28153228759766,752.3331298828125,24.0853328704834,249.803466796875,639.7335815429688,95.65828704833984,6465.93994140625
2025-08-27,230.05152893066406,49.562129974365234,946.885009765625,74.16081237792969,207.74208068847656,62.39462661743164,174.74562072753906,294.9849548339844,67.28191375732422,745.62890625,24.230308532714844,250.29139709472656,641.1912841796875,95.68816375732422,6481.39990234375
2025-08-28,232.11758422851562,49.67034149169922,942.337646484375,73.62153625488281,211.89271545410156,62.60711669921875,173.421142578125,296.7492980957031,66.76725006103516,749.35009765625,23.776052474975586,251.49635314941406,643.4619750976562,95.7180404663086,6501.85986328125
2025-08-29,231.69837951660156,49.91628646850586,940.7021484375,73.63152313232422,213.0501251220703,62.269065856933594,175.12123107910156,297.09423828125,67.14334106445312,736.96923828125,23.930694580078125,244.29652404785156,639.6245727539062,96.5844955444336,6460.259765625
2025-09-02,229.28298950195312,49.60147476196289,936.2146606445312,71.5043716430664,211.5135955810547,61.89238357543945,176.00094604492188,295.39892578125,67.93513488769531,733.3875732421875,24.14332389831543,241.81690979003906,634.884765625,97.45094299316406,6415.5400390625
2025-09-03,238.01634216308594,49.24732208251953,947.144287109375,72.28331756591797,230.58065795898438,62.52019119262695,175.94163513183594,295.211669921875,67.49964904785156,735.3230590820312,23.959688186645508,240.6717071533203,638.3255615234375,99.03446197509766,6448.259765625
2025-09-04,239.32383728027344,49.7982292175293,953.2472534179688,74.02099609375,232.1371307373047,62.85824203491211,176.69285583496094,299.4598083496094,67.14334106445312,746.8959350585938,23.718063354492188,243.15130615234375,643.6602783203125,100.51838684082031,6502.080078125
2025-09-05,239.2340087890625,49.23436737060547,960.8062133789062,75.62886047363281,234.64149475097656,63.370147705078125,176.3666534423828,290.1552734375,67.05427551269531,750.68701171875,24.046672821044922,246.01931762695312,641.796142578125,100.10009765625,6481.5
2025-09-08,237.42745971679688,48.92770004272461,969.1530151367188,78.05560302734375,233.84259033203125,63.77580261230469,176.0701446533203,288.70635986328125,67.30170440673828,750.5372924804688,23.727725982666016,247.81179809570312,643.3727416992188,101.86287689208984,6495.14990234375
2025-09-09,233.9041748046875,49.7487678527832,976.532470703125,78.60487365722656,239.61474609375,64.25874328613281,174.91368103027344,293.5754699707031,66.93550109863281,763.9059448242188,23.882366180419922,248.0209197998047,644.8601684570312,101.87284088134766,6512.60986328125
2025-09-10,226.35855102539062,49.590492248535156,953.6361083984375,75.88849639892578,239.23526000976562,66.03592681884766,173.7572021484375,296.22686767578125,66.34165954589844,750.2180786132812,23.747055053710938,252.39260864257812,646.724365234375,100.0005111694336,6532.0400390625
2025-09-11,229.59239196777344,50.203819274902344,961.6439208984375,77.85587310791016,240.45359802246094,66.79895782470703,176.43585205078125,301.1748352050781,66.53961181640625,749.140625,24.02734375,254.12535095214844,652.0988159179688,102.23136901855469,6587.47021484375
2025-09-12,233.6247100830078,50.035648345947266,965.2139892578125,76.33789825439453,241.0528106689453,66.30636596679688,176.00094604492188,302.5054626464844,67.58872985839844,753.8196411132812,23.07050323486328,254.57347106933594,651.8805541992188,103.06793975830078,6584.2900390625
2025-09-15,236.24969482421875,50.0455436706543,957.435546875,77.65613555908203,251.41871643066406,67.07904815673828,175.34857177734375,304.4668884277344,66.71776580810547,762.9082641601562,23.167152404785156,256.7244567871094,655.3511352539062,103.26713562011719,6615.27978515625
2025-09-16,237.6969451904297,50.11478805541992,949.4279174804688,77.37651824951172,251.07919311523438,66.59612274169922,174.41946411132812,304.75274658203125,66.06453704833984,777.1747436523438,23.099496841430664,258.0426940917969,654.4488525390625,102.99822998046875,6606.759765625
2025-09-17,238.5353546142578,50.846824645996094,960.3575439453125,76.52764129638672,249.51132202148438,67.29154205322266,175.15089416503906,307.2760009765625,66.27238464355469,773.9024658203125,23.24447250366211,257.9928283691406,653.6356811523438,103.84475708007812,6600.35009765625
2025-09-18,237.42745971679688,51.5689697265625,949.717041015625,73.90116119384766,251.9879608154297,67.12734985351562,172.14605712890625,308.7347717285156,65.31234741210938,778.421875,23.341123580932617,267.0140075683594,656.6898803710938,103.17749786376953,6631.9599609375
2025-09-19,245.032958984375,51.68767547607422,948.5203857421875,74.80994415283203,254.89401245117188,67.34949493408203,174.152587890625,310.26251220703125,64.90656280517578,776.5562133789062,23.225143432617188,265.30755615234375,659.9423217773438,101.91268157958984,6664.35986328125
2025-09-22,255.5928192138672,51.36122512817383,940.6423950195312,74.67013549804688,252.53721618652344,67.5909652709961,172.1954803466797,307.9560852050781,63.85744094848633,763.8824462890625,23.23480987548828,269.2693176269531,663.0645751953125,102.40068054199219,6693.75
2025-09-23,253.9459686279297,51.14359664916992,940.9813842773438,74.5003662109375,251.9979248046875,67.8034439086914,174.53805541992188,308.25177001953125,64.67891693115234,754.1387329101562,23.321792602539062,268.9499816894531,659.4551391601562,102.10189819335938,6656.919921875
2025-09-24,251.8300018310547,51.14359664916992,942.6467895507812,73.88118743896484,247.49404907226562,67.5040283203125,174.6468048095703,308.92205810546875,64.87686920166016,759.3899536132812,23.28313446044922,268.5408630371094,657.3569946289062,102.31105041503906,6637.97021484375
2025-09-25,256.3813171386719,51.29197692871094,940.6921997070312,71.40450286865234,246.2357635498047,66.5768051147461,175.6747589111328,308.9516296386719,64.81747436523438,747.6595458984375,22.809545516967773,267.6826171875,654.3242797851562,102.62974548339844,6604.72021484375
2025-09-26,254.97401428222656,51.64810562133789,913.4081420898438,72.36322021484375,246.8449249267578,67.43641662597656,177.6318817138672,311.5241394042969,64.78778839111328,742.5081787109375,22.964187622070312,268.2713928222656,658.072998046875,102.73929595947266,6643.7001953125
2025-09-29,253.9459686279297,51.8558464050293,914.3256225585938,72.99237060546875,244.02874755859375,68.0642318725586,179.519775390625,311.1594543457031,65.74783325195312,742.1587524414062,23.051172256469727,268.3711853027344,659.9224243164062,102.65962219238281,6661.2099609375
2025-09-30,254.14559936523438,51.03478240966797,923.061279296875,74.99969482421875,243.21986389160156,68.55682373046875,183.2758331298828,310.9031677246094,66.71776580810547,733.1538696289062,24.626577377319336,270.556640625,662.4082641601562,102.63969421386719,6688.4599609375
2025-10-01,254.9640350341797,50.13457489013672,914.7943115234375,75.40914916992188,245.2071533203125,68.92384338378906,183.8985595703125,306.2508850097656,65.82701110839844,716.1422729492188,26.29863166809082,275.76580810546875,664.6654052734375,101.54418182373047,6711.2001953125
2025-10-02,256.6408386230469,49.93672561645508,914.2258911132812,76.71739196777344,246.095947265625,68.41194152832031,183.82936096191406,303.1362609863281,65.67854309082031,725.8360595703125,26.17298698425293,281.10467529296875,665.4309692382812,101.28524780273438,6715.35009765625
2025-10-03,257.5291442871094,50.095001220703125,912.8397216796875,76.4577407836914,246.1159210205078,69.74482727050781,186.45860290527344,305.5806579589844,65.6191635131836,709.3735961914062,26.45327377319336,279.3782653808594,665.421142578125,101.65373992919922,6715.7900390625
2025-10-06,256.20166015625,49.847694396972656,908.4120483398438,76.30793762207031,251.1690673828125,69.04940795898438,185.98416137695312,306.2244567871094,64.13456726074219,714.465087890625,25.544757843017578,287.7608337402344,667.8074951171875,102.28116607666016,6740.27978515625
2025-10-07,255.99209594726562,49.7487678527832,912.2612915039062,74.3905029296875,246.79501342773438,68.2960433959961,186.70570373535156,304.7486877441406,66.19320678710938,711.889404296875,25.390117645263672,281.3242492675781,665.3316040039062,102.81896209716797,6714.58984375
2025-10-08,257.569091796875,49.303611755371094,912.2612915039062,75.02964782714844,245.1272735595703,69.05906677246094,187.49647521972656,301.1236877441406,67.42047119140625,716.6414794921875,24.81987762451172,290.9342346191406,669.2990112304688,102.48035430908203,6753.72021484375
2025-10-09,253.55670166015625,49.254150390625,940.2733764648438,74.12086486816406,241.88168334960938,65.03142547607422,188.87039184570312,302.6093444824219,66.86622619628906,732.2852783203125,24.394615173339844,289.5870361328125,667.3600463867188,101.3549575805664,6735.10986328125
2025-10-10,244.80340576171875,48.12642288208008,927.4291381835938,70.91515350341797,237.16807556152344,63.669559478759766,188.51455688476562,298.01373291015625,67.0839614868164,704.1223754882812,23.950023651123047,271.4248046875,649.32275390625,101.42466735839844,6552.509765625
2025-10-13,247.18885803222656,48.33415985107422,932.9637451171875,71.7440414428711,244.30836486816406,64.19113159179688,188.6924591064453,305.0260314941406,66.44063568115234,714.5050048828125,23.901697158813477,284.278076171875,659.2860107421875,101.70353698730469,6654.72021484375
2025-10-14,247.29864501953125,49.550926208496094,943.8833618164062,72.24337768554688,245.8562774658203,64.55815124511719,188.64305114746094,299.19232177734375,68.42009735107422,707.466796875,23.698732376098633,278.4502258300781,658.4805908203125,106.77277374267578,6644.31005859375
2025-10-15,248.86566162109375,51.71735382080078,952.3397827148438,73.12220001220703,251.36878967285156,64.14283752441406,188.9593505859375,302.767822265625,68.39041137695312,716.3519287109375,23.573083877563477,287.0423278808594,661.4039306640625,108.5853500366211,6671.06005859375
2025-10-16,246.97926330566406,49.897151947021484,923.05126953125,73.281982421875,251.53857421875,63.843414306640625,189.8983612060547,295.6861572265625,68.17266845703125,710.881103515625,23.41844367980957,288.3795471191406,656.8995971679688,106.03579711914062,6629.06982421875
2025-10-17,251.81002807617188,50.72811508178711,933.7316284179688,73.95109558105469,253.4459686279297,63.61161422729492,190.9856414794922,294.7155456542969,68.28153228759766,715.7229614257812,23.689067840576172,287.57122802734375,660.62841796875,107.29065704345703,6664.009765625
2025-10-20,261.7411193847656,51.47993850708008,933.51220703125,75.37918853759766,256.6716003417969,63.428096771240234,191.4798583984375,299.4696350097656,68.43989562988281,730.947509765625,23.863039016723633,292.36126708984375,667.499267578125,106.6134262084961,6735.1298828125
2025-10-21,262.27008056640625,50.96553421020508,934.8983154296875,75.99835968017578,250.99929809570312,63.77580261230469,189.66114807128906,294.2500305175781,66.90580749511719,732.0457153320312,24.01767921447754,290.7246398925781,667.4893188476562,105.78681182861328,6735.35009765625
2025-10-22,257.9583435058594,50.550052642822266,942.0584106445312,76.03829193115234,252.18768310546875,64.18146514892578,190.70889282226562,291.2984924316406,67.89554595947266,732.1854248046875,23.892032623291016,283.53961181640625,664.0191040039062,106.70305633544922,6699.39990234375
2025-10-23,259.0861511230469,51.202945709228516,939.4357299804688,77.15680694580078,253.38604736328125,63.99795913696289,190.2443084716797,291.72442626953125,67.9549331665039,732.7744750976562,23.843708038330078,290.4552001953125,667.9566650390625,106.42420196533203,6738.43994140625
2025-10-24,262.3200378417969,52.004234313964844,929.55322265625,78.07099914550781,260.1568603515625,64.71269989013672,188.1982421875,297.5680236816406,66.42084503173828,737.127197265625,23.930694580078125,295.2452392578125,673.4155883789062,105.73701477050781,6791.68994140625
2025-10-27,268.2986145019531,52.44939041137695,927.26953125,78.28080749511719,269.5640869140625,64.90586853027344,188.0994110107422,301.2425231933594,67.3313980102539,749.5663452148438,23.940359115600586,303.4481506347656,681.3603515625,104.04395294189453,6875.16015625
2025-10-28,268.4882507324219,52.301002502441406,921.5953369140625,79.32987976074219,268.0661315917969,67.64891815185547,184.76837158203125,302.4409484863281,66.99488830566406,750.1853637695312,23.679401397705078,303.8173828125,683.1700439453125,102.74925231933594,6890.89013671875
2025-10-29,269.1869201660156,52.01412582397461,909.8878784179688,77.31166076660156,274.7969970703125,68.08354187011719,184.44219970703125,302.58953857421875,65.36183166503906,750.4149169921875,23.476436614990234,308.9566955566406,683.4982299804688,102.04214477539062,6890.58984375
2025-10-30,270.8836669921875,52.45927810668945,917.6264038085938,74.93376922607422,281.5178527832031,67.9676513671875,186.86386108398438,306.48199462890625,64.75809478759766,665.3572387695312,23.476436614990234,304.775390625,675.9810180664062,101.8130874633789,6822.33984375
2025-10-31,269.85565185546875,52.87476348876953,910.20654296875,74.8838119506836,281.43798828125,67.67788696289062,186.68594360351562,308.1459045410156,62.976585388183594,647.2674560546875,23.824377059936523,305.91302490234375,678.1983032226562,100.76736450195312,6840.2001953125
2025-11-03,268.53814697265625,52.98358154296875,926.7738647460938,74.40424346923828,283.73486328125,68.05457305908203,184.1061248779297,306.3928527832031,62.78853225708008,636.645263671875,23.834041595458984,307.7392272949219,679.4711303710938,101.17568969726562,6851.97021484375
2025-11-04,269.5262756347656,52.96379470825195,939.45654296875,74.23439025878906,277.6830749511719,67.46540069580078,184.69918823242188,306.2937927246094,63.10524368286133,626.2725830078125,23.486099243164062,295.6444091796875,671.4169921875,101.85292053222656,6771.5498046875
2025-11-05,269.6260986328125,51.88552474975586,933.75439453125,75.54322814941406,284.364013671875,68.49887084960938,183.84913635253906,308.7005615234375,62.50151062011719,634.88818359375,23.785717010498047,304.83526611328125,673.7437133789062,101.05618286132812,6796.2900390625
2025-11-06,269.25677490234375,52.71648406982422,922.3200073242188,74.10449981689453,284.9532165527344,69.5516586303711,184.8079071044922,310.4239501953125,62.77863693237305,617.9065551757812,24.01767921447754,296.8818054199219,666.514892578125,101.26532745361328,6720.31982421875
2025-11-07,267.9592590332031,52.6274528503418,921.4810791015625,72.98548889160156,279.32086181640625,69.31822204589844,184.4125518798828,311.20635986328125,64.24344635009766,620.6719360351562,24.02751350402832,293.768310546875,667.1710815429688,102.1716079711914,6728.7998046875
2025-11-10,269.1781311035156,52.84508514404297,914.3109130859375,73.41511535644531,290.1960754394531,70.06714630126953,186.2312774658203,313.8607482910156,63.77827072143555,630.7052001953125,23.98817253112793,301.37249755859375,677.5818481445312,102.00231170654297,6832.43017578125
2025-11-11,274.99267578125,53.052825927734375,912.6132202148438,73.34517669677734,291.3445129394531,70.5437240600586,191.58859252929688,312.6028747558594,64.35230255126953,626.0330200195312,25.0897216796875,294.5367126464844,679.1329956054688,103.01815795898438,6846.60986328125
2025-11-12,273.21435546875,53.52765655517578,912.7530517578125,74.91378784179688,287.0403747558594,71.47743225097656,192.14210510253906,317.34710693359375,64.72840881347656,607.9931640625,25.443790435791016,299.0473327636719,679.5109252929688,103.01815795898438,6850.919921875
2025-11-13,272.6948547363281,52.301002502441406,923.8179321289062,73.9046859741211,278.74163818359375,71.1564712524414,192.99217224121094,306.5216064453125,65.29255676269531,608.8717041015625,25.365108489990234,288.7787170410156,668.235107421875,102.121826171875,6737.490234375
2025-11-14,272.15533447265625,52.043800354003906,921.7207641601562,73.08540344238281,276.60455322265625,70.5728988647461,193.664306640625,300.7076721191406,66.37711334228516,608.4424438476562,24.64713478088379,287.92047119140625,668.1256713867188,102.06207275390625,6734.10986328125
2025-11-17,267.2099609375,50.92596435546875,911.344970703125,70.56761932373047,285.2128601074219,69.26959991455078,197.2720947265625,297.4986572265625,65.77015686035156,601.0048217773438,24.666805267333984,282.9707946777344,661.901123046875,102.53014373779297,6672.41015625
2025-11-18,267.19000244140625,51.0842399597168,893.85888671875,70.95728302001953,284.57373046875,67.68423461914062,197.68724060058594,296.5478515625,67.04376983642578,596.6920776367188,25.030710220336914,276.40447998046875,656.3427734375,100.97650909423828,6617.31982421875
2025-11-19,268.3089294433594,51.46015167236328,889.3849487304688,72.24613952636719,292.59283447265625,67.2465591430664,200.168212890625,300.3709411621094,67.07362365722656,589.3343505859375,24.4700984954834,281.02484130859375,658.8783569335938,100.19969177246094,6642.16015625
2025-11-20,266.0010986328125,50.45112609863281,892.0712890625,74.68399047851562,289.5869445800781,65.70982360839844,200.72174072265625,295.5277099609375,65.57115936279297,588.1663208007812,23.99800682067871,267.5429382324219,648.8355712890625,106.67317962646484,6538.759765625
2025-11-21,271.2361755371094,51.005104064941406,897.7835083007812,76.38249206542969,299.2438049316406,67.07148742675781,201.54212951660156,295.171142578125,65.73035430908203,593.2578125,24.627464294433594,270.2672424316406,655.2987670898438,104.8904800415039,6602.990234375
2025-11-24,275.6620788574219,51.37112045288086,884.9110717773438,78.1708984375,318.0382995605469,67.06175994873047,203.6672821044922,295.1513366699219,63.96919250488281,612.0264282226562,24.80449867248535,282.11260986328125,664.9437866210938,103.63561248779297,6705.1201171875
2025-11-25,276.7110900878906,51.915199279785156,893.10986328125,79.88938903808594,323.2012939453125,67.60643005371094,205.57713317871094,300.103515625,65.81990814208984,635.1576538085938,25.296260833740234,282.9907531738281,671.1982421875,106.56362915039062,6765.8798828125
2025-11-26,277.29052734375,52.41971206665039,907.0208740234375,80.55879211425781,319.8458251953125,68.64712524414062,206.46241760253906,304.6991882324219,66.69551849365234,632.5520629882812,25.28642463684082,290.7845458984375,675.8318481445312,108.65506744384766,6812.60986328125
2025-11-28,278.5893249511719,53.07261276245117,912.3436279296875,79.91935729980469,319.6860656738281,69.21124267578125,205.8258056640625,310.087158203125,66.94426727294922,646.8681640625,25.31593132019043,296.1234130859375,679.5208129882812,110.05931854248047,6849.08984375
2025-12-01,282.8353576660156,52.667022705078125,910.7158203125,79.1700210571289,314.69281005859375,69.40576171875,204.254150390625,305.9669494628906,67.21292877197266,639.7999267578125,24.853675842285156,296.30303955078125,676.41845703125,111.07515716552734,6812.6298828125
2025-12-02,285.9224548339844,52.617557525634766,920.7720947265625,80.14915466308594,315.59161376953125,70.02823638916016,204.333740234375,304.9368896484375,66.69551849365234,646.01953125,24.73565101623535,302.2107238769531,677.67138671875,111.95156860351562,6829.3701171875
2025-12-03,283.8843688964844,53.507877349853516,921.0017700195312,83.51617431640625,320.1853942871094,70.0379638671875,204.2442169189453,309.1462707519531,65.86965942382812,638.5320434570312,25.148731231689453,308.7171936035156,680.0180053710938,113.94342041015625,6849.72021484375
2025-12-04,280.4375915527344,53.57712173461914,894.6377563476562,82.44712829589844,317.95843505859375,69.74617767333984,201.40928649902344,313.0783386230469,62.824928283691406,660.425537109375,25.27659034729004,305.64361572265625,680.51513671875,114.37165069580078,6857.1201171875
2025-12-05,278.5193786621094,53.646728515625,893.4594116210938,85.38452911376953,321.65338134765625,69.05562591552734,200.8621826171875,312.0284729003906,62.397071838378906,672.2955932617188,25.601154327392578,308.7571105957031,681.8078002929688,114.64055633544922,6870.39990234375
2025-12-08,277.6302185058594,53.597007751464844,886.3092041015625,83.01661682128906,314.2286376953125,69.0750732421875,200.5538330078125,312.1968078613281,63.0637321472168,665.6866455078125,25.34543800354004,312.1101379394531,679.7594604492188,113.09687042236328,6846.509765625
2025-12-09,276.9208679199219,53.23903274536133,887.2279052734375,82.95667266845703,317.52630615234375,68.85137176513672,198.90261840820312,297.6373596191406,62.58612823486328,655.8631591796875,24.91268539428711,311.5313415527344,679.1727905273438,114.59075927734375,6840.509765625
2025-12-10,278.5193786621094,53.775997161865234,873.217041015625,84.39540100097656,320.7740173339844,72.05127716064453,205.44781494140625,307.1455383300781,60.934410095214844,649.0444946289062,25.35527229309082,315.6726989746094,683.6771850585938,112.71842956542969,6886.68017578125
2025-12-11,277.77008056640625,54.253299713134766,883.2733154296875,85.97401428222656,313.4791564941406,73.17950439453125,208.8994598388672,314.3460693359375,61.89957046508789,651.6201782226562,25.374942779541016,313.866455078125,685.26806640625,115.04888153076172,6901.0
2025-12-12,278.0198669433594,54.83003616333008,883.2633056640625,83.88585662841797,310.3013916015625,72.93635559082031,210.46116638183594,315.4751892089844,62.87467956542969,643.1543579101562,25.42411994934082,298.8577575683594,677.9000854492188,116.46098327636719,6827.41015625
2025-12-15,273.8537292480469,55.01897048950195,859.3859252929688,84.37541961669922,309.10223388671875,73.21841430664062,213.03746032714844,316.9608154296875,62.34732437133789,646.9561157226562,25.994564056396484,297.3907775878906,676.8758544921875,116.5508041381836,6816.509765625
2025-12-16,274.353271484375,54.50189208984375,859.2161865234375,82.1773681640625,307.51336669921875,72.61539459228516,208.19322204589844,312.5335693359375,61.79011535644531,656.587890625,25.109392166137695,296.01763916015625,675.0264282226562,115.18360900878906,6800.259765625
2025-12-17,271.58587646484375,54.24335479736328,861.47314453125,82.3072509765625,297.85015869140625,74.01595306396484,209.2177734375,311.9690246582031,63.4915885925293,648.9443969726562,24.627464294433594,285.05438232421875,667.5986938476562,115.42312622070312,6721.43017578125
2025-12-18,271.935546875,53.95498275756836,856.4200439453125,82.44712829589844,303.5361633300781,74.65788269042969,207.2084503173828,310.0079345703125,62.47667694091797,663.881591796875,24.627464294433594,291.8601989746094,672.6399536132812,114.59481811523438,6774.759765625
2025-12-19,273.4141845703125,54.95930862426758,854.4526977539062,82.81680297851562,308.3927307128906,75.7861099243164,205.27871704101562,314.17767333984375,62.09857177734375,658.2064819335938,24.774993896484375,299.6253967285156,678.7363891601562,114.12578582763672,6834.5
2025-12-22,270.7166748046875,55.565879821777344,848.84033203125,83.86587524414062,311.1108093261719,76.57393646240234,206.22369384765625,320.0014953613281,61.97917175292969,660.9341430664062,24.794662475585938,303.6529235839844,682.96484375,112.369384765625,6878.490234375
2025-12-23,272.1053771972656,55.655372619628906,853.623779296875,83.24642181396484,315.457763671875,77.10887145996094,204.69183349609375,322.8143310546875,61.98912048339844,664.3711547851562,24.4700984954834,304.772216796875,686.0863037109375,110.67286682128906,6909.7900390625
2025-12-24,273.55401611328125,55.93379592895508,870.6705322265625,83.31636047363281,315.4477844238281,77.4006576538086,206.68125915527344,326.02337646484375,62.6159782409668,666.9789428710938,24.617630004882812,305.9515075683594,688.4996948242188,111.38141632080078,6932.0498046875
2025-12-26,273.1444091796875,55.854244232177734,872.158447265625,83.53616333007812,314.7382507324219,77.77997589111328,206.5320587158203,324.7754211425781,62.93437957763672,662.7225952148438,24.676639556884766,305.8515625,688.4298706054688,111.51114654541016,6929.93994140625
2025-12-29,273.50408935546875,55.038856506347656,866.6560668945312,83.07656860351562,314.168701171875,76.69064331054688,206.46241760253906,320.6551818847656,62.397071838378906,658.1265258789062,24.588123321533203,305.13201904296875,685.9765625,112.29953002929688,6905.740234375
2025-12-30,272.82470703125,54.9692497253418,864.4690551757812,83.25641632080078,314.32855224609375,77.10887145996094,205.81585693359375,320.328369140625,62.367225646972656,665.3803100585938,24.57828712463379,304.7322692871094,685.138916015625,111.69078063964844,6896.240234375
2025-12-31,271.6058349609375,54.69082260131836,861.16357421875,81.94757080078125,313.5790710449219,76.51557159423828,205.85565185546875,319.1398010253906,62.16822052001953,659.5253295898438,24.489770889282227,300.9645690917969,680.062744140625,111.18183135986328,6845.5
2026-01-02,270.75665283203125,55.6354866027832,853.334228515625,82.74686431884766,315.0980224609375,78.246826171875,206.2535400390625,322.36865234375,62.64582443237305,649.8535766601562,24.76515769958496,313.4968566894531,681.309326171875,112.52906036376953,6858.47021484375
2026-01-05,267.0101623535156,56.57019805908203,874.5452270507812,84.96490478515625,317.09661865234375,79.0541000366211,203.22959899902344,330.8468322753906,61.481666564941406,658.2264404296875,24.755321502685547,317.8641662597656,685.846923828125,112.47916412353516,6902.0498046875
2026-01-06,262.1147155761719,56.92817687988281,887.886962890625,86.65341186523438,314.32855224609375,79.83219146728516,203.70706176757812,332.90625,61.431915283203125,660.0548706054688,25.01103973388672,328.1478271484375,689.92578125,114.10581970214844,6944.81982421875
2026-01-07,260.08660888671875,55.32722473144531,881.3759155273438,85.68426513671875,322.2030029296875,78.0620346069336,206.39279174804688,325.3250732421875,58.984188079833984,648.1350708007812,24.863510131835938,324.6899719238281,687.701904296875,112.48914337158203,6920.93017578125
2026-01-08,258.7978515625,55.864192962646484,914.0612182617188,88.08214569091797,325.7804870605469,78.28572845458984,204.6619873046875,328.11083984375,59.49164581298828,645.50732421875,24.87334632873535,319.3832092285156,687.632080078125,112.83842468261719,6921.4599609375
2026-01-09,259.1275329589844,55.53604507446289,923.6182250976562,87.23755645751953,328.9082946777344,77.99394989013672,203.30918884277344,327.5138854980469,59.21303939819336,652.5013427734375,25.06021499633789,328.57757568359375,692.1796264648438,114.2954330444336,6966.27978515625
2026-01-12,260.0067138671875,54.879756927490234,941.7933959960938,86.85774230957031,332.4957580566406,79.0832748413086,208.6110076904297,322.8377990722656,60.805057525634766,641.4207763671875,24.853675842285156,330.1466064453125,693.2666625976562,117.7283935546875,6977.27001953125
2026-01-13,260.8059387207031,54.2334098815918,940.6448974609375,84.72877502441406,336.1931457519531,79.28752136230469,212.5202178955078,309.3169860839844,61.163265228271484,630.5501708984375,24.73565101623535,333.0947570800781,691.8804931640625,120.11349487304688,6963.740234375
2026-01-14,259.71697998046875,52.18498992919922,949.6825561523438,85.2585220336914,336.0732421875,79.52095794677734,217.39430236816406,306.30242919921875,62.148319244384766,614.9934692382812,25.158567428588867,331.6956481933594,688.479736328125,119.79415130615234,6926.60009765625
2026-01-15,257.9685974121094,52.29437255859375,955.4447021484375,82.46987915039062,332.92547607421875,80.56165313720703,218.40892028808594,307.68536376953125,62.17817306518555,620.2689208984375,25.463459014892578,337.0123596191406,690.3546142578125,118.95586395263672,6944.47021484375
2026-01-16,255.29112243652344,52.672237396240234,962.2953491210938,81.71025085449219,330.1074523925781,80.26986694335938,217.50372314453125,310.8789978027344,62.87467956542969,619.7194213867188,25.227413177490234,342.2591247558594,689.7761840820312,119.45484161376953,6940.009765625
2026-01-20,246.46937561035156,51.807125091552734,962.9444580078125,78.79167175292969,321.9331970214844,80.24069213867188,217.0561065673828,301.19854736328125,62.83488082885742,603.6032104492188,25.09955596923828,337.1423034667969,675.7345581054688,118.46687316894531,6796.85986328125
2026-01-21,247.41848754882812,51.77729415893555,981.5191040039062,81.06056213378906,328.1488342285156,80.89234161376953,216.85716247558594,300.50213623046875,63.601036071777344,612.4356689453125,25.463459014892578,347.9256591796875,683.5332641601562,119.11553955078125,6875.6201171875
2026-01-22,248.1178436279297,52.15515899658203,974.8381958007812,81.85018157958984,330.6070861816406,81.45645904541016,217.33462524414062,302.0840148925781,62.33737564086914,647.0759887695312,25.670000076293945,348.455322265625,687.103515625,117.58867645263672,6913.35009765625
2026-01-23,247.80812072753906,51.429264068603516,981.9085693359375,79.73120880126953,328.19879150390625,81.6412582397461,218.97589111328125,296.2041015625,63.92938995361328,658.1964721679688,25.649999618530273,344.49774169921875,687.352783203125,117.48888397216797,6915.60986328125
2026-01-26,255.17123413085938,51.727577209472656,976.336181640625,80.23096466064453,333.35516357421875,82.75975799560547,220.3187713623047,299.5072021484375,63.37218475341797,671.7847900390625,25.8799991607666,342.8587646484375,690.84326171875,117.39906311035156,6950.22998046875
2026-01-27,258.0285339355469,51.876731872558594,968.956298828125,80.28094482421875,334.76416015625,86.066650390625,223.25315856933594,298.7809143066406,61.80006790161133,672.394287109375,26.5,350.86383056640625,693.5957641601562,116.70050048828125,6978.60009765625
2026-01-28,256.2002868652344,51.51875686645508,959.46923828125,79.2214584350586,336.04327392578125,84.6174545288086,226.5158233642578,299.2385559082031,61.51151657104492,668.1578979492188,25.860000610351562,360.238037109375,693.5259399414062,116.33125305175781,6978.02978515625
2026-01-29,258.0385437011719,52.781620025634766,951.5899658203125,78.74169158935547,338.4216003417969,86.11528015136719,226.0880889892578,304.8598327636719,61.441864013671875,737.6784057617188,26.100000381469727,360.90765380859375,692.1497192382812,117.16954040527344,6969.009765625
2026-01-30,259.2374267578125,52.900943756103516,940.25,78.93160247802734,338.29168701171875,85.59979248046875,226.0482940673828,304.33251953125,62.536373138427734,715.8870849609375,26.440000534057617,346.0867614746094,690.0853271484375,118.89598846435547,6939.02978515625
2026-02-02,269.7575988769531,53.72627639770508,968.3599853515625,80.071044921875,344.6571960449219,87.14624786376953,229.52980041503906,306.5710754394531,62.745330810546875,705.8056640625,26.65999984741211,352.47283935546875,693.5159912109375,123.80591583251953,6976.43994140625
2026-02-03,269.22808837890625,54.143917083740234,977.9199829101562,78.74169158935547,340.4601745605469,86.5432357788086,231.86737060546875,313.24688720703125,63.849788665771484,691.1082763671875,25.770000457763672,345.42718505859375,687.6520385742188,127.44844055175781,6917.81005859375
2026-02-04,276.23150634765625,55.06869125366211,978.3499755859375,82.5898208618164,333.1053161621094,86.96145629882812,233.23011779785156,315.654541015625,66.46666717529297,668.417724609375,26.780000686645508,330.17657470703125,684.3211059570312,127.73784637451172,6882.72021484375
2026-02-05,275.6520690917969,54.631160736083984,989.2899780273438,82.26997375488281,331.09674072265625,84.49101257324219,236.53256225585938,308.5807800292969,66.33731079101562,669.63671875,26.489999771118164,330.62628173828125,675.7744750976562,126.68002319335938,6798.39990234375
2026-02-06,277.8599853515625,56.212223052978516,1001.1599731445312,80.61078643798828,322.87255859375,86.84474182128906,238.72093200683594,320.7584533691406,67.16316986083984,660.8941650390625,27.219999313354492,348.2954406738281,688.739013671875,130.9113311767578,6932.2998046875
2026-02-09,274.6199951171875,56.092899322509766,997.5900268554688,79.04154968261719,324.171630859375,88.23558044433594,237.37806701660156,320.4599914550781,69.75019836425781,676.640625,27.049999237060547,352.55279541015625,692.0599975585938,128.75576782226562,6964.81982421875
2026-02-10,273.67999267578125,55.07863235473633,971.22998046875,79.18148040771484,318.40570068359375,87.03926086425781,237.08961486816406,316.659423828125,67.68057250976562,670.1461791992188,27.610000610351562,351.213623046875,690.2349243164062,126.44050598144531,6941.81005859375
2026-02-11,275.5,53.54728698730469,978.1400146484375,79.16148376464844,311.1108093261719,86.97117614746094,239.58633422851562,309.2374267578125,68.31739044189453,668.1179809570312,27.729999542236328,359.9782409667969,690.075439453125,128.5062713623047,6941.47021484375
2026-02-12,261.7300109863281,52.22476577758789,998.8599853515625,78.61175537109375,309.1521911621094,84.4132080078125,243.25682067871094,301.09906005859375,69.79000091552734,649.254150390625,27.469999313354492,351.2835693359375,679.41455078125,133.3662872314453,6832.759765625
2026-02-13,255.77999877929688,52.25459671020508,1018.47998046875,80.30093383789062,305.8045654296875,82.818115234375,242.16262817382812,301.0094909667969,71.25,639.2227172851562,27.579999923706055,354.4416198730469,679.8931884765625,133.61578369140625,6836.169921875
2026-02-17,263.8800048828125,52.44353103637695,1012.0499877929688,81.57032012939453,302.6068115234375,84.19922637939453,242.04327392578125,305.5661926269531,69.66000366210938,638.7431030273438,27.3700008392334,353.8819885253906,680.9901733398438,128.5861053466797,6843.22021484375
2026-02-18,264.3500061035156,53.06004333496094,996.0800170898438,82.90966033935547,303.7260437011719,85.68732452392578,243.6945037841797,307.2077941894531,68.86000061035156,642.6697387695312,27.3700008392334,357.69964599609375,684.4208374023438,126.36067199707031,6881.31005859375
2026-02-19,260.5799865722656,52.47336196899414,987.8200073242188,82.96963500976562,303.3462829589844,84.46183013916016,245.60433959960938,306.48150634765625,67.62999725341797,644.2284545898438,26.860000610351562,355.62091064453125,682.61572265625,124.6142578125,6861.89013671875
2026-02-20,264.5799865722656,52.7617301940918,985.27001953125,84.18904876708984,314.6783142089844,85.7359619140625,241.2077178955078,309.20758056640625,66.36000061035156,655.09912109375,26.649999618530273,359.20867919921875,687.5523071289062,122.73810577392578,6909.509765625
2026-02-23,266.17999267578125,50.78291702270508,986.02001953125,83.81922149658203,311.4705810546875,85.00650024414062,244.5399932861328,296.1543884277344,68.26000213623047,636.7048950195312,27.059999465942383,356.6003112792969,680.531494140625,125.55233001708984,6837.75
2026-02-24,272.1400146484375,50.126625061035156,998.4299926757812,84.0091323852539,310.7011413574219,85.47335052490234,246.27999877929688,295.7862243652344,69.76000213623047,638.7531127929688,27.139999389648438,361.8171081542969,685.4779052734375,126.49040985107422,6890.06982421875
2026-02-25,274.2300109863281,51.39942932128906,994.760009765625,83.9891357421875,312.80963134765625,91.62027740478516,245.1699981689453,301.75567626953125,67.58999633789062,653.1307983398438,27.09000015258789,367.7734069824219,691.26220703125,125.4924545288086,6946.1298828125
2026-02-26,272.95001220703125,52.00600051879883,986.739990234375,83.87918853759766,306.93377685546875,91.91206359863281,243.47000122070312,304.5712890625,67.18000030517578,656.447998046875,27.100000381469727,356.5802917480469,687.422607421875,124.16517639160156,6908.85986328125
2026-02-27,264.17999267578125,49.549888610839844,1010.7899780273438,84.22901916503906,311.21075439453125,90.6087646484375,248.42999267578125,298.7709655761719,68.23999786376953,647.62548828125,27.649999618530273,352.0730895996094,684.1216430664062,127.68794250488281,6878.8798828125
2026-03-02,264.7200012207031,49.53000259399414,1002.77001953125,80.12102508544922,306.1443176269531,87.27269744873047,248.55999755859375,296.044921875,69.05000305175781,653.0009155273438,27.260000228881836,351.8332214355469,684.5106201171875,126.83969116210938,6881.6201171875
2026-03-03,263.75,49.68910217285156,1007.77001953125,78.09200286865234,303.3462829589844,83.1488037109375,246.75,298.7311706542969,68.63999938964844,654.5196533203125,26.579999923706055,334.5738830566406,678.4771118164062,127.64803314208984,6816.6298828125
2026-03-04,262.5199890136719,50.017242431640625,1006.739990234375,78.98157501220703,303.23638916015625,84.80225372314453,245.3000030517578,297.8656311035156,67.98999786376953,667.1587524414062,26.6200008392334,341.3297119140625,683.2639770507812,127.54823303222656,6869.5
2026-03-05,260.2900085449219,49.53000259399414,982.5700073242188,77.07250213623047,300.6981506347656,83.40168762207031,239.6300048828125,292.0553283691406,71.56999969482422,660.0049438476562,26.610000610351562,337.5520324707031,679.4544067382812,123.05744934082031,6830.7099609375
2026-03-06,257.4599914550781,48.63999938964844,998.0999755859375,74.23387908935547,298.0899963378906,81.74824523925781,240.39999389648438,288.0060729980469,74.11000061035156,644.308349609375,27.049999237060547,323.3108215332031,670.5487060546875,123.54644775390625,6740.02001953125
2026-03-09,259.8800048828125,47.900001525878906,1005.2999877929688,75.59322357177734,306.010009765625,83.1488037109375,242.58999633789062,288.44384765625,73.37000274658203,646.836181640625,26.809999465942383,336.1628723144531,676.4227294921875,124.08534240722656,6795.990234375
2026-03-10,260.8299865722656,48.560001373291016,997.3599853515625,72.69464111328125,306.92999267578125,83.48921966552734,243.7100067138672,287.2598876953125,72.23999786376953,653.510498046875,27.15999984741211,338.60137939453125,675.3356323242188,124.8637466430664,6781.47998046875
2026-03-11,260.80999755859375,48.52000045776367,992.22998046875,72.61467742919922,308.4200134277344,83.61566162109375,242.99000549316406,286.0560302734375,72.19000244140625,654.2998046875,27.299999237060547,341.8793640136719,674.4879760742188,123.2370834350586,6775.7998046875
2026-03-12,255.75999450683594,47.130001068115234,1003.3200073242188,70.29580688476562,303.2099914550781,79.91000366210938,242.0399932861328,281.44964599609375,74.95999908447266,637.6340942382812,26.860000610351562,329.9866943359375,664.2459106445312,125.07331848144531,6672.6201171875
2026-03-13,250.1199951171875,46.720001220703125,1008.4299926757812,70.73558807373047,301.4599914550781,78.19000244140625,241.52000427246094,281.996826171875,75.5999984741211,613.1849975585938,26.579999923706055,331.1159973144531,660.4862060546875,126.26087188720703,6632.18994140625
2026-03-16,252.82000732421875,47.060001373291016,1001.739990234375,72.13490295410156,304.4200134277344,80.30999755859375,243.19000244140625,284.7029724121094,74.48999786376953,627.4500122070312,26.610000610351562,337.6219787597656,667.2078857421875,125.73196411132812,6699.3798828125
2026-03-17,254.22999572753906,47.279998779296875,996.1599731445312,72.30481719970703,309.4100036621094,80.9000015258789,238.11000061035156,285.42926025390625,74.12000274658203,622.6599731445312,27.450000762939453,340.25,668.9630126953125,124.8238296508789,6716.08984375
2026-03-18,249.94000244140625,46.83000183105469,979.9199829101562,70.2158432006836,306.29998779296875,79.94000244140625,237.27999877929688,286.27490234375,73.27999877929688,615.6799926757812,27.31999969482422,338.2900085449219,659.6285400390625,121.73017883300781,6624.7001953125
2026-03-19,248.9600067138672,47.0099983215332,974.780029296875,70.34577178955078,305.7300109863281,79.45999908447266,237.60000610351562,286.5037536621094,73.76000213623047,606.7000122070312,27.40999984741211,340.20001220703125,658.0029907226562,120.84199523925781,6606.490234375
2026-03-20,247.99000549316406,47.15999984741211,972.3300170898438,69.61613464355469,298.7900085449219,76.94999694824219,235.3699951171875,285.1009216308594,73.19999694824219,593.6599731445312,26.969999313354492,332.510009765625,648.5700073242188,119.0199966430664,6506.47998046875
2026-03-23,251.49000549316406,47.52000045776367,965.72998046875,71.61515808105469,299.0199890136719,79.83000183105469,235.4199981689453,288.4338684082031,72.69999694824219,604.0599975585938,26.770000457763672,336.5899963378906,655.3800048828125,120.72000122070312,6581.0
2026-03-24,251.63999938964844,48.13999938964844,973.8200073242188,70.92549133300781,289.20001220703125,79.2699966430664,235.27000427246094,290.91119384765625,71.87999725341797,592.9199829101562,26.959999084472656,341.0199890136719,653.1799926757812,122.05000305175781,6556.3701171875
2026-03-25,252.6199951171875,48.75,974.8599853515625,72.16488647460938,289.5899963378906,81.22000122070312,239.92999267578125,293.91583251953125,70.36000061035156,594.8900146484375,27.280000686645508,345.25,656.8200073242188,123.05999755859375,6591.89990234375
2026-03-26,252.88999938964844,48.2400016784668,979.6500244140625,71.50521087646484,280.739990234375,79.62999725341797,239.24000549316406,290.1749572753906,71.79000091552734,547.5399780273438,27.56999969482422,328.8500061035156,645.0900268554688,122.18000030517578,6477.16015625
2026-03-27,248.8000030517578,46.970001220703125,983.8599853515625,69.19634246826172,273.760009765625,79.19000244140625,240.4499969482422,281.3998718261719,73.22000122070312,525.719970703125,27.040000915527344,323.4800109863281,634.0900268554688,122.88999938964844,6368.85009765625
2026-03-30,246.6300048828125,47.22999954223633,996.5800170898438,68.73655700683594,273.1400146484375,79.3499984741211,242.49000549316406,282.32513427734375,73.72000122070312,536.3800048828125,27.770000457763672,309.7900085449219,631.969970703125,123.5,6343.72021484375
2026-03-31,253.7899932861328,48.75,996.4299926757812,71.1453857421875,286.8599853515625,82.48999786376953,244.44000244140625,292.6622314453125,72.36000061035156,572.1300048828125,28.079999923706055,328.6600036621094,650.3400268554688,124.27999877929688,6528.52001953125
2026-04-01,255.6300048828125,49.27000045776367,996.5599975585938,71.94499969482422,294.8999938964844,85.45999908447266,244.1199951171875,293.87603759765625,70.54000091552734,579.22998046875,28.549999237060547,338.5400085449219,655.239990234375,124.73999786376953,6575.31982421875
2026-04-02,255.9199981689453,49.380001068115234,1014.9600219726562,70.3499984741211,294.4599914550781,84.41000366210938,243.0399932861328,293.1000061035156,72.3499984741211,574.4600219726562,28.31999969482422,339.6099853515625,655.8300170898438,125.79000091552734,6582.68994140625
2026-04-06,258.8599853515625,50.060001373291016,1018.5499877929688,70.4000015258789,297.6600036621094,84.63999938964844,240.97000122070312,295.45001220703125,73.02999877929688,573.02001953125,27.829999923706055,344.1000061035156,658.9299926757812,126.79000091552734,6611.830078125
2026-04-07,253.5,50.279998779296875,1013.2100219726562,69.7300033569336,303.92999267578125,85.1500015258789,238.41000366210938,297.3999938964844,72.68000030517578,575.0499877929688,27.100000381469727,347.760009765625,659.219970703125,122.48999786376953,6616.85009765625
2026-04-08,258.8999938964844,51.880001068115234,1030.27001953125,73.75,314.739990234375,90.2699966430664,241.3000030517578,307.9700012207031,70.95999908447266,612.4199829101562,27.469999313354492,370.3999938964844,676.010009765625,127.26000213623047,6782.81005859375
2026-04-09,260.489990234375,52.709999084472656,1032.030029296875,72.91000366210938,316.3699951171875,90.2699966430664,241.30999755859375,310.3299865722656,70.3499984741211,628.3900146484375,27.219999313354492,378.6300048828125,679.9099731445312,129.1300048828125,6824.66015625
2026-04-10,259.55499267578125,52.73500061035156,998.16650390625,73.06999969482422,315.010009765625,90.33999633789062,238.2100067138672,309.7900085449219,68.13500213623047,625.5150146484375,26.864999771118164,388.2300109863281,679.2999877929688,126.51000213623047,6816.72998046875
